donor_id,recipient_id,blood_match,distance_km,days_since_donation,urgency_score,is_eligible,compatibility
D001,R001,1,0.72,298,10,1,1
D002,R001,0,1032.37,492,10,1,0
D003,R001,0,1151.76,609,10,0,0
D004,R001,0,119.4,356,10,0,0
D005,R001,0,838.05,723,10,0,0
D006,R001,0,1153.0,294,10,0,0
D007,R001,0,617.5,529,10,0,0
D008,R001,1,1151.29,581,10,1,1
D009,R001,1,1025.58,317,10,0,0
D010,R001,0,1026.58,63,10,0,0
D011,R001,0,1661.55,603,10,0,0
D012,R001,0,617.66,140,10,1,0
D013,R001,0,448.36,276,10,0,0
D014,R001,1,839.55,81,10,1,1
D015,R001,1,838.16,557,10,1,1
D016,R001,1,1157.4,422,10,1,1
D017,R001,0,449.53,519,10,1,0
D018,R001,1,1150.41,75,10,0,0
D019,R001,1,845.01,525,10,1,1
D020,R001,0,441.48,603,10,1,0
D021,R001,0,9.66,657,10,0,0
D022,R001,0,617.08,134,10,1,0
D023,R001,0,1.48,616,10,1,0
D024,R001,0,1030.27,219,10,1,0
D025,R001,1,838.26,105,10,0,0
D026,R001,1,1154.11,212,10,1,1
D027,R001,1,617.71,165,10,1,1
D028,R001,0,118.92,400,10,1,0
D029,R001,1,120.84,287,10,0,0
D030,R001,1,443.28,345,10,1,1
D031,R001,0,121.26,99,10,0,0
D032,R001,0,122.45,592,10,0,0
D033,R001,1,840.58,394,10,0,0
D034,R001,0,1654.92,371,10,0,0
D035,R001,1,118.49,708,10,1,1
D036,R001,1,9.83,134,10,1,1
D037,R001,1,839.41,590,10,1,1
D038,R001,0,835.94,576,10,0,0
D039,R001,0,449.41,139,10,1,0
D040,R001,0,843.0,615,10,1,0
D041,R001,1,1032.53,459,10,0,0
D042,R001,0,120.96,474,10,0,0
D043,R001,1,449.51,532,10,1,1
D044,R001,1,1654.75,612,10,1,1
D045,R001,0,618.15,304,10,1,0
D046,R001,1,6.16,86,10,0,0
D047,R001,1,121.52,183,10,1,1
D048,R001,1,1031.57,710,10,0,0
D049,R001,1,447.51,334,10,0,0
D050,R001,1,836.49,246,10,1,1
D051,R001,1,618.91,560,10,1,1
D052,R001,0,841.34,655,10,1,0
D053,R001,0,624.28,182,10,1,0
D054,R001,0,1151.42,429,10,1,0
D055,R001,0,1026.47,351,10,1,0
D056,R001,1,443.09,114,10,0,0
D057,R001,0,1654.51,662,10,0,0
D058,R001,0,1653.63,237,10,1,0
D059,R001,0,1148.37,330,10,1,0
D060,R001,1,843.06,642,10,0,0
D061,R001,1,440.87,502,10,1,1
D062,R001,1,1654.19,239,10,0,0
D063,R001,1,450.01,167,10,0,0
D064,R001,1,621.8,178,10,0,0
D065,R001,1,120.16,570,10,0,0
D066,R001,1,1033.61,305,10,1,1
D067,R001,1,1658.55,358,10,1,1
D068,R001,0,1657.56,484,10,1,0
D069,R001,1,1656.4,400,10,0,0
D070,R001,0,117.57,450,10,1,0
D071,R001,1,1151.8,207,10,0,0
D072,R001,1,1150.4,449,10,0,0
D073,R001,0,449.64,708,10,1,0
D074,R001,0,5.96,603,10,1,0
D075,R001,0,1148.64,321,10,0,0
D076,R001,0,449.49,369,10,1,0
D077,R001,0,113.47,341,10,1,0
D078,R001,0,1030.08,316,10,1,0
D079,R001,0,1156.52,485,10,1,0
D080,R001,0,1158.02,362,10,1,0
D081,R001,1,620.18,330,10,1,1
D082,R001,0,443.54,694,10,0,0
D083,R001,0,617.31,98,10,1,0
D084,R001,1,441.1,561,10,1,1
D085,R001,1,1655.63,427,10,0,0
D086,R001,1,1653.46,188,10,1,1
D087,R001,0,847.67,343,10,0,0
D088,R001,0,1158.77,662,10,0,0
D089,R001,1,1149.8,575,10,1,1
D090,R001,1,1032.75,496,10,1,1
D091,R001,0,447.56,392,10,0,0
D092,R001,0,1658.88,407,10,0,0
D093,R001,0,115.7,155,10,1,0
D094,R001,1,621.05,493,10,0,0
D095,R001,1,1028.47,629,10,1,1
D096,R001,1,1661.17,376,10,0,0
D097,R001,1,626.98,489,10,1,1
D098,R001,1,1153.18,143,10,1,1
D099,R001,1,118.51,558,10,1,1
D100,R001,0,1655.91,182,10,0,0
D101,R001,0,119.64,506,10,0,0
D102,R001,1,9.65,692,10,1,1
D103,R001,1,626.44,232,10,1,1
D104,R001,0,5.86,237,10,1,0
D105,R001,1,4.83,214,10,1,1
D106,R001,0,444.66,353,10,1,0
D107,R001,1,6.81,252,10,1,1
D108,R001,1,444.88,509,10,1,1
D109,R001,1,1153.88,455,10,1,1
D110,R001,1,1152.26,377,10,0,0
D111,R001,1,622.19,376,10,1,1
D112,R001,0,845.23,599,10,0,0
D113,R001,0,621.46,303,10,0,0
D114,R001,1,1661.31,511,10,0,0
D115,R001,0,1658.53,440,10,1,0
D116,R001,1,7.87,287,10,0,0
D117,R001,1,619.22,161,10,0,0
D118,R001,0,616.89,141,10,1,0
D119,R001,0,839.42,489,10,1,0
D120,R001,0,440.09,421,10,1,0
D121,R001,1,122.21,456,10,0,0
D122,R001,1,1657.0,406,10,0,0
D123,R001,0,1157.72,97,10,0,0
D124,R001,1,1032.1,352,10,1,1
D125,R001,1,1027.01,569,10,1,1
D126,R001,0,1660.84,362,10,1,0
D127,R001,1,120.28,118,10,0,0
D128,R001,1,122.49,720,10,1,1
D129,R001,1,112.28,467,10,0,0
D130,R001,1,1653.49,279,10,0,0
D131,R001,0,1663.35,387,10,1,0
D132,R001,0,5.89,265,10,1,0
D133,R001,0,836.47,550,10,1,0
D134,R001,0,113.32,715,10,1,0
D135,R001,0,1154.55,414,10,0,0
D136,R001,0,1656.13,654,10,1,0
D137,R001,0,621.02,714,10,0,0
D138,R001,1,1656.22,485,10,1,1
D139,R001,0,841.26,635,10,1,0
D140,R001,1,840.92,223,10,0,0
D141,R001,1,619.18,528,10,0,0
D142,R001,1,838.47,501,10,0,0
D143,R001,0,1661.06,576,10,1,0
D144,R001,0,1659.84,207,10,0,0
D145,R001,1,114.78,395,10,0,0
D146,R001,1,627.65,399,10,1,1
D147,R001,1,121.3,652,10,0,0
D148,R001,0,1027.74,172,10,1,0
D149,R001,1,443.36,634,10,1,1
D150,R001,0,445.58,312,10,1,0
D151,R001,1,1662.11,340,10,0,0
D152,R001,1,115.95,512,10,1,1
D153,R001,1,441.77,603,10,1,1
D154,R001,1,845.57,547,10,0,0
D155,R001,0,838.45,240,10,0,0
D156,R001,0,1026.59,169,10,0,0
D157,R001,1,627.22,226,10,1,1
D158,R001,0,1653.48,475,10,0,0
D159,R001,0,624.68,333,10,0,0
D160,R001,1,1658.82,574,10,0,0
D161,R001,0,1659.71,680,10,1,0
D162,R001,1,447.82,637,10,0,0
D163,R001,0,839.21,116,10,1,0
D164,R001,1,115.14,652,10,0,0
D165,R001,1,115.82,198,10,1,1
D166,R001,1,123.27,242,10,0,0
D167,R001,0,120.94,604,10,0,0
D168,R001,1,843.39,76,10,1,1
D169,R001,1,3.37,117,10,0,0
D170,R001,0,1661.56,593,10,1,0
D171,R001,1,1658.02,718,10,1,1
D172,R001,0,619.94,534,10,0,0
D173,R001,1,117.13,255,10,1,1
D174,R001,0,119.03,370,10,0,0
D175,R001,0,1030.61,389,10,1,0
D176,R001,1,120.53,387,10,0,0
D177,R001,1,617.6,448,10,0,0
D178,R001,1,843.1,233,10,1,1
D179,R001,1,441.4,705,10,1,1
D180,R001,1,1148.65,481,10,1,1
D181,R001,0,1655.84,306,10,1,0
D182,R001,0,1656.24,142,10,1,0
D183,R001,0,1033.02,399,10,0,0
D184,R001,1,11.43,347,10,0,0
D185,R001,1,1036.25,640,10,0,0
D186,R001,1,118.43,137,10,1,1
D187,R001,0,114.94,250,10,0,0
D188,R001,0,122.32,458,10,0,0
D189,R001,1,6.35,584,10,0,0
D190,R001,1,1034.48,632,10,0,0
D191,R001,1,839.35,491,10,1,1
D192,R001,1,7.35,465,10,1,1
D193,R001,0,115.8,265,10,0,0
D194,R001,0,1160.2,462,10,0,0
D195,R001,1,841.57,130,10,0,0
D196,R001,1,114.71,550,10,1,1
D197,R001,1,121.45,423,10,0,0
D198,R001,1,1031.78,582,10,1,1
D199,R001,0,841.89,147,10,0,0
D200,R001,1,1151.48,128,10,1,1
D001,R002,0,1153.75,298,5,1,0
D002,R002,0,1756.42,492,5,1,0
D003,R002,0,5.64,609,5,0,0
D004,R002,0,1178.15,356,5,0,0
D005,R002,0,1736.32,723,5,0,0
D006,R002,0,0.86,294,5,0,0
D007,R002,0,1256.78,529,5,0,0
D008,R002,1,4.07,581,5,1,1
D009,R002,1,1752.08,317,5,0,0
D010,R002,0,1753.99,63,5,0,0
D011,R002,0,1304.94,603,5,0,0
D012,R002,0,1255.86,140,5,1,0
D013,R002,0,769.45,276,5,0,0
D014,R002,0,1738.03,81,5,1,0
D015,R002,0,1739.32,557,5,1,0
D016,R002,0,5.71,422,5,1,0
D017,R002,0,774.55,519,5,1,0
D018,R002,0,3.14,75,5,0,0
D019,R002,0,1744.13,525,5,1,0
D020,R002,0,779.49,603,5,1,0
D021,R002,0,1146.02,657,5,0,0
D022,R002,0,1251.02,134,5,1,0
D023,R002,0,1153.49,616,5,1,0
D024,R002,0,1754.94,219,5,1,0
D025,R002,0,1737.93,105,5,0,0
D026,R002,0,1.16,212,5,1,0
D027,R002,0,1254.86,165,5,1,0
D028,R002,0,1167.25,400,5,1,0
D029,R002,0,1168.75,287,5,0,0
D030,R002,1,774.61,345,5,1,1
D031,R002,0,1170.12,99,5,0,0
D032,R002,0,1173.86,592,5,0,0
D033,R002,0,1741.83,394,5,0,0
D034,R002,0,1302.58,371,5,0,0
D035,R002,0,1169.68,708,5,1,0
D036,R002,0,1143.71,134,5,1,0
D037,R002,0,1737.96,590,5,1,0
D038,R002,0,1735.69,576,5,0,0
D039,R002,0,770.11,139,5,1,0
D040,R002,0,1742.91,615,5,1,0
D041,R002,1,1759.74,459,5,0,0
D042,R002,0,1171.95,474,5,0,0
D043,R002,0,768.5,532,5,1,0
D044,R002,1,1303.83,612,5,1,1
D045,R002,0,1258.74,304,5,1,0
D046,R002,0,1148.4,86,5,0,0
D047,R002,0,1173.52,183,5,1,0
D048,R002,1,1758.22,710,5,0,0
D049,R002,1,773.67,334,5,0,0
D050,R002,1,1736.65,246,5,1,1
D051,R002,0,1252.68,560,5,1,0
D052,R002,0,1738.34,655,5,1,0
D053,R002,0,1257.24,182,5,1,0
D054,R002,0,5.65,429,5,1,0
D055,R002,0,1753.71,351,5,1,0
D056,R002,0,773.84,114,5,0,0
D057,R002,0,1305.94,662,5,0,0
D058,R002,0,1301.37,237,5,1,0
D059,R002,0,6.22,330,5,1,0
D060,R002,0,1741.26,642,5,0,0
D061,R002,1,777.44,502,5,1,1
D062,R002,0,1306.14,239,5,0,0
D063,R002,0,773.31,167,5,0,0
D064,R002,0,1257.12,178,5,0,0
D065,R002,0,1168.2,570,5,0,0
D066,R002,0,1760.02,305,5,1,0
D067,R002,0,1305.7,358,5,1,0
D068,R002,0,1305.92,484,5,1,0
D069,R002,0,1301.74,400,5,0,0
D070,R002,0,1174.05,450,5,1,0
D071,R002,0,2.94,207,5,0,0
D072,R002,0,6.89,449,5,0,0
D073,R002,0,774.58,708,5,1,0
D074,R002,0,1147.8,603,5,1,0
D075,R002,0,4.91,321,5,0,0
D076,R002,0,770.47,369,5,1,0
D077,R002,0,1170.44,341,5,1,0
D078,R002,0,1752.65,316,5,1,0
D079,R002,0,5.65,485,5,1,0
D080,R002,0,5.93,362,5,1,0
D081,R002,1,1252.75,330,5,1,1
D082,R002,0,774.86,694,5,0,0
D083,R002,0,1251.26,98,5,1,0
D084,R002,0,780.21,561,5,1,0
D085,R002,0,1307.31,427,5,0,0
D086,R002,0,1304.22,188,5,1,0
D087,R002,0,1745.28,343,5,0,0
D088,R002,0,5.26,662,5,0,0
D089,R002,1,3.76,575,5,1,1
D090,R002,0,1754.96,496,5,1,0
D091,R002,0,773.58,392,5,0,0
D092,R002,0,1306.75,407,5,0,0
D093,R002,0,1175.14,155,5,1,0
D094,R002,0,1252.76,493,5,0,0
D095,R002,0,1751.74,629,5,1,0
D096,R002,0,1307.74,376,5,0,0
D097,R002,0,1262.01,489,5,1,0
D098,R002,0,4.32,143,5,1,0
D099,R002,0,1173.37,558,5,1,0
D100,R002,0,1307.44,182,5,0,0
D101,R002,0,1176.86,506,5,0,0
D102,R002,0,1143.93,692,5,1,0
D103,R002,1,1261.08,232,5,1,1
D104,R002,0,1148.84,237,5,1,0
D105,R002,1,1150.26,214,5,1,1
D106,R002,0,776.86,353,5,1,0
D107,R002,0,1146.75,252,5,1,0
D108,R002,0,772.42,509,5,1,0
D109,R002,0,6.1,455,5,1,0
D110,R002,0,3.46,377,5,0,0
D111,R002,0,1252.87,376,5,1,0
D112,R002,0,1742.25,599,5,0,0
D113,R002,0,1252.11,303,5,0,0
D114,R002,0,1306.46,511,5,0,0
D115,R002,0,1303.89,440,5,1,0
D116,R002,0,1145.72,287,5,0,0
D117,R002,0,1251.29,161,5,0,0
D118,R002,0,1252.54,141,5,1,0
D119,R002,0,1736.71,489,5,1,0
D120,R002,0,777.12,421,5,1,0
D121,R002,0,1175.89,456,5,0,0
D122,R002,0,1302.82,406,5,0,0
D123,R002,0,4.64,97,5,0,0
D124,R002,1,1754.22,352,5,1,1
D125,R002,1,1752.36,569,5,1,1
D126,R002,0,1305.68,362,5,1,0
D127,R002,1,1176.77,118,5,0,0
D128,R002,0,1173.63,720,5,1,0
D129,R002,0,1169.64,467,5,0,0
D130,R002,0,1303.78,279,5,0,0
D131,R002,0,1308.66,387,5,1,0
D132,R002,0,1148.27,265,5,1,0
D133,R002,0,1737.08,550,5,1,0
D134,R002,0,1170.86,715,5,1,0
D135,R002,0,5.81,414,5,0,0
D136,R002,0,1301.31,654,5,1,0
D137,R002,0,1252.43,714,5,0,0
D138,R002,0,1302.99,485,5,1,0
D139,R002,0,1742.11,635,5,1,0
D140,R002,1,1740.74,223,5,0,0
D141,R002,0,1259.22,528,5,0,0
D142,R002,1,1739.39,501,5,0,0
D143,R002,0,1306.44,576,5,1,0
D144,R002,0,1304.64,207,5,0,0
D145,R002,0,1174.39,395,5,0,0
D146,R002,1,1260.42,399,5,1,1
D147,R002,1,1171.28,652,5,0,0
D148,R002,0,1755.15,172,5,1,0
D149,R002,0,778.92,634,5,1,0
D150,R002,0,776.04,312,5,1,0
D151,R002,1,1311.3,340,5,0,0
D152,R002,0,1169.13,512,5,1,0
D153,R002,0,775.8,603,5,1,0
D154,R002,0,1745.37,547,5,0,0
D155,R002,0,1737.52,240,5,0,0
D156,R002,0,1751.04,169,5,0,0
D157,R002,1,1259.06,226,5,1,1
D158,R002,0,1300.05,475,5,0,0
D159,R002,0,1260.9,333,5,0,0
D160,R002,0,1305.68,574,5,0,0
D161,R002,0,1305.59,680,5,1,0
D162,R002,0,771.03,637,5,0,0
D163,R002,0,1739.53,116,5,1,0
D164,R002,1,1174.82,652,5,0,0
D165,R002,0,1176.0,198,5,1,0
D166,R002,0,1173.24,242,5,0,0
D167,R002,0,1172.07,604,5,0,0
D168,R002,0,1743.19,76,5,1,0
D169,R002,0,1153.9,117,5,0,0
D170,R002,0,1310.76,593,5,1,0
D171,R002,1,1307.42,718,5,1,1
D172,R002,0,1253.88,534,5,0,0
D173,R002,0,1167.88,255,5,1,0
D174,R002,0,1170.89,370,5,0,0
D175,R002,0,1759.26,389,5,1,0
D176,R002,0,1172.97,387,5,0,0
D177,R002,1,1257.74,448,5,0,0
D178,R002,1,1740.47,233,5,1,1
D179,R002,0,775.71,705,5,1,0
D180,R002,1,6.27,481,5,1,1
D181,R002,0,1303.51,306,5,1,0
D182,R002,0,1301.64,142,5,1,0
D183,R002,0,1760.91,399,5,0,0
D184,R002,1,1142.27,347,5,0,0
D185,R002,0,1760.85,640,5,0,0
D186,R002,0,1171.04,137,5,1,0
D187,R002,0,1168.55,250,5,0,0
D188,R002,0,1177.12,458,5,0,0
D189,R002,0,1150.49,584,5,0,0
D190,R002,0,1761.28,632,5,0,0
D191,R002,0,1739.54,491,5,1,0
D192,R002,0,1147.69,465,5,1,0
D193,R002,0,1170.3,265,5,0,0
D194,R002,0,7.73,462,5,0,0
D195,R002,0,1739.41,130,5,0,0
D196,R002,1,1172.27,550,5,1,1
D197,R002,0,1171.73,423,5,0,0
D198,R002,0,1756.26,582,5,1,0
D199,R002,0,1741.0,147,5,0,0
D200,R002,0,2.27,128,5,1,0
D001,R003,0,1151.29,298,8,1,0
D002,R003,0,1751.81,492,8,1,0
D003,R003,0,1.09,609,8,0,0
D004,R003,0,1175.25,356,8,0,0
D005,R003,0,1732.18,723,8,0,0
D006,R003,0,5.58,294,8,0,0
D007,R003,0,1252.41,529,8,0,0
D008,R003,1,1.15,581,8,1,1
D009,R003,1,1747.48,317,8,0,0
D010,R003,0,1749.39,63,8,0,0
D011,R003,0,1300.21,603,8,0,0
D012,R003,0,1251.49,140,8,1,0
D013,R003,0,768.19,276,8,0,0
D014,R003,1,1733.89,81,8,1,1
D015,R003,0,1735.19,557,8,1,0
D016,R003,1,6.36,422,8,1,1
D017,R003,0,773.33,519,8,1,0
D018,R003,0,4.11,75,8,0,0
D019,R003,1,1739.99,525,8,1,1
D020,R003,0,778.23,603,8,1,0
D021,R003,0,1143.59,657,8,0,0
D022,R003,0,1246.64,134,8,1,0
D023,R003,0,1151.04,616,8,1,0
D024,R003,0,1750.34,219,8,1,0
D025,R003,0,1733.8,105,8,0,0
D026,R003,0,6.33,212,8,1,0
D027,R003,0,1250.48,165,8,1,0
D028,R003,0,1164.34,400,8,1,0
D029,R003,0,1165.83,287,8,0,0
D030,R003,1,773.33,345,8,1,1
D031,R003,0,1167.2,99,8,0,0
D032,R003,0,1170.94,592,8,0,0
D033,R003,0,1737.7,394,8,0,0
D034,R003,0,1297.84,371,8,0,0
D035,R003,1,1166.77,708,8,1,1
D036,R003,0,1141.24,134,8,1,0
D037,R003,0,1733.83,590,8,1,0
D038,R003,0,1731.56,576,8,0,0
D039,R003,0,768.86,139,8,1,0
D040,R003,0,1738.78,615,8,1,0
D041,R003,1,1755.14,459,8,0,0
D042,R003,0,1169.04,474,8,0,0
D043,R003,0,767.24,532,8,1,0
D044,R003,1,1299.08,612,8,1,1
D045,R003,0,1254.37,304,8,1,0
D046,R003,0,1145.96,86,8,0,0
D047,R003,0,1170.6,183,8,1,0
D048,R003,1,1753.62,710,8,0,0
D049,R003,1,772.43,334,8,0,0
D050,R003,1,1732.51,246,8,1,1
D051,R003,0,1248.3,560,8,1,0
D052,R003,0,1734.19,655,8,1,0
D053,R003,0,1252.85,182,8,1,0
D054,R003,0,0.8,429,8,1,0
D055,R003,0,1749.11,351,8,1,0
D056,R003,0,772.55,114,8,0,0
D057,R003,0,1301.2,662,8,0,0
D058,R003,0,1296.63,237,8,1,0
D059,R003,0,2.87,330,8,1,0
D060,R003,0,1737.12,642,8,0,0
D061,R003,1,776.16,502,8,1,1
D062,R003,0,1301.39,239,8,0,0
D063,R003,0,772.09,167,8,0,0
D064,R003,0,1252.73,178,8,0,0
D065,R003,0,1165.28,570,8,0,0
D066,R003,0,1755.42,305,8,1,0
D067,R003,1,1300.96,358,8,1,1
D068,R003,0,1301.19,484,8,1,0
D069,R003,1,1297.01,400,8,0,0
D070,R003,0,1171.15,450,8,1,0
D071,R003,1,6.96,207,8,0,0
D072,R003,0,1.74,449,8,0,0
D073,R003,0,773.37,708,8,1,0
D074,R003,0,1145.34,603,8,1,0
D075,R003,0,5.65,321,8,0,0
D076,R003,0,769.23,369,8,1,0
D077,R003,0,1167.55,341,8,1,0
D078,R003,0,1748.04,316,8,1,0
D079,R003,0,5.47,485,8,1,0
D080,R003,0,7.01,362,8,1,0
D081,R003,1,1248.36,330,8,1,1
D082,R003,0,773.59,694,8,0,0
D083,R003,0,1246.87,98,8,1,0
D084,R003,1,778.95,561,8,1,1
D085,R003,0,1302.57,427,8,0,0
D086,R003,0,1299.47,188,8,1,0
D087,R003,0,1741.14,343,8,0,0
D088,R003,0,8.98,662,8,0,0
D089,R003,1,5.25,575,8,1,1
D090,R003,0,1750.36,496,8,1,0
D091,R003,0,772.33,392,8,0,0
D092,R003,0,1302.01,407,8,0,0
D093,R003,0,1172.25,155,8,1,0
D094,R003,0,1248.37,493,8,0,0
D095,R003,1,1747.14,629,8,1,1
D096,R003,0,1303.01,376,8,0,0
D097,R003,0,1257.62,489,8,1,0
D098,R003,0,2.14,143,8,1,0
D099,R003,1,1170.47,558,8,1,1
D100,R003,0,1302.7,182,8,0,0
D101,R003,0,1173.96,506,8,0,0
D102,R003,0,1141.48,692,8,1,0
D103,R003,1,1256.68,232,8,1,1
D104,R003,0,1146.4,237,8,1,0
D105,R003,1,1147.78,214,8,1,1
D106,R003,0,775.61,353,8,1,0
D107,R003,0,1144.3,252,8,1,0
D108,R003,0,771.14,509,8,1,0
D109,R003,0,3.22,455,8,1,0
D110,R003,1,1.79,377,8,0,0
D111,R003,0,1248.48,376,8,1,0
D112,R003,0,1738.1,599,8,0,0
D113,R003,0,1247.72,303,8,0,0
D114,R003,1,1301.73,511,8,0,0
D115,R003,0,1299.16,440,8,1,0
D116,R003,1,1143.27,287,8,0,0
D117,R003,0,1246.91,161,8,0,0
D118,R003,0,1248.16,141,8,1,0
D119,R003,0,1732.57,489,8,1,0
D120,R003,0,775.83,421,8,1,0
D121,R003,0,1172.98,456,8,0,0
D122,R003,0,1298.09,406,8,0,0
D123,R003,0,7.17,97,8,0,0
D124,R003,1,1749.62,352,8,1,1
D125,R003,1,1747.76,569,8,1,1
D126,R003,0,1300.95,362,8,1,0
D127,R003,1,1173.86,118,8,0,0
D128,R003,1,1170.71,720,8,1,1
D129,R003,1,1166.75,467,8,0,0
D130,R003,0,1299.03,279,8,0,0
D131,R003,0,1303.93,387,8,1,0
D132,R003,0,1145.82,265,8,1,0
D133,R003,0,1732.95,550,8,1,0
D134,R003,0,1167.97,715,8,1,0
D135,R003,0,3.69,414,8,0,0
D136,R003,0,1296.58,654,8,1,0
D137,R003,0,1248.04,714,8,0,0
D138,R003,1,1298.26,485,8,1,1
D139,R003,0,1737.98,635,8,1,0
D140,R003,1,1736.6,223,8,0,0
D141,R003,1,1254.84,528,8,0,0
D142,R003,1,1735.26,501,8,0,0
D143,R003,0,1301.71,576,8,1,0
D144,R003,0,1299.91,207,8,0,0
D145,R003,1,1171.5,395,8,0,0
D146,R003,1,1256.02,399,8,1,1
D147,R003,1,1168.37,652,8,0,0
D148,R003,0,1750.56,172,8,1,0
D149,R003,1,777.68,634,8,1,1
D150,R003,0,774.79,312,8,1,0
D151,R003,1,1306.56,340,8,0,0
D152,R003,0,1166.23,512,8,1,0
D153,R003,0,774.51,603,8,1,0
D154,R003,0,1741.23,547,8,0,0
D155,R003,0,1733.39,240,8,0,0
D156,R003,0,1746.44,169,8,0,0
D157,R003,1,1254.67,226,8,1,1
D158,R003,0,1295.32,475,8,0,0
D159,R003,0,1256.51,333,8,0,0
D160,R003,0,1300.95,574,8,0,0
D161,R003,0,1300.86,680,8,1,0
D162,R003,0,769.77,637,8,0,0
D163,R003,0,1735.4,116,8,1,0
D164,R003,1,1171.93,652,8,0,0
D165,R003,1,1173.1,198,8,1,1
D166,R003,0,1170.32,242,8,0,0
D167,R003,0,1169.16,604,8,0,0
D168,R003,0,1739.05,76,8,1,0
D169,R003,0,1151.46,117,8,0,0
D170,R003,0,1306.02,593,8,1,0
D171,R003,1,1302.68,718,8,1,1
D172,R003,0,1249.49,534,8,0,0
D173,R003,0,1164.98,255,8,1,0
D174,R003,0,1167.98,370,8,0,0
D175,R003,0,1754.67,389,8,1,0
D176,R003,1,1170.06,387,8,0,0
D177,R003,1,1253.36,448,8,0,0
D178,R003,1,1736.32,233,8,1,1
D179,R003,0,774.42,705,8,1,0
D180,R003,1,2.47,481,8,1,1
D181,R003,0,1298.77,306,8,1,0
D182,R003,0,1296.91,142,8,1,0
D183,R003,0,1756.31,399,8,0,0
D184,R003,1,1139.8,347,8,0,0
D185,R003,1,1756.25,640,8,0,0
D186,R003,0,1168.13,137,8,1,0
D187,R003,0,1165.66,250,8,0,0
D188,R003,0,1174.21,458,8,0,0
D189,R003,0,1148.01,584,8,0,0
D190,R003,0,1756.68,632,8,0,0
D191,R003,1,1735.41,491,8,1,1
D192,R003,1,1145.22,465,8,1,1
D193,R003,0,1167.41,265,8,0,0
D194,R003,0,9.17,462,8,0,0
D195,R003,1,1735.26,130,8,0,0
D196,R003,1,1169.38,550,8,1,1
D197,R003,0,1168.81,423,8,0,0
D198,R003,1,1751.66,582,8,1,1
D199,R003,0,1736.86,147,8,0,0
D200,R003,0,3.56,128,8,1,0
D001,R004,0,446.19,298,5,1,0
D002,R004,0,1374.11,492,5,1,0
D003,R004,0,774.64,609,5,0,0
D004,R004,1,523.39,356,5,0,0
D005,R004,0,1234.22,723,5,0,0
D006,R004,1,774.32,294,5,0,0
D007,R004,1,878.66,529,5,0,0
D008,R004,1,773.69,581,5,1,1
D009,R004,1,1367.87,317,5,0,0
D010,R004,0,1369.27,63,5,0,0
D011,R004,1,1622.21,603,5,0,0
D012,R004,1,878.29,140,5,1,1
D013,R004,1,6.52,276,5,0,0
D014,R004,1,1235.86,81,5,1,1
D015,R004,0,1235.35,557,5,1,0
D016,R004,1,779.8,422,5,1,1
D017,R004,0,4.57,519,5,1,0
D018,R004,0,772.1,75,5,0,0
D019,R004,1,1241.77,525,5,1,1
D020,R004,0,4.95,603,5,1,0
D021,R004,1,436.88,657,5,0,0
D022,R004,0,875.36,134,5,1,0
D023,R004,1,445.61,616,5,1,1
D024,R004,0,1372.13,219,5,1,0
D025,R004,0,1234.93,105,5,0,0
D026,R004,0,775.33,212,5,1,0
D027,R004,0,877.79,165,5,1,0
D028,R004,1,515.01,400,5,1,1
D029,R004,0,517.17,287,5,0,0
D030,R004,1,5.18,345,5,1,1
D031,R004,0,518.43,99,5,0,0
D032,R004,1,521.85,592,5,0,0
D033,R004,0,1237.9,394,5,0,0
D034,R004,1,1616.77,371,5,0,0
D035,R004,1,516.63,708,5,1,1
D036,R004,0,437.76,134,5,1,0
D037,R004,0,1235.74,590,5,1,0
D038,R004,0,1232.54,576,5,0,0
D039,R004,0,4.97,139,5,1,0
D040,R004,1,1239.96,615,5,1,1
D041,R004,1,1375.48,459,5,0,0
D042,R004,0,519.64,474,5,0,0
D043,R004,0,7.07,532,5,1,0
D044,R004,1,1617.14,612,5,1,1
D045,R004,1,880.11,304,5,1,1
D046,R004,0,440.17,86,5,0,0
D047,R004,0,521.11,183,5,1,0
D048,R004,1,1374.26,710,5,0,0
D049,R004,1,1.37,334,5,0,0
D050,R004,1,1233.26,246,5,1,1
D051,R004,0,877.46,560,5,1,0
D052,R004,1,1237.21,655,5,1,1
D053,R004,0,883.43,182,5,1,0
D054,R004,0,774.28,429,5,1,0
D055,R004,1,1369.09,351,5,1,1
D056,R004,0,6.53,114,5,0,0
D057,R004,1,1617.79,662,5,0,0
D058,R004,1,1615.41,237,5,1,1
D059,R004,0,770.89,330,5,1,0
D060,R004,0,1239.43,642,5,0,0
D061,R004,1,6.04,502,5,1,1
D062,R004,0,1617.65,239,5,0,0
D063,R004,0,4.18,167,5,0,0
D064,R004,0,881.71,178,5,0,0
D065,R004,0,516.39,570,5,0,0
D066,R004,0,1376.32,305,5,1,0
D067,R004,1,1620.46,358,5,1,1
D068,R004,1,1619.87,484,5,1,1
D069,R004,1,1617.45,400,5,0,0
D070,R004,1,519.42,450,5,1,1
D071,R004,1,772.74,207,5,0,0
D072,R004,0,773.52,449,5,0,0
D073,R004,1,4.77,708,5,1,1
D074,R004,0,441.87,603,5,1,0
D075,R004,1,770.12,321,5,0,0
D076,R004,0,4.53,369,5,1,0
D077,R004,0,514.56,341,5,1,0
D078,R004,1,1371.13,316,5,1,1
D079,R004,0,779.09,485,5,1,0
D080,R004,1,780.32,362,5,1,1
D081,R004,1,878.35,330,5,1,1
D082,R004,0,4.45,694,5,0,0
D083,R004,0,875.65,98,5,1,0
D084,R004,1,5.52,561,5,1,1
D085,R004,0,1619.09,427,5,0,0
D086,R004,0,1616.4,188,5,1,0
D087,R004,0,1244.03,343,5,0,0
D088,R004,1,780.07,662,5,0,0
D089,R004,1,771.25,575,5,1,1
D090,R004,0,1373.82,496,5,1,0
D091,R004,1,1.45,392,5,0,0
D092,R004,1,1621.09,407,5,0,0
D093,R004,1,519.24,155,5,1,1
D094,R004,0,878.93,493,5,0,0
D095,R004,1,1369.7,629,5,1,1
D096,R004,0,1623.04,376,5,0,0
D097,R004,0,887.71,489,5,1,0
D098,R004,0,775.74,143,5,1,0
D099,R004,1,519.41,558,5,1,1
D100,R004,1,1619.34,182,5,0,0
D101,R004,0,522.58,506,5,0,0
D102,R004,0,437.13,692,5,1,0
D103,R004,1,886.87,232,5,1,1
D104,R004,1,440.52,237,5,1,1
D105,R004,1,444.89,214,5,1,1
D106,R004,0,1.89,353,5,1,0
D107,R004,0,439.82,252,5,1,0
D108,R004,0,5.91,509,5,1,0
D109,R004,0,776.87,455,5,1,0
D110,R004,1,774.58,377,5,0,0
D111,R004,0,879.76,376,5,1,0
D112,R004,0,1241.27,599,5,0,0
D113,R004,1,878.87,303,5,0,0
D114,R004,1,1622.64,511,5,0,0
D115,R004,1,1619.74,440,5,1,1
D116,R004,1,438.76,287,5,0,0
D117,R004,0,876.94,161,5,0,0
D118,R004,1,876.03,141,5,1,1
D119,R004,0,1235.31,489,5,1,0
D120,R004,1,7.46,421,5,1,1
D121,R004,0,523.23,456,5,0,0
D122,R004,0,1618.28,406,5,0,0
D123,R004,1,779.55,97,5,0,0
D124,R004,1,1373.09,352,5,1,1
D125,R004,1,1368.94,569,5,1,1
D126,R004,0,1622.01,362,5,1,0
D127,R004,1,522.85,118,5,0,0
D128,R004,1,521.7,720,5,1,1
D129,R004,1,513.33,467,5,0,0
D130,R004,0,1616.25,279,5,0,0
D131,R004,1,1624.89,387,5,1,1
D132,R004,1,440.38,265,5,1,1
D133,R004,1,1233.39,550,5,1,1
D134,R004,0,514.8,715,5,1,0
D135,R004,1,777.42,414,5,0,0
D136,R004,0,1617.1,654,5,1,0
D137,R004,0,878.74,714,5,0,0
D138,R004,1,1617.81,485,5,1,1
D139,R004,0,1238.47,635,5,1,0
D140,R004,1,1237.76,223,5,0,0
D141,R004,1,881.05,528,5,0,0
D142,R004,1,1235.59,501,5,0,0
D143,R004,1,1622.46,576,5,1,1
D144,R004,0,1620.93,207,5,0,0
D145,R004,1,518.21,395,5,0,0
D146,R004,1,887.34,399,5,1,1
D147,R004,1,519.32,652,5,0,0
D148,R004,1,1370.5,172,5,1,1
D149,R004,1,3.94,634,5,1,1
D150,R004,0,1.07,312,5,1,0
D151,R004,1,1625.07,340,5,0,0
D152,R004,0,514.87,512,5,1,0
D153,R004,0,6.16,603,5,1,0
D154,R004,0,1242.6,547,5,0,0
D155,R004,1,1234.92,240,5,0,0
D156,R004,0,1368.16,169,5,0,0
D157,R004,1,886.34,226,5,1,1
D158,R004,1,1614.79,475,5,0,0
D159,R004,1,885.6,333,5,0,0
D160,R004,0,1620.64,574,5,0,0
D161,R004,1,1621.21,680,5,1,1
D162,R004,0,4.61,637,5,0,0
D163,R004,1,1236.15,116,5,1,1
D164,R004,1,518.71,652,5,0,0
D165,R004,1,519.93,198,5,1,1
D166,R004,0,521.83,242,5,0,0
D167,R004,0,519.72,604,5,0,0
D168,R004,0,1240.32,76,5,1,0
D169,R004,0,445.18,117,5,0,0
D170,R004,0,1624.48,593,5,1,0
D171,R004,1,1620.76,718,5,1,1
D172,R004,1,878.78,534,5,0,0
D173,R004,0,514.54,255,5,1,0
D174,R004,1,517.83,370,5,0,0
D175,R004,1,1374.0,389,5,1,1
D176,R004,1,520.18,387,5,0,0
D177,R004,1,879.23,448,5,0,0
D178,R004,1,1239.18,233,5,1,1
D179,R004,0,6.84,705,5,1,0
D180,R004,1,771.28,481,5,1,1
D181,R004,1,1617.75,306,5,1,1
D182,R004,1,1617.3,142,5,1,1
D183,R004,1,1376.26,399,5,0,0
D184,R004,1,437.06,347,5,0,0
D185,R004,1,1378.42,640,5,0,0
D186,R004,0,517.62,137,5,1,0
D187,R004,1,513.91,250,5,0,0
D188,R004,1,524.19,458,5,0,0
D189,R004,0,445.98,584,5,0,0
D190,R004,0,1377.38,632,5,0,0
D191,R004,1,1236.25,491,5,1,1
D192,R004,1,442.99,465,5,1,1
D193,R004,1,515.69,265,5,0,0
D194,R004,1,782.43,462,5,0,0
D195,R004,1,1237.74,130,5,0,0
D196,R004,1,516.59,550,5,1,1
D197,R004,0,519.74,423,5,0,0
D198,R004,1,1373.65,582,5,1,1
D199,R004,0,1238.52,147,5,0,0
D200,R004,0,773.27,128,5,1,0
D001,R005,1,9.04,298,4,1,1
D002,R005,0,1036.21,492,4,1,0
D003,R005,1,1142.99,609,4,0,0
D004,R005,0,122.35,356,4,0,0
D005,R005,0,843.67,723,4,0,0
D006,R005,1,1144.21,294,4,0,0
D007,R005,1,618.06,529,4,0,0
D008,R005,1,1142.51,581,4,1,1
D009,R005,1,1029.43,317,4,0,0
D010,R005,0,1030.44,63,4,0,0
D011,R005,0,1657.15,603,4,0,0
D012,R005,0,618.2,140,4,1,0
D013,R005,1,439.86,276,4,0,0
D014,R005,0,845.18,81,4,1,0
D015,R005,1,843.82,557,4,1,1
D016,R005,0,1148.63,422,4,1,0
D017,R005,0,441.08,519,4,1,0
D018,R005,0,1141.63,75,4,0,0
D019,R005,0,850.66,525,4,1,0
D020,R005,0,433.02,603,4,1,0
D021,R005,0,4.95,657,4,0,0
D022,R005,1,617.54,134,4,1,1
D023,R005,1,8.76,616,4,1,1
D024,R005,0,1034.11,219,4,1,0
D025,R005,0,843.9,105,4,0,0
D026,R005,0,1145.33,212,4,1,0
D027,R005,1,618.23,165,4,1,1
D028,R005,1,121.09,400,4,1,1
D029,R005,1,123.09,287,4,0,0
D030,R005,1,434.79,345,4,1,1
D031,R005,0,123.6,99,4,0,0
D032,R005,1,125.03,592,4,0,0
D033,R005,1,846.25,394,4,0,0
D034,R005,1,1650.54,371,4,0,0
D035,R005,0,120.85,708,4,1,0
D036,R005,0,2.26,134,4,1,0
D037,R005,1,845.03,590,4,1,1
D038,R005,1,841.57,576,4,0,0
D039,R005,1,440.91,139,4,1,1
D040,R005,0,848.66,615,4,1,0
D041,R005,1,1036.41,459,4,0,0
D042,R005,1,123.43,474,4,0,0
D043,R005,0,441.0,532,4,1,0
D044,R005,1,1650.38,612,4,1,1
D045,R005,0,618.73,304,4,1,0
D046,R005,0,4.25,86,4,0,0
D047,R005,1,124.09,183,4,1,1
D048,R005,1,1035.44,710,4,0,0
D049,R005,1,439.03,334,4,0,0
D050,R005,1,842.14,246,4,1,1
D051,R005,0,619.39,560,4,1,0
D052,R005,1,846.95,655,4,1,1
D053,R005,0,624.8,182,4,1,0
D054,R005,0,1142.65,429,4,1,0
D055,R005,1,1030.34,351,4,1,1
D056,R005,1,434.59,114,4,0,0
D057,R005,1,1650.15,662,4,0,0
D058,R005,1,1649.24,237,4,1,1
D059,R005,1,1139.6,330,4,1,1
D060,R005,0,848.69,642,4,0,0
D061,R005,1,432.38,502,4,1,1
D062,R005,1,1649.83,239,4,0,0
D063,R005,1,441.55,167,4,0,0
D064,R005,1,622.33,178,4,0,0
D065,R005,0,122.38,570,4,0,0
D066,R005,0,1037.48,305,4,1,0
D067,R005,0,1654.17,358,4,1,0
D068,R005,0,1653.19,484,4,1,0
D069,R005,0,1652.01,400,4,0,0
D070,R005,1,120.25,450,4,1,1
D071,R005,0,1143.01,207,4,0,0
D072,R005,1,1141.63,449,4,0,0
D073,R005,0,441.19,708,4,1,0
D074,R005,1,4.29,603,4,1,1
D075,R005,0,1139.86,321,4,0,0
D076,R005,1,441.0,369,4,1,1
D077,R005,0,115.96,341,4,1,0
D078,R005,1,1033.9,316,4,1,1
D079,R005,0,1147.74,485,4,1,0
D080,R005,1,1149.25,362,4,1,1
D081,R005,1,620.66,330,4,1,1
D082,R005,0,435.05,694,4,0,0
D083,R005,1,617.78,98,4,1,1
D084,R005,0,432.64,561,4,1,0
D085,R005,1,1651.28,427,4,0,0
D086,R005,0,1649.09,188,4,1,0
D087,R005,0,853.31,343,4,0,0
D088,R005,0,1149.99,662,4,0,0
D089,R005,1,1141.01,575,4,1,1
D090,R005,0,1036.57,496,4,1,0
D091,R005,1,439.08,392,4,0,0
D092,R005,1,1654.51,407,4,0,0
D093,R005,1,118.51,155,4,1,1
D094,R005,1,621.52,493,4,0,0
D095,R005,0,1032.29,629,4,1,0
D096,R005,1,1656.79,376,4,0,0
D097,R005,0,627.56,489,4,1,0
D098,R005,0,1144.4,143,4,1,0
D099,R005,0,121.13,558,4,1,0
D100,R005,0,1651.55,182,4,0,0
D101,R005,0,122.49,506,4,0,0
D102,R005,1,0.81,692,4,1,1
D103,R005,1,627.0,232,4,1,1
D104,R005,0,4.68,237,4,1,0
D105,R005,1,7.35,214,4,1,1
D106,R005,1,436.2,353,4,1,1
D107,R005,1,2.08,252,4,1,1
D108,R005,0,436.38,509,4,1,0
D109,R005,1,1145.11,455,4,1,1
D110,R005,0,1143.48,377,4,0,0
D111,R005,1,622.66,376,4,1,1
D112,R005,0,850.85,599,4,0,0
D113,R005,1,621.91,303,4,0,0
D114,R005,0,1656.92,511,4,0,0
D115,R005,1,1654.14,440,4,1,1
D116,R005,0,1.0,287,4,0,0
D117,R005,1,619.68,161,4,0,0
D118,R005,1,617.38,141,4,1,1
D119,R005,0,845.03,489,4,1,0
D120,R005,0,431.59,421,4,1,0
D121,R005,1,124.94,456,4,0,0
D122,R005,1,1652.6,406,4,0,0
D123,R005,0,1148.95,97,4,0,0
D124,R005,1,1035.92,352,4,1,1
D125,R005,1,1030.85,569,4,1,1
D126,R005,1,1656.45,362,4,1,1
D127,R005,1,123.11,118,4,0,0
D128,R005,0,125.06,720,4,1,0
D129,R005,0,114.73,467,4,0,0
D130,R005,1,1649.12,279,4,0,0
D131,R005,1,1658.97,387,4,1,1
D132,R005,1,3.8,265,4,1,1
D133,R005,0,842.12,550,4,1,0
D134,R005,0,115.84,715,4,1,0
D135,R005,0,1145.78,414,4,0,0
D136,R005,0,1651.73,654,4,1,0
D137,R005,0,621.48,714,4,0,0
D138,R005,0,1651.83,485,4,1,0
D139,R005,1,846.93,635,4,1,1
D140,R005,1,846.57,223,4,0,0
D141,R005,0,619.76,528,4,0,0
D142,R005,1,844.13,501,4,0,0
D143,R005,1,1656.67,576,4,1,1
D144,R005,1,1655.45,207,4,0,0
D145,R005,0,117.55,395,4,0,0
D146,R005,1,628.2,399,4,1,1
D147,R005,1,123.72,652,4,0,0
D148,R005,0,1031.61,172,4,1,0
D149,R005,0,434.9,634,4,1,0
D150,R005,1,437.12,312,4,1,1
D151,R005,1,1657.75,340,4,0,0
D152,R005,1,118.3,512,4,1,1
D153,R005,0,433.28,603,4,1,0
D154,R005,0,851.23,547,4,0,0
D155,R005,0,844.08,240,4,0,0
D156,R005,0,1030.42,169,4,0,0
D157,R005,1,627.74,226,4,1,1
D158,R005,0,1649.09,475,4,0,0
D159,R005,0,625.25,333,4,0,0
D160,R005,1,1654.44,574,4,0,0
D161,R005,1,1655.33,680,4,1,1
D162,R005,1,439.32,637,4,0,0
D163,R005,1,844.86,116,4,1,1
D164,R005,1,117.92,652,4,0,0
D165,R005,0,118.68,198,4,1,0
D166,R005,0,125.8,242,4,0,0
D167,R005,1,123.43,604,4,0,0
D168,R005,0,849.04,76,4,1,0
D169,R005,1,9.4,117,4,0,0
D170,R005,0,1657.2,593,4,1,0
D171,R005,1,1653.65,718,4,1,1
D172,R005,0,620.44,534,4,0,0
D173,R005,1,119.37,255,4,1,1
D174,R005,1,121.46,370,4,0,0
D175,R005,0,1034.5,389,4,1,0
D176,R005,0,123.09,387,4,0,0
D177,R005,1,618.17,448,4,0,0
D178,R005,1,848.72,233,4,1,1
D179,R005,0,432.9,705,4,1,0
D180,R005,1,1139.88,481,4,1,1
D181,R005,0,1651.46,306,4,1,0
D182,R005,0,1651.84,142,4,1,0
D183,R005,0,1036.91,399,4,0,0
D184,R005,1,4.15,347,4,0,0
D185,R005,0,1040.1,640,4,0,0
D186,R005,1,120.88,137,4,1,1
D187,R005,1,117.26,250,4,0,0
D188,R005,1,125.14,458,4,0,0
D189,R005,0,8.95,584,4,0,0
D190,R005,1,1038.36,632,4,0,0
D191,R005,0,845.0,491,4,1,0
D192,R005,0,6.49,465,4,1,0
D193,R005,1,118.24,265,4,0,0
D194,R005,1,1151.42,462,4,0,0
D195,R005,0,847.19,130,4,0,0
D196,R005,1,117.32,550,4,1,1
D197,R005,0,123.9,423,4,0,0
D198,R005,0,1035.62,582,4,1,0
D199,R005,0,847.54,147,4,0,0
D200,R005,1,1142.7,128,4,1,1
D001,R006,1,1658.85,298,8,1,1
D002,R006,0,1357.76,492,8,1,0
D003,R006,1,1298.93,609,8,0,0
D004,R006,0,1579.33,356,8,0,0
D005,R006,0,1559.93,723,8,0,0
D006,R006,1,1305.07,294,8,0,0
D007,R006,1,1187.18,529,8,0,0
D008,R006,1,1300.84,581,8,1,1
D009,R006,1,1358.88,317,8,0,0
D010,R006,0,1360.72,63,8,0,0
D011,R006,0,4.36,603,8,0,0
D012,R006,0,1186.26,140,8,1,0
D013,R006,1,1613.62,276,8,0,0
D014,R006,0,1560.98,81,8,1,0
D015,R006,1,1564.98,557,8,1,1
D016,R006,0,1300.61,422,8,1,0
D017,R006,0,1623.06,519,8,1,0
D018,R006,0,1303.68,75,8,0,0
D019,R006,0,1564.59,525,8,1,0
D020,R006,0,1620.77,603,8,1,0
D021,R006,0,1658.35,657,8,0,0
D022,R006,1,1182.88,134,8,1,1
D023,R006,1,1659.32,616,8,1,1
D024,R006,0,1357.9,219,8,1,0
D025,R006,0,1562.46,105,8,0,0
D026,R006,0,1305.47,212,8,1,0
D027,R006,1,1185.4,165,8,1,1
D028,R006,1,1571.52,400,8,1,1
D029,R006,1,1571.0,287,8,0,0
D030,R006,1,1615.35,345,8,1,1
D031,R006,0,1571.65,99,8,0,0
D032,R006,1,1573.44,592,8,0,0
D033,R006,1,1566.25,394,8,0,0
D034,R006,1,3.32,371,8,0,0
D035,R006,0,1573.63,708,8,1,0
D036,R006,0,1651.56,134,8,1,0
D037,R006,1,1561.06,590,8,1,1
D038,R006,1,1561.53,576,8,0,0
D039,R006,1,1616.0,139,8,1,1
D040,R006,0,1565.04,615,8,1,0
D041,R006,1,1362.84,459,8,0,0
D042,R006,1,1573.25,474,8,0,0
D043,R006,0,1613.57,532,8,1,0
D044,R006,1,4.32,612,8,1,1
D045,R006,0,1188.17,304,8,1,0
D046,R006,0,1657.73,86,8,0,0
D047,R006,1,1573.97,183,8,1,1
D048,R006,1,1361.55,710,8,0,0
D049,R006,1,1619.19,334,8,0,0
D050,R006,1,1562.48,246,8,1,1
D051,R006,0,1182.42,560,8,1,0
D052,R006,1,1559.26,655,8,1,1
D053,R006,0,1180.85,182,8,1,0
D054,R006,0,1299.02,429,8,1,0
D055,R006,1,1360.4,351,8,1,1
D056,R006,1,1613.87,114,8,0,0
D057,R006,1,6.97,662,8,0,0
D058,R006,1,4.55,237,8,1,1
D059,R006,1,1300.51,330,8,1,1
D060,R006,0,1562.11,642,8,0,0
D061,R006,1,1616.76,502,8,1,1
D062,R006,1,7.65,239,8,0,0
D063,R006,1,1621.74,167,8,0,0
D064,R006,1,1183.21,178,8,0,0
D065,R006,0,1571.17,570,8,0,0
D066,R006,0,1362.01,305,8,1,0
D067,R006,0,1.48,358,8,1,0
D068,R006,0,2.84,484,8,1,0
D069,R006,0,2.7,400,8,0,0
D070,R006,1,1577.67,450,8,1,1
D071,R006,0,1306.65,207,8,0,0
D072,R006,1,1298.04,449,8,0,0
D073,R006,0,1623.24,708,8,1,0
D074,R006,1,1653.31,603,8,1,1
D075,R006,0,1304.58,321,8,0,0
D076,R006,1,1616.67,369,8,1,1
D077,R006,0,1578.37,341,8,1,0
D078,R006,1,1354.5,316,8,1,1
D079,R006,0,1299.92,485,8,1,0
D080,R006,1,1300.99,362,8,1,1
D081,R006,1,1181.22,330,8,1,1
D082,R006,0,1616.08,694,8,0,0
D083,R006,1,1182.84,98,8,1,1
D084,R006,0,1621.41,561,8,1,0
D085,R006,1,7.2,427,8,0,0
D086,R006,0,6.54,188,8,1,0
D087,R006,0,1563.21,343,8,0,0
D088,R006,0,1304.94,662,8,0,0
D089,R006,1,1304.67,575,8,1,1
D090,R006,0,1355.03,496,8,1,0
D091,R006,1,1619.11,392,8,0,0
D092,R006,1,2.69,407,8,0,0
D093,R006,1,1580.07,155,8,1,1
D094,R006,1,1180.37,493,8,0,0
D095,R006,0,1354.96,629,8,1,0
D096,R006,1,3.43,376,8,0,0
D097,R006,0,1182.13,489,8,1,0
D098,R006,0,1300.11,143,8,1,0
D099,R006,0,1576.36,558,8,1,0
D100,R006,0,7.02,182,8,0,0
D101,R006,0,1578.11,506,8,0,0
D102,R006,1,1653.19,692,8,1,1
D103,R006,1,1181.89,232,8,1,1
D104,R006,0,1658.08,237,8,1,0
D105,R006,1,1653.35,214,8,1,1
D106,R006,1,1620.62,353,8,1,1
D107,R006,1,1654.66,252,8,1,1
D108,R006,0,1613.91,509,8,1,0
D109,R006,1,1298.39,455,8,1,1
D110,R006,0,1301.11,377,8,0,0
D111,R006,1,1179.33,376,8,1,1
D112,R006,0,1561.06,599,8,0,0
D113,R006,1,1179.44,303,8,0,0
D114,R006,0,3.15,511,8,0,0
D115,R006,1,1.2,440,8,1,1
D116,R006,0,1654.27,287,8,0,0
D117,R006,1,1180.99,161,8,0,0
D118,R006,1,1184.31,141,8,1,1
D119,R006,0,1558.88,489,8,1,0
D120,R006,0,1615.27,421,8,1,0
D121,R006,1,1575.2,456,8,0,0
D122,R006,1,1.6,406,8,0,0
D123,R006,0,1302.87,97,8,0,0
D124,R006,1,1354.62,352,8,1,1
D125,R006,1,1357.65,569,8,1,1
D126,R006,1,2.84,362,8,1,1
D127,R006,1,1577.51,118,8,0,0
D128,R006,0,1573.23,720,8,1,0
D129,R006,0,1578.76,467,8,0,0
D130,R006,1,6.07,279,8,0,0
D131,R006,1,5.23,387,8,1,1
D132,R006,1,1657.05,265,8,1,1
D133,R006,0,1563.26,550,8,1,0
D134,R006,0,1578.8,715,8,1,0
D135,R006,0,1298.82,414,8,0,0
D136,R006,0,3.13,654,8,1,0
D137,R006,0,1180.13,714,8,0,0
D138,R006,0,1.95,485,8,1,0
D139,R006,1,1565.86,635,8,1,1
D140,R006,1,1563.92,223,8,0,0
D141,R006,0,1187.54,528,8,0,0
D142,R006,1,1564.7,501,8,0,0
D143,R006,1,2.89,576,8,1,1
D144,R006,1,2.2,207,8,0,0
D145,R006,0,1580.26,395,8,0,0
D146,R006,1,1180.14,399,8,1,1
D147,R006,1,1572.47,652,8,0,0
D148,R006,0,1361.2,172,8,1,0
D149,R006,0,1622.21,634,8,1,0
D150,R006,1,1620.49,312,8,1,1
D151,R006,1,7.01,340,8,0,0
D152,R006,1,1575.34,512,8,1,1
D153,R006,0,1615.31,603,8,1,0
D154,R006,0,1566.04,547,8,0,0
D155,R006,0,1561.51,240,8,0,0
D156,R006,0,1356.06,169,8,0,0
D157,R006,1,1179.45,226,8,1,1
D158,R006,0,4.91,475,8,0,0
D159,R006,0,1183.49,333,8,0,0
D160,R006,1,1.3,574,8,0,0
D161,R006,1,1.55,680,8,1,1
D162,R006,1,1615.43,637,8,0,0
D163,R006,1,1564.0,116,8,1,1
D164,R006,1,1580.29,652,8,0,0
D165,R006,0,1580.64,198,8,1,0
D166,R006,0,1572.29,242,8,0,0
D167,R006,1,1573.36,604,8,0,0
D168,R006,0,1565.03,76,8,1,0
D169,R006,1,1661.04,117,8,0,0
D170,R006,0,6.54,593,8,1,0
D171,R006,1,4.45,718,8,1,1
D172,R006,0,1182.38,534,8,0,0
D173,R006,1,1573.46,255,8,1,1
D174,R006,1,1574.07,370,8,0,0
D175,R006,0,1364.33,389,8,1,0
D176,R006,0,1574.37,387,8,0,0
D177,R006,1,1187.87,448,8,0,0
D178,R006,1,1560.69,233,8,1,1
D179,R006,0,1614.69,705,8,1,0
D180,R006,1,1300.06,481,8,1,1
D181,R006,0,2.57,306,8,1,0
D182,R006,0,2.79,142,8,1,0
D183,R006,0,1364.11,399,8,0,0
D184,R006,1,1649.63,347,8,0,0
D185,R006,0,1360.23,640,8,0,0
D186,R006,1,1574.68,137,8,1,1
D187,R006,1,1575.76,250,8,0,0
D188,R006,1,1576.07,458,8,0,0
D189,R006,0,1651.91,584,8,0,0
D190,R006,1,1362.98,632,8,0,0
D191,R006,0,1563.85,491,8,1,0
D192,R006,0,1651.04,465,8,1,0
D193,R006,1,1576.32,265,8,0,0
D194,R006,1,1301.15,462,8,0,0
D195,R006,0,1560.8,130,8,0,0
D196,R006,1,1578.7,550,8,1,1
D197,R006,0,1572.68,423,8,0,0
D198,R006,0,1358.22,582,8,1,0
D199,R006,0,1563.13,147,8,0,0
D200,R006,1,1303.25,128,8,1,1
D001,R007,0,622.32,298,10,1,0
D002,R007,0,514.12,492,10,1,0
D003,R007,0,1253.56,609,10,0,0
D004,R007,0,506.77,356,10,0,0
D005,R007,0,494.54,723,10,0,0
D006,R007,1,1257.64,294,10,0,0
D007,R007,1,4.19,529,10,0,0
D008,R007,1,1254.12,581,10,1,1
D009,R007,1,508.77,317,10,0,0
D010,R007,0,510.49,63,10,0,0
D011,R007,0,1187.92,603,10,0,0
D012,R007,0,3.97,140,10,1,0
D013,R007,1,879.38,276,10,0,0
D014,R007,0,496.18,81,10,1,0
D015,R007,0,498.37,557,10,1,0
D016,R007,0,1259.06,422,10,1,0
D017,R007,0,886.47,519,10,1,0
D018,R007,0,1254.81,75,10,0,0
D019,R007,0,501.97,525,10,1,0
D020,R007,0,879.19,603,10,1,0
D021,R007,0,627.04,657,10,0,0
D022,R007,0,7.02,134,10,1,0
D023,R007,1,623.09,616,10,1,1
D024,R007,0,512.37,219,10,1,0
D025,R007,0,496.54,105,10,0,0
D026,R007,0,1258.76,212,10,1,0
D027,R007,0,4.17,165,10,1,0
D028,R007,1,504.5,400,10,1,1
D029,R007,0,502.86,287,10,0,0
D030,R007,1,876.87,345,10,1,1
D031,R007,0,502.73,99,10,0,0
D032,R007,1,502.41,592,10,0,0
D033,R007,0,500.67,394,10,0,0
D034,R007,1,1180.58,371,10,0,0
D035,R007,0,505.44,708,10,1,0
D036,R007,0,620.08,134,10,1,0
D037,R007,0,496.15,590,10,1,0
D038,R007,0,494.53,576,10,0,0
D039,R007,0,881.71,139,10,1,0
D040,R007,0,501.16,615,10,1,0
D041,R007,1,516.6,459,10,0,0
D042,R007,0,503.46,474,10,0,0
D043,R007,0,880.17,532,10,1,0
D044,R007,1,1179.86,612,10,1,1
D045,R007,0,4.37,304,10,1,0
D046,R007,0,624.61,86,10,0,0
D047,R007,0,503.28,183,10,1,0
D048,R007,1,515.18,710,10,0,0
D049,R007,1,882.47,334,10,0,0
D050,R007,1,495.55,246,10,1,1
D051,R007,0,5.11,560,10,1,0
D052,R007,1,495.91,655,10,1,1
D053,R007,0,3.16,182,10,1,0
D054,R007,0,1253.33,429,10,1,0
D055,R007,1,510.25,351,10,1,1
D056,R007,0,875.75,114,10,0,0
D057,R007,1,1178.69,662,10,0,0
D058,R007,1,1179.46,237,10,1,1
D059,R007,0,1251.54,330,10,1,0
D060,R007,0,499.02,642,10,0,0
D061,R007,1,876.08,502,10,1,1
D062,R007,0,1178.21,239,10,0,0
D063,R007,0,885.95,167,10,0,0
D064,R007,0,0.77,178,10,0,0
D065,R007,0,503.43,570,10,0,0
D066,R007,0,517.14,305,10,1,0
D067,R007,0,1183.85,358,10,1,0
D068,R007,0,1182.52,484,10,1,0
D069,R007,0,1182.78,400,10,0,0
D070,R007,1,507.46,450,10,1,1
D071,R007,0,1257.43,207,10,0,0
D072,R007,0,1251.99,449,10,0,0
D073,R007,0,886.67,708,10,1,0
D074,R007,0,619.43,603,10,1,0
D075,R007,0,1253.79,321,10,0,0
D076,R007,0,882.22,369,10,1,0
D077,R007,0,510.73,341,10,1,0
D078,R007,1,510.64,316,10,1,1
D079,R007,0,1257.98,485,10,1,0
D080,R007,1,1259.76,362,10,1,1
D081,R007,1,5.03,330,10,1,1
D082,R007,0,877.54,694,10,0,0
D083,R007,0,6.75,98,10,1,0
D084,R007,0,879.34,561,10,1,0
D085,R007,0,1179.54,427,10,0,0
D086,R007,0,1178.08,188,10,1,0
D087,R007,0,502.47,343,10,0,0
D088,R007,0,1262.33,662,10,0,0
D089,R007,1,1254.79,575,10,1,1
D090,R007,0,513.2,496,10,1,0
D091,R007,1,882.45,392,10,0,0
D092,R007,1,1183.83,407,10,0,0
D093,R007,1,509.68,155,10,1,1
D094,R007,0,5.22,493,10,0,0
D095,R007,0,509.46,629,10,1,0
D096,R007,0,1186.29,376,10,0,0
D097,R007,0,5.82,489,10,1,0
D098,R007,0,1255.32,143,10,1,0
D099,R007,0,506.31,558,10,1,0
D100,R007,0,1179.83,182,10,0,0
D101,R007,0,506.13,506,10,0,0
D102,R007,0,621.98,692,10,1,0
D103,R007,1,5.04,232,10,1,1
D104,R007,0,624.74,237,10,1,0
D105,R007,1,617.78,214,10,1,1
D106,R007,0,881.38,353,10,1,0
D107,R007,0,621.86,252,10,1,0
D108,R007,0,877.06,509,10,1,0
D109,R007,0,1255.05,455,10,1,0
D110,R007,0,1255.06,377,10,0,0
D111,R007,0,5.6,376,10,1,0
D112,R007,0,499.48,599,10,0,0
D113,R007,1,6.07,303,10,0,0
D114,R007,0,1186.99,511,10,0,0
D115,R007,1,1184.57,440,10,1,1
D116,R007,0,622.09,287,10,0,0
D117,R007,0,6.45,161,10,0,0
D118,R007,1,5.95,141,10,1,1
D119,R007,0,494.53,489,10,1,0
D120,R007,0,874.52,421,10,1,0
D121,R007,0,503.21,456,10,0,0
D122,R007,0,1183.08,406,10,0,0
D123,R007,0,1260.45,97,10,0,0
D124,R007,1,512.45,352,10,1,1
D125,R007,1,509.43,569,10,1,1
D126,R007,0,1186.72,362,10,1,0
D127,R007,1,505.45,118,10,0,0
D128,R007,0,502.31,720,10,1,0
D129,R007,0,511.76,467,10,0,0
D130,R007,0,1178.3,279,10,0,0
D131,R007,1,1188.65,387,10,1,1
D132,R007,1,623.83,265,10,1,1
D133,R007,0,496.12,550,10,1,0
D134,R007,0,510.99,715,10,1,0
D135,R007,0,1255.81,414,10,0,0
D136,R007,0,1182.62,654,10,1,0
D137,R007,0,5.57,714,10,0,0
D138,R007,0,1182.04,485,10,1,0
D139,R007,0,500.78,635,10,1,0
D140,R007,1,499.14,223,10,0,0
D141,R007,0,3.65,528,10,0,0
D142,R007,1,498.33,501,10,0,0
D143,R007,1,1186.68,576,10,1,1
D144,R007,0,1185.9,207,10,0,0
D145,R007,0,510.41,395,10,0,0
D146,R007,1,6.03,399,10,1,1
D147,R007,1,502.95,652,10,0,0
D148,R007,0,511.71,172,10,1,0
D149,R007,0,881.49,634,10,1,0
D150,R007,0,881.94,312,10,1,0
D151,R007,1,1186.02,340,10,0,0
D152,R007,0,507.91,512,10,1,0
D153,R007,0,875.76,603,10,1,0
D154,R007,0,503.36,547,10,0,0
D155,R007,0,495.94,240,10,0,0
D156,R007,0,508.34,169,10,0,0
D157,R007,1,5.69,226,10,1,1
D158,R007,0,1179.82,475,10,0,0
D159,R007,0,3.71,333,10,0,0
D160,R007,0,1184.2,574,10,0,0
D161,R007,1,1185.35,680,10,1,1
D162,R007,0,880.19,637,10,0,0
D163,R007,1,498.23,116,10,1,1
D164,R007,1,510.17,652,10,0,0
D165,R007,0,509.81,198,10,1,0
D166,R007,0,501.42,242,10,0,0
D167,R007,0,503.5,604,10,0,0
D168,R007,0,501.37,76,10,1,0
D169,R007,0,624.99,117,10,0,0
D170,R007,0,1185.55,593,10,1,0
D171,R007,1,1182.47,718,10,1,1
D172,R007,0,3.86,534,10,0,0
D173,R007,0,506.45,255,10,1,0
D174,R007,1,505.17,370,10,0,0
D175,R007,0,515.64,389,10,1,0
D176,R007,0,504.14,387,10,0,0
D177,R007,1,4.4,448,10,0,0
D178,R007,1,497.99,233,10,1,1
D179,R007,0,875.08,705,10,1,0
D180,R007,1,1251.55,481,10,1,1
D181,R007,0,1181.35,306,10,1,0
D182,R007,0,1182.62,142,10,1,0
D183,R007,0,517.61,399,10,0,0
D184,R007,1,618.65,347,10,0,0
D185,R007,0,518.6,640,10,0,0
D186,R007,0,505.82,137,10,1,0
D187,R007,1,508.81,250,10,0,0
D188,R007,1,503.45,458,10,0,0
D189,R007,0,615.8,584,10,0,0
D190,R007,0,518.34,632,10,0,0
D191,R007,0,498.2,491,10,1,0
D192,R007,0,616.65,465,10,1,0
D193,R007,1,508.32,265,10,0,0
D194,R007,1,1261.64,462,10,0,0
D195,R007,0,497.19,130,10,0,0
D196,R007,1,509.91,550,10,1,1
D197,R007,0,502.9,423,10,0,0
D198,R007,0,513.82,582,10,1,0
D199,R007,0,499.11,147,10,0,0
D200,R007,0,1255.48,128,10,1,0
D001,R008,1,1150.96,298,6,1,1
D002,R008,0,1753.99,492,6,1,0
D003,R008,0,5.24,609,6,0,0
D004,R008,0,1175.35,356,6,0,0
D005,R008,0,1733.69,723,6,0,0
D006,R008,0,2.46,294,6,0,0
D007,R008,0,1254.24,529,6,0,0
D008,R008,1,3.24,581,6,1,1
D009,R008,1,1749.64,317,6,0,0
D010,R008,0,1751.55,63,6,0,0
D011,R008,0,1304.48,603,6,0,0
D012,R008,0,1253.32,140,6,1,0
D013,R008,0,766.8,276,6,0,0
D014,R008,1,1735.4,81,6,1,1
D015,R008,1,1736.69,557,6,1,1
D016,R008,1,7.77,422,6,1,1
D017,R008,0,771.91,519,6,1,0
D018,R008,1,0.4,75,6,0,0
D019,R008,1,1741.5,525,6,1,1
D020,R008,0,776.84,603,6,1,0
D021,R008,0,1143.23,657,6,0,0
D022,R008,0,1248.48,134,6,1,0
D023,R008,0,1150.7,616,6,1,0
D024,R008,0,1752.51,219,6,1,0
D025,R008,1,1735.3,105,6,0,0
D026,R008,1,3.61,212,6,1,1
D027,R008,1,1252.32,165,6,1,1
D028,R008,0,1164.45,400,6,1,0
D029,R008,1,1165.95,287,6,0,0
D030,R008,1,771.96,345,6,1,1
D031,R008,0,1167.32,99,6,0,0
D032,R008,0,1171.05,592,6,0,0
D033,R008,1,1739.2,394,6,0,0
D034,R008,0,1302.11,371,6,0,0
D035,R008,1,1166.88,708,6,1,1
D036,R008,1,1140.91,134,6,1,1
D037,R008,1,1735.33,590,6,1,1
D038,R008,0,1733.06,576,6,0,0
D039,R008,0,767.46,139,6,1,0
D040,R008,0,1740.28,615,6,1,0
D041,R008,1,1757.31,459,6,0,0
D042,R008,0,1169.15,474,6,0,0
D043,R008,1,765.85,532,6,1,1
D044,R008,1,1303.35,612,6,1,1
D045,R008,0,1256.2,304,6,1,0
D046,R008,1,1145.61,86,6,0,0
D047,R008,1,1170.72,183,6,1,1
D048,R008,1,1755.79,710,6,0,0
D049,R008,1,771.02,334,6,0,0
D050,R008,1,1734.01,246,6,1,1
D051,R008,1,1250.14,560,6,1,1
D052,R008,0,1735.71,655,6,1,0
D053,R008,0,1254.7,182,6,1,0
D054,R008,0,5.07,429,6,1,0
D055,R008,0,1751.27,351,6,1,0
D056,R008,1,771.18,114,6,0,0
D057,R008,0,1305.46,662,6,0,0
D058,R008,0,1300.89,237,6,1,0
D059,R008,0,4.03,330,6,1,0
D060,R008,1,1738.63,642,6,0,0
D061,R008,1,774.78,502,6,1,1
D062,R008,1,1305.66,239,6,0,0
D063,R008,1,770.67,167,6,0,0
D064,R008,1,1254.58,178,6,0,0
D065,R008,1,1165.39,570,6,0,0
D066,R008,1,1757.59,305,6,1,1
D067,R008,1,1305.23,358,6,1,1
D068,R008,0,1305.45,484,6,1,0
D069,R008,1,1301.27,400,6,0,0
D070,R008,0,1171.25,450,6,1,0
D071,R008,1,2.82,207,6,0,0
D072,R008,1,5.93,449,6,0,0
D073,R008,0,771.94,708,6,1,0
D074,R008,0,1145.01,603,6,1,0
D075,R008,0,2.23,321,6,0,0
D076,R008,0,767.82,369,6,1,0
D077,R008,0,1167.64,341,6,1,0
D078,R008,0,1750.22,316,6,1,0
D079,R008,0,7.37,485,6,1,0
D080,R008,0,8.15,362,6,1,0
D081,R008,1,1250.21,330,6,1,1
D082,R008,0,772.21,694,6,0,0
D083,R008,0,1248.72,98,6,1,0
D084,R008,1,777.56,561,6,1,1
D085,R008,1,1306.83,427,6,0,0
D086,R008,1,1303.74,188,6,1,1
D087,R008,0,1742.65,343,6,0,0
D088,R008,0,8.06,662,6,0,0
D089,R008,1,1.21,575,6,1,1
D090,R008,1,1752.54,496,6,1,1
D091,R008,0,770.93,392,6,0,0
D092,R008,0,1306.28,407,6,0,0
D093,R008,0,1172.34,155,6,1,0
D094,R008,1,1250.22,493,6,0,0
D095,R008,1,1749.31,629,6,1,1
D096,R008,1,1307.28,376,6,0,0
D097,R008,1,1259.48,489,6,1,1
D098,R008,1,4.76,143,6,1,1
D099,R008,1,1170.57,558,6,1,1
D100,R008,0,1306.97,182,6,0,0
D101,R008,0,1174.06,506,6,0,0
D102,R008,1,1141.14,692,6,1,1
D103,R008,1,1258.54,232,6,1,1
D104,R008,0,1146.05,237,6,1,0
D105,R008,1,1147.46,214,6,1,1
D106,R008,0,774.21,353,6,1,0
D107,R008,1,1143.96,252,6,1,1
D108,R008,1,769.77,509,6,1,1
D109,R008,1,6.66,455,6,1,1
D110,R008,1,3.37,377,6,0,0
D111,R008,1,1250.33,376,6,1,1
D112,R008,0,1739.62,599,6,0,0
D113,R008,0,1249.57,303,6,0,0
D114,R008,1,1306.0,511,6,0,0
D115,R008,0,1303.43,440,6,1,0
D116,R008,1,1142.93,287,6,0,0
D117,R008,1,1248.76,161,6,0,0
D118,R008,0,1250.0,141,6,1,0
D119,R008,0,1734.08,489,6,1,0
D120,R008,0,774.46,421,6,1,0
D121,R008,1,1173.09,456,6,0,0
D122,R008,1,1302.36,406,6,0,0
D123,R008,0,7.21,97,6,0,0
D124,R008,1,1751.79,352,6,1,1
D125,R008,1,1749.93,569,6,1,1
D126,R008,0,1305.22,362,6,1,0
D127,R008,1,1173.97,118,6,0,0
D128,R008,1,1170.82,720,6,1,1
D129,R008,1,1166.83,467,6,0,0
D130,R008,1,1303.3,279,6,0,0
D131,R008,0,1308.2,387,6,1,0
D132,R008,0,1145.47,265,6,1,0
D133,R008,0,1734.45,550,6,1,0
D134,R008,0,1168.06,715,6,1,0
D135,R008,0,6.69,414,6,0,0
D136,R008,0,1300.84,654,6,1,0
D137,R008,0,1249.89,714,6,0,0
D138,R008,1,1302.53,485,6,1,1
D139,R008,0,1739.48,635,6,1,0
D140,R008,1,1738.1,223,6,0,0
D141,R008,1,1256.68,528,6,0,0
D142,R008,1,1736.76,501,6,0,0
D143,R008,0,1305.98,576,6,1,0
D144,R008,0,1304.17,207,6,0,0
D145,R008,1,1171.59,395,6,0,0
D146,R008,1,1257.88,399,6,1,1
D147,R008,1,1168.48,652,6,0,0
D148,R008,0,1752.72,172,6,1,0
D149,R008,1,776.27,634,6,1,1
D150,R008,0,773.39,312,6,1,0
D151,R008,1,1310.83,340,6,0,0
D152,R008,1,1166.33,512,6,1,1
D153,R008,1,773.14,603,6,1,1
D154,R008,1,1742.74,547,6,0,0
D155,R008,0,1734.89,240,6,0,0
D156,R008,0,1748.61,169,6,0,0
D157,R008,1,1256.53,226,6,1,1
D158,R008,0,1299.58,475,6,0,0
D159,R008,0,1258.37,333,6,0,0
D160,R008,1,1305.22,574,6,0,0
D161,R008,0,1305.13,680,6,1,0
D162,R008,1,768.38,637,6,0,0
D163,R008,0,1736.9,116,6,1,0
D164,R008,1,1172.01,652,6,0,0
D165,R008,1,1173.19,198,6,1,1
D166,R008,1,1170.44,242,6,0,0
D167,R008,0,1169.27,604,6,0,0
D168,R008,1,1740.56,76,6,1,1
D169,R008,1,1151.11,117,6,0,0
D170,R008,0,1310.29,593,6,1,0
D171,R008,1,1306.95,718,6,1,1
D172,R008,0,1251.34,534,6,0,0
D173,R008,1,1165.08,255,6,1,1
D174,R008,0,1168.09,370,6,0,0
D175,R008,0,1756.82,389,6,1,0
D176,R008,1,1170.17,387,6,0,0
D177,R008,1,1255.2,448,6,0,0
D178,R008,1,1737.84,233,6,1,1
D179,R008,1,773.05,705,6,1,1
D180,R008,1,4.27,481,6,1,1
D181,R008,0,1303.04,306,6,1,0
D182,R008,0,1301.17,142,6,1,0
D183,R008,0,1758.47,399,6,0,0
D184,R008,1,1139.47,347,6,0,0
D185,R008,1,1758.42,640,6,0,0
D186,R008,1,1168.23,137,6,1,1
D187,R008,0,1165.75,250,6,0,0
D188,R008,0,1174.32,458,6,0,0
D189,R008,1,1147.7,584,6,0,0
D190,R008,1,1758.85,632,6,0,0
D191,R008,1,1736.91,491,6,1,1
D192,R008,1,1144.9,465,6,1,1
D193,R008,0,1167.5,265,6,0,0
D194,R008,0,10.16,462,6,0,0
D195,R008,1,1736.78,130,6,0,0
D196,R008,1,1169.46,550,6,1,1
D197,R008,1,1168.93,423,6,0,0
D198,R008,1,1753.83,582,6,1,1
D199,R008,0,1738.37,147,6,0,0
D200,R008,1,1.09,128,6,1,1
D001,R009,0,116.72,298,4,1,0
D002,R009,0,917.97,492,4,1,0
D003,R009,0,1172.72,609,4,0,0
D004,R009,0,4.11,356,4,0,0
D005,R009,0,732.46,723,4,0,0
D006,R009,0,1174.55,294,4,0,0
D007,R009,0,505.09,529,4,0,0
D008,R009,1,1172.44,581,4,1,1
D009,R009,1,911.2,317,4,0,0
D010,R009,0,912.24,63,4,0,0
D011,R009,0,1583.16,603,4,0,0
D012,R009,0,505.31,140,4,1,0
D013,R009,0,520.23,276,4,0,0
D014,R009,0,734.0,81,4,1,0
D015,R009,0,732.88,557,4,1,0
D016,R009,0,1178.45,422,4,1,0
D017,R009,0,523.13,519,4,1,0
D018,R009,0,1171.85,75,4,0,0
D019,R009,0,739.62,525,4,1,0
D020,R009,0,514.88,603,4,1,0
D021,R009,0,123.31,657,4,0,0
D022,R009,0,504.99,134,4,1,0
D023,R009,0,117.55,616,4,1,0
D024,R009,0,915.88,219,4,1,0
D025,R009,0,732.81,105,4,0,0
D026,R009,0,1175.69,212,4,1,0
D027,R009,0,505.41,165,4,1,0
D028,R009,0,8.93,400,4,1,0
D029,R009,0,8.77,287,4,0,0
D030,R009,1,515.61,345,4,1,1
D031,R009,0,7.99,99,4,0,0
D032,R009,0,6.89,592,4,0,0
D033,R009,0,735.35,394,4,0,0
D034,R009,0,1576.36,371,4,0,0
D035,R009,0,6.41,708,4,1,0
D036,R009,0,117.12,134,4,1,0
D037,R009,0,733.86,590,4,1,0
D038,R009,0,730.46,576,4,0,0
D039,R009,0,521.7,139,4,1,0
D040,R009,0,737.67,615,4,1,0
D041,R009,1,918.23,459,4,0,0
D042,R009,0,6.43,474,4,0,0
D043,R009,0,521.34,532,4,1,0
D044,R009,1,1576.08,612,4,1,1
D045,R009,0,505.64,304,4,1,0
D046,R009,0,120.28,86,4,0,0
D047,R009,0,6.09,183,4,1,0
D048,R009,1,917.25,710,4,0,0
D049,R009,1,520.45,334,4,0,0
D050,R009,1,731.07,246,4,1,1
D051,R009,0,506.77,560,4,1,0
D052,R009,0,735.66,655,4,1,0
D053,R009,0,511.99,182,4,1,0
D054,R009,0,1172.39,429,4,1,0
D055,R009,0,912.13,351,4,1,0
D056,R009,0,515.14,114,4,0,0
D057,R009,0,1575.66,662,4,0,0
D058,R009,0,1575.08,237,4,1,0
D059,R009,0,1169.53,330,4,1,0
D060,R009,0,737.55,642,4,0,0
D061,R009,1,513.52,502,4,1,1
D062,R009,0,1575.31,239,4,0,0
D063,R009,0,523.36,167,4,0,0
D064,R009,0,509.46,178,4,0,0
D065,R009,0,8.78,570,4,0,0
D066,R009,0,919.29,305,4,1,0
D067,R009,0,1579.94,358,4,1,0
D068,R009,0,1578.88,484,4,1,0
D069,R009,0,1577.98,400,4,0,0
D070,R009,0,1.98,450,4,1,0
D071,R009,0,1173.52,207,4,0,0
D072,R009,0,1171.29,449,4,0,0
D073,R009,0,523.28,708,4,1,0
D074,R009,0,115.33,603,4,1,0
D075,R009,0,1170.2,321,4,0,0
D076,R009,0,521.91,369,4,1,0
D077,R009,0,4.85,341,4,1,0
D078,R009,0,915.62,316,4,1,0
D079,R009,0,1177.51,485,4,1,0
D080,R009,0,1179.1,362,4,1,0
D081,R009,1,508.06,330,4,1,1
D082,R009,0,515.99,694,4,0,0
D083,R009,0,505.22,98,4,1,0
D084,R009,0,514.63,561,4,1,0
D085,R009,0,1576.75,427,4,0,0
D086,R009,0,1574.69,188,4,1,0
D087,R009,0,742.17,343,4,0,0
D088,R009,0,1180.23,662,4,0,0
D089,R009,1,1171.35,575,4,1,1
D090,R009,0,918.3,496,4,1,0
D091,R009,0,520.48,392,4,0,0
D092,R009,0,1580.21,407,4,0,0
D093,R009,0,0.45,155,4,1,0
D094,R009,0,508.95,493,4,0,0
D095,R009,0,914.02,629,4,1,0
D096,R009,0,1582.54,376,4,0,0
D097,R009,0,514.48,489,4,1,0
D098,R009,0,1174.23,143,4,1,0
D099,R009,0,3.29,558,4,1,0
D100,R009,0,1577.03,182,4,0,0
D101,R009,0,3.71,506,4,0,0
D102,R009,0,118.91,692,4,1,0
D103,R009,1,513.98,232,4,1,1
D104,R009,0,120.3,237,4,1,0
D105,R009,1,113.06,214,4,1,1
D106,R009,0,517.95,353,4,1,0
D107,R009,0,118.01,252,4,1,0
D108,R009,0,516.89,509,4,1,0
D109,R009,0,1174.76,455,4,1,0
D110,R009,0,1173.43,377,4,0,0
D111,R009,0,510.11,376,4,1,0
D112,R009,0,739.63,599,4,0,0
D113,R009,0,509.4,303,4,0,0
D114,R009,0,1582.79,511,4,0,0
D115,R009,0,1580.06,440,4,1,0
D116,R009,0,118.51,287,4,0,0
D117,R009,0,507.16,161,4,0,0
D118,R009,0,504.7,141,4,1,0
D119,R009,0,733.74,489,4,1,0
D120,R009,0,512.48,421,4,1,0
D121,R009,0,6.15,456,4,0,0
D122,R009,0,1578.52,406,4,0,0
D123,R009,0,1178.99,97,4,0,0
D124,R009,1,917.64,352,4,1,1
D125,R009,1,912.61,569,4,1,1
D126,R009,0,1582.35,362,4,1,0
D127,R009,1,4.27,118,4,0,0
D128,R009,0,7.02,720,4,1,0
D129,R009,0,6.01,467,4,0,0
D130,R009,0,1574.76,279,4,0,0
D131,R009,0,1584.77,387,4,1,0
D132,R009,0,119.55,265,4,1,0
D133,R009,0,731.1,550,4,1,0
D134,R009,0,4.55,715,4,1,0
D135,R009,0,1175.46,414,4,0,0
D136,R009,0,1577.73,654,4,1,0
D137,R009,0,508.93,714,4,0,0
D138,R009,0,1577.69,485,4,1,0
D139,R009,0,736.0,635,4,1,0
D140,R009,1,735.54,223,4,0,0
D141,R009,0,506.67,528,4,0,0
D142,R009,1,733.17,501,4,0,0
D143,R009,0,1582.52,576,4,1,0
D144,R009,0,1581.38,207,4,0,0
D145,R009,0,1.34,395,4,0,0
D146,R009,1,515.25,399,4,1,1
D147,R009,1,7.19,652,4,0,0
D148,R009,0,913.41,172,4,1,0
D149,R009,0,516.97,634,4,1,0
D150,R009,0,518.81,312,4,1,0
D151,R009,1,1583.26,340,4,0,0
D152,R009,0,5.96,512,4,1,0
D153,R009,0,514.13,603,4,1,0
D154,R009,0,740.27,547,4,0,0
D155,R009,0,732.94,240,4,0,0
D156,R009,0,912.16,169,4,0,0
D157,R009,1,514.88,226,4,1,1
D158,R009,0,1575.03,475,4,0,0
D159,R009,0,512.19,333,4,0,0
D160,R009,0,1580.23,574,4,0,0
D161,R009,0,1581.17,680,4,1,0
D162,R009,0,520.05,637,4,0,0
D163,R009,0,733.86,116,4,1,0
D164,R009,1,0.95,652,4,0,0
D165,R009,0,1.13,198,4,1,0
D166,R009,0,7.96,242,4,0,0
D167,R009,0,6.34,604,4,0,0
D168,R009,0,738.05,76,4,1,0
D169,R009,0,119.35,117,4,0,0
D170,R009,0,1582.72,593,4,1,0
D171,R009,1,1579.25,718,4,1,1
D172,R009,0,507.75,534,4,0,0
D173,R009,0,7.54,255,4,1,0
D174,R009,0,5.67,370,4,0,0
D175,R009,0,916.35,389,4,1,0
D176,R009,0,5.41,387,4,0,0
D177,R009,1,505.14,448,4,0,0
D178,R009,1,737.5,233,4,1,1
D179,R009,0,513.65,705,4,1,0
D180,R009,1,1169.76,481,4,1,1
D181,R009,0,1577.25,306,4,1,0
D182,R009,0,1577.81,142,4,1,0
D183,R009,0,918.75,399,4,0,0
D184,R009,1,116.15,347,4,0,0
D185,R009,0,921.89,640,4,0,0
D186,R009,0,5.13,137,4,1,0
D187,R009,0,6.44,250,4,0,0
D188,R009,0,6.27,458,4,0,0
D189,R009,0,111.03,584,4,0,0
D190,R009,0,920.18,632,4,0,0
D191,R009,0,733.98,491,4,1,0
D192,R009,0,112.62,465,4,1,0
D193,R009,0,4.74,265,4,0,0
D194,R009,0,1181.26,462,4,0,0
D195,R009,0,735.99,130,4,0,0
D196,R009,1,2.83,550,4,1,1
D197,R009,0,7.02,423,4,0,0
D198,R009,0,917.38,582,4,1,0
D199,R009,0,736.45,147,4,0,0
D200,R009,0,1172.87,128,4,1,0
D001,R010,1,1152.38,298,8,1,1
D002,R010,0,1756.1,492,8,1,0
D003,R010,1,6.81,609,8,0,0
D004,R010,0,1176.93,356,8,0,0
D005,R010,0,1735.67,723,8,0,0
D006,R010,1,1.13,294,8,0,0
D007,R010,1,1256.29,529,8,0,0
D008,R010,1,4.92,581,8,1,1
D009,R010,1,1751.75,317,8,0,0
D010,R010,0,1753.66,63,8,0,0
D011,R010,0,1306.25,603,8,0,0
D012,R010,0,1255.37,140,8,1,0
D013,R010,1,767.77,276,8,0,0
D014,R010,0,1737.38,81,8,1,0
D015,R010,1,1738.67,557,8,1,1
D016,R010,0,7.7,422,8,1,0
D017,R010,0,772.86,519,8,1,0
D018,R010,0,2.58,75,8,0,0
D019,R010,0,1743.48,525,8,1,0
D020,R010,0,777.81,603,8,1,0
D021,R010,0,1144.64,657,8,0,0
D022,R010,1,1250.54,134,8,1,1
D023,R010,1,1152.12,616,8,1,1
D024,R010,0,1754.62,219,8,1,0
D025,R010,0,1737.28,105,8,0,0
D026,R010,0,2.03,212,8,1,0
D027,R010,1,1254.37,165,8,1,1
D028,R010,1,1166.04,400,8,1,1
D029,R010,1,1167.54,287,8,0,0
D030,R010,1,772.93,345,8,1,1
D031,R010,0,1168.91,99,8,0,0
D032,R010,1,1172.64,592,8,0,0
D033,R010,1,1741.18,394,8,0,0
D034,R010,1,1303.89,371,8,0,0
D035,R010,0,1168.46,708,8,1,0
D036,R010,0,1142.33,134,8,1,0
D037,R010,1,1737.32,590,8,1,1
D038,R010,1,1735.04,576,8,0,0
D039,R010,1,768.43,139,8,1,1
D040,R010,0,1742.27,615,8,1,0
D041,R010,1,1759.42,459,8,0,0
D042,R010,1,1170.73,474,8,0,0
D043,R010,0,766.82,532,8,1,0
D044,R010,1,1305.13,612,8,1,1
D045,R010,0,1258.25,304,8,1,0
D046,R010,0,1147.03,86,8,0,0
D047,R010,1,1172.3,183,8,1,1
D048,R010,1,1757.9,710,8,0,0
D049,R010,1,771.98,334,8,0,0
D050,R010,1,1736.0,246,8,1,1
D051,R010,0,1252.2,560,8,1,0
D052,R010,1,1737.7,655,8,1,1
D053,R010,0,1256.76,182,8,1,0
D054,R010,0,6.72,429,8,1,0
D055,R010,1,1753.38,351,8,1,1
D056,R010,1,772.16,114,8,0,0
D057,R010,1,1307.24,662,8,0,0
D058,R010,1,1302.67,237,8,1,1
D059,R010,1,6.2,330,8,1,1
D060,R010,0,1740.62,642,8,0,0
D061,R010,1,775.76,502,8,1,1
D062,R010,1,1307.44,239,8,0,0
D063,R010,1,771.62,167,8,0,0
D064,R010,1,1256.64,178,8,0,0
D065,R010,0,1166.98,570,8,0,0
D066,R010,0,1759.7,305,8,1,0
D067,R010,0,1307.01,358,8,1,0
D068,R010,0,1307.23,484,8,1,0
D069,R010,0,1303.05,400,8,0,0
D070,R010,1,1172.83,450,8,1,1
D071,R010,0,1.01,207,8,0,0
D072,R010,1,7.78,449,8,0,0
D073,R010,0,772.89,708,8,1,0
D074,R010,1,1146.43,603,8,1,1
D075,R010,0,3.6,321,8,0,0
D076,R010,1,768.79,369,8,1,1
D077,R010,0,1169.21,341,8,1,0
D078,R010,1,1752.33,316,8,1,1
D079,R010,0,7.61,485,8,1,0
D080,R010,1,7.91,362,8,1,1
D081,R010,1,1252.27,330,8,1,1
D082,R010,0,773.18,694,8,0,0
D083,R010,1,1250.77,98,8,1,1
D084,R010,0,778.52,561,8,1,0
D085,R010,1,1308.61,427,8,0,0
D086,R010,0,1305.52,188,8,1,0
D087,R010,0,1744.64,343,8,0,0
D088,R010,0,6.77,662,8,0,0
D089,R010,1,2.5,575,8,1,1
D090,R010,0,1754.65,496,8,1,0
D091,R010,1,771.89,392,8,0,0
D092,R010,1,1308.05,407,8,0,0
D093,R010,1,1173.91,155,8,1,1
D094,R010,1,1252.28,493,8,0,0
D095,R010,0,1751.42,629,8,1,0
D096,R010,1,1309.05,376,8,0,0
D097,R010,0,1261.54,489,8,1,0
D098,R010,0,5.83,143,8,1,0
D099,R010,0,1172.15,558,8,1,0
D100,R010,0,1308.75,182,8,0,0
D101,R010,0,1175.64,506,8,0,0
D102,R010,1,1142.56,692,8,1,1
D103,R010,1,1260.6,232,8,1,1
D104,R010,0,1147.46,237,8,1,0
D105,R010,1,1148.89,214,8,1,1
D106,R010,1,775.17,353,8,1,1
D107,R010,1,1145.38,252,8,1,1
D108,R010,0,770.74,509,8,1,0
D109,R010,1,7.72,455,8,1,1
D110,R010,0,4.65,377,8,0,0
D111,R010,1,1252.39,376,8,1,1
D112,R010,0,1741.61,599,8,0,0
D113,R010,1,1251.63,303,8,0,0
D114,R010,0,1307.77,511,8,0,0
D115,R010,1,1305.2,440,8,1,1
D116,R010,0,1144.35,287,8,0,0
D117,R010,1,1250.81,161,8,0,0
D118,R010,1,1252.05,141,8,1,1
D119,R010,0,1736.06,489,8,1,0
D120,R010,0,775.44,421,8,1,0
D121,R010,1,1174.68,456,8,0,0
D122,R010,1,1304.13,406,8,0,0
D123,R010,0,6.53,97,8,0,0
D124,R010,1,1753.91,352,8,1,1
D125,R010,1,1752.04,569,8,1,1
D126,R010,1,1306.99,362,8,1,1
D127,R010,1,1175.55,118,8,0,0
D128,R010,0,1172.41,720,8,1,0
D129,R010,0,1168.41,467,8,0,0
D130,R010,1,1305.08,279,8,0,0
D131,R010,1,1309.97,387,8,1,1
D132,R010,1,1146.89,265,8,1,1
D133,R010,0,1736.43,550,8,1,0
D134,R010,0,1169.63,715,8,1,0
D135,R010,0,7.55,414,8,0,0
D136,R010,0,1302.62,654,8,1,0
D137,R010,0,1251.95,714,8,0,0
D138,R010,0,1304.3,485,8,1,0
D139,R010,1,1741.46,635,8,1,1
D140,R010,1,1740.09,223,8,0,0
D141,R010,0,1258.73,528,8,0,0
D142,R010,1,1738.74,501,8,0,0
D143,R010,1,1307.75,576,8,1,1
D144,R010,1,1305.95,207,8,0,0
D145,R010,0,1173.16,395,8,0,0
D146,R010,1,1259.94,399,8,1,1
D147,R010,1,1170.07,652,8,0,0
D148,R010,0,1754.83,172,8,1,0
D149,R010,0,777.23,634,8,1,0
D150,R010,1,774.35,312,8,1,1
D151,R010,1,1312.6,340,8,0,0
D152,R010,1,1167.91,512,8,1,1
D153,R010,0,774.12,603,8,1,0
D154,R010,0,1744.73,547,8,0,0
D155,R010,0,1736.88,240,8,0,0
D156,R010,0,1750.72,169,8,0,0
D157,R010,1,1258.59,226,8,1,1
D158,R010,0,1301.36,475,8,0,0
D159,R010,0,1260.42,333,8,0,0
D160,R010,1,1306.99,574,8,0,0
D161,R010,1,1306.9,680,8,1,1
D162,R010,1,769.35,637,8,0,0
D163,R010,1,1738.88,116,8,1,1
D164,R010,1,1173.59,652,8,0,0
D165,R010,0,1174.77,198,8,1,0
D166,R010,0,1172.03,242,8,0,0
D167,R010,1,1170.85,604,8,0,0
D168,R010,0,1742.54,76,8,1,0
D169,R010,1,1152.53,117,8,0,0
D170,R010,0,1312.06,593,8,1,0
D171,R010,1,1308.72,718,8,1,1
D172,R010,0,1253.39,534,8,0,0
D173,R010,1,1166.66,255,8,1,1
D174,R010,1,1169.67,370,8,0,0
D175,R010,0,1758.93,389,8,1,0
D176,R010,0,1171.75,387,8,0,0
D177,R010,1,1257.25,448,8,0,0
D178,R010,1,1739.82,233,8,1,1
D179,R010,0,774.03,705,8,1,0
D180,R010,1,6.42,481,8,1,1
D181,R010,0,1304.82,306,8,1,0
D182,R010,0,1302.95,142,8,1,0
D183,R010,0,1760.58,399,8,0,0
D184,R010,1,1140.9,347,8,0,0
D185,R010,0,1760.53,640,8,0,0
D186,R010,1,1169.82,137,8,1,1
D187,R010,1,1167.33,250,8,0,0
D188,R010,1,1175.91,458,8,0,0
D189,R010,0,1149.12,584,8,0,0
D190,R010,1,1760.95,632,8,0,0
D191,R010,0,1738.89,491,8,1,0
D192,R010,0,1146.33,465,8,1,0
D193,R010,1,1169.08,265,8,0,0
D194,R010,1,9.66,462,8,0,0
D195,R010,0,1738.76,130,8,0,0
D196,R010,1,1171.04,550,8,1,1
D197,R010,0,1170.51,423,8,0,0
D198,R010,0,1755.94,582,8,1,0
D199,R010,0,1740.35,147,8,0,0
D200,R010,1,2.53,128,8,1,1
D001,R011,0,1029.24,298,6,1,0
D002,R011,0,5.71,492,6,1,0
D003,R011,0,1751.81,609,6,0,0
D004,R011,0,910.66,356,6,0,0
D005,R011,0,288.0,723,6,0,0
D006,R011,0,1756.25,294,6,0,0
D007,R011,0,514.9,529,6,0,0
D008,R011,1,1752.52,581,6,1,1
D009,R011,1,4.21,317,6,0,0
D010,R011,0,2.34,63,6,0,0
D011,R011,0,1366.26,603,6,0,0
D012,R011,0,515.62,140,6,1,0
D013,R011,0,1369.87,276,6,0,0
D014,R011,0,287.86,81,6,1,0
D015,R011,0,292.15,557,6,1,0
D016,R011,0,1757.14,422,6,1,0
D017,R011,0,1376.03,519,6,1,0
D018,R011,0,1753.45,75,6,0,0
D019,R011,0,287.22,525,6,1,0
D020,R011,0,1368.27,603,6,1,0
D021,R011,0,1036.71,657,6,0,0
D022,R011,0,519.85,134,6,1,0
D023,R011,0,1030.08,616,6,1,0
D024,R011,0,4.39,219,6,1,0
D025,R011,0,289.97,105,6,0,0
D026,R011,0,1757.34,212,6,1,0
D027,R011,0,516.44,165,6,1,0
D028,R011,0,913.49,400,6,1,0
D029,R011,0,911.32,287,6,0,0
D030,R011,1,1366.72,345,6,1,1
D031,R011,0,910.59,99,6,0,0
D032,R011,0,908.63,592,6,0,0
D033,R011,0,291.59,394,6,0,0
D034,R011,0,1358.93,371,6,0,0
D035,R011,0,913.26,708,6,1,0
D036,R011,0,1030.93,134,6,1,0
D037,R011,0,288.02,590,6,1,0
D038,R011,0,290.78,576,6,0,0
D039,R011,0,1372.04,139,6,1,0
D040,R011,0,288.95,615,6,1,0
D041,R011,1,3.93,459,6,0,0
D042,R011,0,910.44,474,6,0,0
D043,R011,0,1370.77,532,6,1,0
D044,R011,1,1357.58,612,6,1,1
D045,R011,0,513.07,304,6,1,0
D046,R011,0,1033.47,86,6,0,0
D047,R011,0,909.57,183,6,1,0
D048,R011,1,2.95,710,6,0,0
D049,R011,1,1372.28,334,6,0,0
D050,R011,1,291.19,246,6,1,1
D051,R011,0,517.9,560,6,1,0
D052,R011,0,285.19,655,6,1,0
D053,R011,0,512.47,182,6,1,0
D054,R011,0,1751.59,429,6,1,0
D055,R011,0,2.59,351,6,1,0
D056,R011,0,1365.74,114,6,0,0
D057,R011,0,1355.34,662,6,0,0
D058,R011,0,1358.18,237,6,1,0
D059,R011,0,1750.06,330,6,1,0
D060,R011,0,286.42,642,6,0,0
D061,R011,1,1365.56,502,6,1,1
D062,R011,0,1354.71,239,6,0,0
D063,R011,0,1375.7,167,6,0,0
D064,R011,0,513.3,178,6,0,0
D065,R011,0,912.09,570,6,0,0
D066,R011,0,4.95,305,6,1,0
D067,R011,0,1361.31,358,6,1,0
D068,R011,0,1359.7,484,6,1,0
D069,R011,0,1361.79,400,6,0,0
D070,R011,0,913.14,450,6,1,0
D071,R011,0,1756.21,207,6,0,0
D072,R011,0,1750.24,449,6,0,0
D073,R011,0,1376.22,708,6,1,0
D074,R011,0,1028.75,603,6,1,0
D075,R011,0,1752.58,321,6,0,0
D076,R011,0,1372.48,369,6,1,0
D077,R011,0,917.74,341,6,1,0
D078,R011,0,7.61,316,6,1,0
D079,R011,0,1756.06,485,6,1,0
D080,R011,0,1757.84,362,6,1,0
D081,R011,1,517.46,330,6,1,1
D082,R011,0,1367.34,694,6,0,0
D083,R011,0,519.58,98,6,1,0
D084,R011,0,1368.32,561,6,1,0
D085,R011,0,1355.71,427,6,0,0
D086,R011,0,1355.38,188,6,1,0
D087,R011,0,284.27,343,6,0,0
D088,R011,0,1760.65,662,6,0,0
D089,R011,1,1753.53,575,6,1,1
D090,R011,0,8.19,496,6,1,0
D091,R011,0,1372.27,392,6,0,0
D092,R011,0,1360.84,407,6,0,0
D093,R011,0,914.68,155,6,1,0
D094,R011,0,517.2,493,6,0,0
D095,R011,0,6.94,629,6,1,0
D096,R011,0,1363.2,376,6,0,0
D097,R011,0,507.64,489,6,1,0
D098,R011,0,1753.57,143,6,1,0
D099,R011,0,912.4,558,6,1,0
D100,R011,0,1355.99,182,6,0,0
D101,R011,0,910.66,506,6,0,0
D102,R011,0,1032.66,692,6,1,0
D103,R011,1,508.59,232,6,1,1
D104,R011,0,1033.44,237,6,1,0
D105,R011,1,1026.24,214,6,1,1
D106,R011,0,1370.77,353,6,1,0
D107,R011,0,1031.48,252,6,1,0
D108,R011,0,1367.21,509,6,1,0
D109,R011,0,1753.15,455,6,1,0
D110,R011,0,1753.43,377,6,0,0
D111,R011,0,516.77,376,6,1,0
D112,R011,0,284.07,599,6,0,0
D113,R011,0,517.63,303,6,0,0
D114,R011,0,1364.55,511,6,0,0
D115,R011,0,1362.9,440,6,1,0
D116,R011,0,1032.08,287,6,0,0
D117,R011,0,518.98,161,6,0,0
D118,R011,0,518.63,141,6,1,0
D119,R011,0,286.18,489,6,1,0
D120,R011,0,1364.09,421,6,1,0
D121,R011,0,908.43,456,6,0,0
D122,R011,0,1361.67,406,6,0,0
D123,R011,0,1758.67,97,6,0,0
D124,R011,1,8.22,352,6,1,1
D125,R011,1,4.49,569,6,1,1
D126,R011,0,1364.59,362,6,1,0
D127,R011,1,910.08,118,6,0,0
D128,R011,0,908.64,720,6,1,0
D129,R011,0,919.03,467,6,0,0
D130,R011,0,1355.83,279,6,0,0
D131,R011,0,1365.49,387,6,1,0
D132,R011,0,1032.78,265,6,1,0
D133,R011,0,291.86,550,6,1,0
D134,R011,0,917.79,715,6,1,0
D135,R011,0,1753.91,414,6,0,0
D136,R011,0,1361.8,654,6,1,0
D137,R011,0,517.49,714,6,0,0
D138,R011,0,1360.41,485,6,1,0
D139,R011,0,290.81,635,6,1,0
D140,R011,1,289.4,223,6,0,0
D141,R011,0,512.35,528,6,0,0
D142,R011,1,291.71,501,6,0,0
D143,R011,0,1364.21,576,6,1,0
D144,R011,0,1364.1,207,6,0,0
D145,R011,0,915.68,395,6,0,0
D146,R011,1,508.8,399,6,1,1
D147,R011,1,910.27,652,6,0,0
D148,R011,0,1.13,172,6,1,0
D149,R011,0,1370.58,634,6,1,0
D150,R011,0,1371.43,312,6,1,0
D151,R011,1,1361.37,340,6,0,0
D152,R011,0,915.75,512,6,1,0
D153,R011,0,1365.48,603,6,1,0
D154,R011,0,288.08,547,6,0,0
D155,R011,0,289.05,240,6,0,0
D156,R011,0,6.1,169,6,0,0
D157,R011,1,510.07,226,6,1,1
D158,R011,0,1359.15,475,6,0,0
D159,R011,0,509.26,333,6,0,0
D160,R011,0,1361.71,574,6,0,0
D161,R011,0,1363.06,680,6,1,0
D162,R011,0,1370.44,637,6,0,0
D163,R011,0,290.62,116,6,1,0
D164,R011,1,915.27,652,6,0,0
D165,R011,0,914.41,198,6,1,0
D166,R011,0,908.0,242,6,0,0
D167,R011,0,910.42,604,6,0,0
D168,R011,0,288.68,76,6,1,0
D169,R011,0,1031.74,117,6,0,0
D170,R011,0,1361.07,593,6,1,0
D171,R011,1,1359.01,718,6,1,1
D172,R011,0,516.58,534,6,0,0
D173,R011,0,914.97,255,6,1,0
D174,R011,0,912.47,370,6,0,0
D175,R011,0,3.03,389,6,1,0
D176,R011,0,910.6,387,6,0,0
D177,R011,1,514.07,448,6,0,0
D178,R011,1,285.19,233,6,1,1
D179,R011,0,1364.83,705,6,1,0
D180,R011,1,1750.03,481,6,1,1
D181,R011,0,1359.41,306,6,1,0
D182,R011,0,1361.65,142,6,1,0
D183,R011,0,4.78,399,6,0,0
D184,R011,1,1030.11,347,6,0,0
D185,R011,0,7.87,640,6,0,0
D186,R011,0,912.99,137,6,1,0
D187,R011,0,916.82,250,6,0,0
D188,R011,0,908.09,458,6,0,0
D189,R011,0,1024.25,584,6,0,0
D190,R011,0,5.87,632,6,0,0
D191,R011,0,290.41,491,6,1,0
D192,R011,0,1026.13,465,6,1,0
D193,R011,0,915.6,265,6,0,0
D194,R011,0,1759.62,462,6,0,0
D195,R011,0,286.32,130,6,0,0
D196,R011,1,916.18,550,6,1,1
D197,R011,0,910.03,423,6,0,0
D198,R011,0,4.95,582,6,1,0
D199,R011,0,288.07,147,6,0,0
D200,R011,0,1754.03,128,6,1,0
D001,R012,0,118.0,298,7,1,0
D002,R012,0,917.61,492,7,1,0
D003,R012,0,1168.69,609,7,0,0
D004,R012,1,7.2,356,7,0,0
D005,R012,0,733.37,723,7,0,0
D006,R012,1,1170.53,294,7,0,0
D007,R012,1,502.75,529,7,0,0
D008,R012,1,1168.42,581,7,1,1
D009,R012,1,910.85,317,7,0,0
D010,R012,0,911.9,63,7,0,0
D011,R012,1,1579.05,603,7,0,0
D012,R012,1,502.95,140,7,1,1
D013,R012,1,517.86,276,7,0,0
D014,R012,1,734.92,81,7,1,1
D015,R012,0,733.82,557,7,1,0
D016,R012,1,1174.42,422,7,1,1
D017,R012,0,520.83,519,7,1,0
D018,R012,0,1167.83,75,7,0,0
D019,R012,1,740.55,525,7,1,1
D020,R012,0,512.57,603,7,1,0
D021,R012,1,124.34,657,7,0,0
D022,R012,0,502.59,134,7,1,0
D023,R012,1,118.83,616,7,1,1
D024,R012,0,915.51,219,7,1,0
D025,R012,0,733.74,105,7,0,0
D026,R012,0,1171.67,212,7,1,0
D027,R012,0,503.04,165,7,1,0
D028,R012,1,4.36,400,7,1,1
D029,R012,0,4.55,287,7,0,0
D030,R012,1,513.25,345,7,1,1
D031,R012,0,4.23,99,7,0,0
D032,R012,1,5.43,592,7,0,0
D033,R012,0,736.29,394,7,0,0
D034,R012,1,1572.25,371,7,0,0
D035,R012,1,1.91,708,7,1,1
D036,R012,0,118.02,134,7,1,0
D037,R012,0,734.78,590,7,1,0
D038,R012,0,731.38,576,7,0,0
D039,R012,0,519.34,139,7,1,0
D040,R012,1,738.6,615,7,1,1
D041,R012,1,917.89,459,7,0,0
D042,R012,0,3.61,474,7,0,0
D043,R012,0,518.97,532,7,1,0
D044,R012,1,1571.98,612,7,1,1
D045,R012,1,503.31,304,7,1,1
D046,R012,0,121.38,86,7,0,0
D047,R012,0,4.51,183,7,1,0
D048,R012,1,916.9,710,7,0,0
D049,R012,1,518.11,334,7,0,0
D050,R012,1,732.0,246,7,1,1
D051,R012,0,504.38,560,7,1,0
D052,R012,1,736.56,655,7,1,1
D053,R012,0,509.62,182,7,1,0
D054,R012,0,1168.36,429,7,1,0
D055,R012,1,911.78,351,7,1,1
D056,R012,0,512.78,114,7,0,0
D057,R012,1,1571.56,662,7,0,0
D058,R012,1,1570.97,237,7,1,1
D059,R012,0,1165.5,330,7,1,0
D060,R012,0,738.46,642,7,0,0
D061,R012,1,511.18,502,7,1,1
D062,R012,0,1571.21,239,7,0,0
D063,R012,0,521.04,167,7,0,0
D064,R012,0,507.1,178,7,0,0
D065,R012,0,4.37,570,7,0,0
D066,R012,0,918.95,305,7,1,0
D067,R012,1,1575.83,358,7,1,1
D068,R012,1,1574.77,484,7,1,1
D069,R012,1,1573.87,400,7,0,0
D070,R012,1,3.11,450,7,1,1
D071,R012,1,1169.5,207,7,0,0
D072,R012,0,1167.26,449,7,0,0
D073,R012,1,520.97,708,7,1,1
D074,R012,0,116.37,603,7,1,0
D075,R012,1,1166.18,321,7,0,0
D076,R012,0,519.55,369,7,1,0
D077,R012,0,3.9,341,7,1,0
D078,R012,1,915.24,316,7,1,1
D079,R012,0,1173.48,485,7,1,0
D080,R012,1,1175.07,362,7,1,1
D081,R012,1,505.68,330,7,1,1
D082,R012,0,513.64,694,7,0,0
D083,R012,0,502.82,98,7,1,0
D084,R012,1,512.32,561,7,1,1
D085,R012,0,1572.64,427,7,0,0
D086,R012,0,1570.58,188,7,1,0
D087,R012,0,743.09,343,7,0,0
D088,R012,1,1176.2,662,7,0,0
D089,R012,1,1167.33,575,7,1,1
D090,R012,0,917.92,496,7,1,0
D091,R012,1,518.15,392,7,0,0
D092,R012,1,1576.1,407,7,0,0
D093,R012,1,4.92,155,7,1,1
D094,R012,0,506.56,493,7,0,0
D095,R012,1,913.64,629,7,1,1
D096,R012,0,1578.43,376,7,0,0
D097,R012,0,512.15,489,7,1,0
D098,R012,0,1170.2,143,7,1,0
D099,R012,1,2.5,558,7,1,1
D100,R012,1,1572.92,182,7,0,0
D101,R012,0,5.98,506,7,0,0
D102,R012,0,119.84,692,7,1,0
D103,R012,1,511.64,232,7,1,1
D104,R012,1,121.42,237,7,1,1
D105,R012,1,114.19,214,7,1,1
D106,R012,0,515.63,353,7,1,0
D107,R012,0,119.03,252,7,1,0
D108,R012,0,514.53,509,7,1,0
D109,R012,0,1170.73,455,7,1,0
D110,R012,1,1169.4,377,7,0,0
D111,R012,0,507.72,376,7,1,0
D112,R012,0,740.54,599,7,0,0
D113,R012,1,507.0,303,7,0,0
D114,R012,1,1578.68,511,7,0,0
D115,R012,1,1575.95,440,7,1,1
D116,R012,1,119.5,287,7,0,0
D117,R012,0,504.76,161,7,0,0
D118,R012,1,502.32,141,7,1,1
D119,R012,0,734.64,489,7,1,0
D120,R012,1,510.13,421,7,1,1
D121,R012,0,6.28,456,7,0,0
D122,R012,0,1574.41,406,7,0,0
D123,R012,1,1174.97,97,7,0,0
D124,R012,1,917.26,352,7,1,1
D125,R012,1,912.25,569,7,1,1
D126,R012,0,1578.24,362,7,1,0
D127,R012,1,6.04,118,7,0,0
D128,R012,1,5.39,720,7,1,1
D129,R012,1,5.09,467,7,0,0
D130,R012,0,1570.65,279,7,0,0
D131,R012,1,1580.66,387,7,1,1
D132,R012,1,120.64,265,7,1,1
D133,R012,1,732.03,550,7,1,1
D134,R012,0,4.1,715,7,1,0
D135,R012,1,1171.43,414,7,0,0
D136,R012,0,1573.62,654,7,1,0
D137,R012,0,506.54,714,7,0,0
D138,R012,1,1573.58,485,7,1,1
D139,R012,0,736.94,635,7,1,0
D140,R012,1,736.47,223,7,0,0
D141,R012,1,504.34,528,7,0,0
D142,R012,1,734.11,501,7,0,0
D143,R012,1,1578.41,576,7,1,1
D144,R012,0,1577.27,207,7,0,0
D145,R012,1,4.81,395,7,0,0
D146,R012,1,512.91,399,7,1,1
D147,R012,1,3.98,652,7,0,0
D148,R012,1,913.07,172,7,1,1
D149,R012,1,514.67,634,7,1,1
D150,R012,0,516.49,312,7,1,0
D151,R012,1,1579.16,340,7,0,0
D152,R012,0,2.13,512,7,1,0
D153,R012,0,511.77,603,7,1,0
D154,R012,0,741.21,547,7,0,0
D155,R012,1,733.86,240,7,0,0
D156,R012,0,911.79,169,7,0,0
D157,R012,1,512.53,226,7,1,1
D158,R012,1,1570.92,475,7,0,0
D159,R012,1,509.86,333,7,0,0
D160,R012,0,1576.12,574,7,0,0
D161,R012,1,1577.06,680,7,1,1
D162,R012,0,517.68,637,7,0,0
D163,R012,1,734.79,116,7,1,1
D164,R012,1,4.95,652,7,0,0
D165,R012,1,5.71,198,7,1,1
D166,R012,0,6.01,242,7,0,0
D167,R012,0,3.61,604,7,0,0
D168,R012,0,738.98,76,7,1,0
D169,R012,0,120.65,117,7,0,0
D170,R012,0,1578.62,593,7,1,0
D171,R012,1,1575.14,718,7,1,1
D172,R012,1,505.37,534,7,0,0
D173,R012,0,3.1,255,7,1,0
D174,R012,1,1.72,370,7,0,0
D175,R012,1,916.02,389,7,1,1
D176,R012,1,3.47,387,7,0,0
D177,R012,1,502.8,448,7,0,0
D178,R012,1,738.41,233,7,1,1
D179,R012,0,511.29,705,7,1,0
D180,R012,1,1165.74,481,7,1,1
D181,R012,1,1573.14,306,7,1,1
D182,R012,1,1573.7,142,7,1,1
D183,R012,1,918.42,399,7,0,0
D184,R012,1,116.98,347,7,0,0
D185,R012,1,921.54,640,7,0,0
D186,R012,0,1.08,137,7,1,0
D187,R012,1,3.13,250,7,0,0
D188,R012,1,7.18,458,7,0,0
D189,R012,0,112.16,584,7,0,0
D190,R012,0,919.84,632,7,0,0
D191,R012,1,734.91,491,7,1,1
D192,R012,1,113.64,465,7,1,1
D193,R012,1,1.6,265,7,0,0
D194,R012,1,1177.23,462,7,0,0
D195,R012,1,736.9,130,7,0,0
D196,R012,1,3.24,550,7,1,1
D197,R012,0,4.1,423,7,0,0
D198,R012,1,917.02,582,7,1,1
D199,R012,0,737.38,147,7,0,0
D200,R012,0,1168.85,128,7,1,0
D001,R013,1,1654.84,298,9,1,1
D002,R013,1,1350.6,492,9,1,1
D003,R013,1,1300.56,609,9,0,0
D004,R013,1,1574.97,356,9,0,0
D005,R013,1,1553.21,723,9,0,0
D006,R013,1,1306.7,294,9,0,0
D007,R013,1,1181.5,529,9,0,0
D008,R013,1,1302.46,581,9,1,1
D009,R013,1,1351.73,317,9,0,0
D010,R013,1,1353.57,63,9,0,0
D011,R013,1,11.81,603,9,0,0
D012,R013,1,1180.59,140,9,1,1
D013,R013,1,1611.53,276,9,0,0
D014,R013,1,1554.26,81,9,1,1
D015,R013,1,1558.26,557,9,1,1
D016,R013,1,1302.27,422,9,1,1
D017,R013,1,1620.97,519,9,1,1
D018,R013,1,1305.3,75,9,0,0
D019,R013,1,1557.86,525,9,1,1
D020,R013,1,1618.65,603,9,1,1
D021,R013,1,1654.38,657,9,0,0
D022,R013,1,1177.23,134,9,1,1
D023,R013,1,1655.32,616,9,1,1
D024,R013,1,1350.74,219,9,1,1
D025,R013,1,1555.74,105,9,0,0
D026,R013,1,1307.11,212,9,1,1
D027,R013,1,1179.73,165,9,1,1
D028,R013,1,1567.19,400,9,1,1
D029,R013,1,1566.67,287,9,0,0
D030,R013,1,1613.24,345,9,1,1
D031,R013,1,1567.31,99,9,0,0
D032,R013,1,1569.09,592,9,0,0
D033,R013,1,1559.52,394,9,0,0
D034,R013,1,5.81,371,9,0,0
D035,R013,1,1569.29,708,9,1,1
D036,R013,1,1647.59,134,9,1,1
D037,R013,1,1554.34,590,9,1,1
D038,R013,1,1554.82,576,9,0,0
D039,R013,1,1613.91,139,9,1,1
D040,R013,1,1558.32,615,9,1,1
D041,R013,1,1355.68,459,9,0,0
D042,R013,1,1568.91,474,9,0,0
D043,R013,1,1611.48,532,9,1,1
D044,R013,1,3.85,612,9,1,1
D045,R013,1,1182.49,304,9,1,1
D046,R013,1,1653.75,86,9,0,0
D047,R013,1,1569.61,183,9,1,1
D048,R013,1,1354.39,710,9,0,0
D049,R013,1,1617.1,334,9,0,0
D050,R013,1,1555.76,246,9,1,1
D051,R013,1,1176.76,560,9,1,1
D052,R013,1,1552.53,655,9,1,1
D053,R013,1,1175.16,182,9,1,1
D054,R013,1,1300.65,429,9,1,1
D055,R013,1,1353.24,351,9,1,1
D056,R013,1,1611.76,114,9,0,0
D057,R013,1,0.63,662,9,0,0
D058,R013,1,6.19,237,9,1,1
D059,R013,1,1302.11,330,9,1,1
D060,R013,1,1555.38,642,9,0,0
D061,R013,1,1614.64,502,9,1,1
D062,R013,1,0.09,239,9,0,0
D063,R013,1,1619.66,167,9,0,0
D064,R013,1,1177.53,178,9,0,0
D065,R013,1,1566.83,570,9,0,0
D066,R013,1,1354.85,305,9,1,1
D067,R013,1,6.67,358,9,1,1
D068,R013,1,5.01,484,9,1,1
D069,R013,1,8.78,400,9,0,0
D070,R013,1,1573.32,450,9,1,1
D071,R013,1,1308.28,207,9,0,0
D072,R013,1,1299.66,449,9,0,0
D073,R013,1,1621.16,708,9,1,1
D074,R013,1,1649.32,603,9,1,1
D075,R013,1,1306.19,321,9,0,0
D076,R013,1,1614.59,369,9,1,1
D077,R013,1,1574.04,341,9,1,1
D078,R013,1,1347.34,316,9,1,1
D079,R013,1,1301.57,485,9,1,1
D080,R013,1,1302.66,362,9,1,1
D081,R013,1,1175.55,330,9,1,1
D082,R013,1,1613.97,694,9,0,0
D083,R013,1,1177.18,98,9,1,1
D084,R013,1,1619.29,561,9,1,1
D085,R013,1,1.5,427,9,0,0
D086,R013,1,2.04,188,9,1,1
D087,R013,1,1556.47,343,9,0,0
D088,R013,1,1306.61,662,9,0,0
D089,R013,1,1306.29,575,9,1,1
D090,R013,1,1347.86,496,9,1,1
D091,R013,1,1617.02,392,9,0,0
D092,R013,1,6.1,407,9,0,0
D093,R013,1,1575.73,155,9,1,1
D094,R013,1,1174.7,493,9,0,0
D095,R013,1,1347.8,629,9,1,1
D096,R013,1,8.49,376,9,0,0
D097,R013,1,1176.43,489,9,1,1
D098,R013,1,1301.75,143,9,1,1
D099,R013,1,1572.02,558,9,1,1
D100,R013,1,1.76,182,9,0,0
D101,R013,1,1573.75,506,9,0,0
D102,R013,1,1649.22,692,9,1,1
D103,R013,1,1176.19,232,9,1,1
D104,R013,1,1654.1,237,9,1,1
D105,R013,1,1649.35,214,9,1,1
D106,R013,1,1618.52,353,9,1,1
D107,R013,1,1650.67,252,9,1,1
D108,R013,1,1611.8,509,9,1,1
D109,R013,1,1300.03,455,9,1,1
D110,R013,1,1302.74,377,9,0,0
D111,R013,1,1173.66,376,9,1,1
D112,R013,1,1554.33,599,9,0,0
D113,R013,1,1173.78,303,9,0,0
D114,R013,1,9.85,511,9,0,0
D115,R013,1,8.77,440,9,1,1
D116,R013,1,1650.29,287,9,0,0
D117,R013,1,1175.33,161,9,0,0
D118,R013,1,1178.65,141,9,1,1
D119,R013,1,1552.15,489,9,1,1
D120,R013,1,1613.14,421,9,1,1
D121,R013,1,1570.84,456,9,0,0
D122,R013,1,8.06,406,9,0,0
D123,R013,1,1304.53,97,9,0,0
D124,R013,1,1347.45,352,9,1,1
D125,R013,1,1350.49,569,9,1,1
D126,R013,1,9.98,362,9,1,1
D127,R013,1,1573.15,118,9,0,0
D128,R013,1,1568.88,720,9,1,1
D129,R013,1,1574.44,467,9,0,0
D130,R013,1,2.67,279,9,0,0
D131,R013,1,10.83,387,9,1,1
D132,R013,1,1653.06,265,9,1,1
D133,R013,1,1556.54,550,9,1,1
D134,R013,1,1574.48,715,9,1,1
D135,R013,1,1300.46,414,9,0,0
D136,R013,1,9.05,654,9,1,1
D137,R013,1,1174.47,714,9,0,0
D138,R013,1,6.82,485,9,1,1
D139,R013,1,1559.14,635,9,1,1
D140,R013,1,1557.2,223,9,0,0
D141,R013,1,1181.85,528,9,0,0
D142,R013,1,1557.98,501,9,0,0
D143,R013,1,9.5,576,9,1,1
D144,R013,1,9.72,207,9,0,0
D145,R013,1,1575.92,395,9,0,0
D146,R013,1,1174.43,399,9,1,1
D147,R013,1,1568.12,652,9,0,0
D148,R013,1,1354.04,172,9,1,1
D149,R013,1,1620.09,634,9,1,1
D150,R013,1,1618.39,312,9,1,1
D151,R013,1,7.98,340,9,0,0
D152,R013,1,1571.02,512,9,1,1
D153,R013,1,1613.19,603,9,1,1
D154,R013,1,1559.31,547,9,0,0
D155,R013,1,1554.79,240,9,0,0
D156,R013,1,1348.91,169,9,0,0
D157,R013,1,1173.75,226,9,1,1
D158,R013,1,7.93,475,9,0,0
D159,R013,1,1177.79,333,9,0,0
D160,R013,1,7.08,574,9,0,0
D161,R013,1,8.46,680,9,1,1
D162,R013,1,1613.34,637,9,0,0
D163,R013,1,1557.28,116,9,1,1
D164,R013,1,1575.95,652,9,0,0
D165,R013,1,1576.3,198,9,1,1
D166,R013,1,1567.94,242,9,0,0
D167,R013,1,1569.01,604,9,0,0
D168,R013,1,1558.3,76,9,1,1
D169,R013,1,1657.04,117,9,0,0
D170,R013,1,7.45,593,9,1,1
D171,R013,1,4.35,718,9,1,1
D172,R013,1,1176.71,534,9,0,0
D173,R013,1,1569.13,255,9,1,1
D174,R013,1,1569.73,370,9,0,0
D175,R013,1,1357.16,389,9,1,1
D176,R013,1,1570.02,387,9,0,0
D177,R013,1,1182.19,448,9,0,0
D178,R013,1,1553.96,233,9,1,1
D179,R013,1,1612.57,705,9,1,1
D180,R013,1,1301.67,481,9,1,1
D181,R013,1,5.63,306,9,1,1
D182,R013,1,8.71,142,9,1,1
D183,R013,1,1356.94,399,9,0,0
D184,R013,1,1645.65,347,9,0,0
D185,R013,1,1353.06,640,9,0,0
D186,R013,1,1570.34,137,9,1,1
D187,R013,1,1571.43,250,9,0,0
D188,R013,1,1571.7,458,9,0,0
D189,R013,1,1647.9,584,9,0,0
D190,R013,1,1355.81,632,9,0,0
D191,R013,1,1557.13,491,9,1,1
D192,R013,1,1647.05,465,9,1,1
D193,R013,1,1571.99,265,9,0,0
D194,R013,1,1302.83,462,9,0,0
D195,R013,1,1554.07,130,9,0,0
D196,R013,1,1574.36,550,9,1,1
D197,R013,1,1568.33,423,9,0,0
D198,R013,1,1351.05,582,9,1,1
D199,R013,1,1556.41,147,9,0,0
D200,R013,1,1304.87,128,9,1,1
D001,R014,1,6.09,298,8,1,1
D002,R014,1,1036.82,492,8,1,1
D003,R014,1,1146.38,609,8,0,0
D004,R014,1,123.3,356,8,0,0
D005,R014,1,843.38,723,8,0,0
D006,R014,1,1147.6,294,8,0,0
D007,R014,1,620.02,529,8,0,0
D008,R014,1,1145.91,581,8,1,1
D009,R014,1,1030.03,317,8,0,0
D010,R014,1,1031.04,63,8,0,0
D011,R014,1,1660.58,603,8,0,0
D012,R014,1,620.17,140,8,1,1
D013,R014,1,442.21,276,8,0,0
D014,R014,1,844.88,81,8,1,1
D015,R014,1,843.51,557,8,1,1
D016,R014,1,1152.02,422,8,1,1
D017,R014,1,443.37,519,8,1,1
D018,R014,1,1145.01,75,8,0,0
D019,R014,1,850.35,525,8,1,1
D020,R014,1,435.32,603,8,1,1
D021,R014,1,3.74,657,8,0,0
D022,R014,1,619.53,134,8,1,1
D023,R014,1,5.58,616,8,1,1
D024,R014,1,1034.72,219,8,1,1
D025,R014,1,843.59,105,8,0,0
D026,R014,1,1148.72,212,8,1,1
D027,R014,1,620.2,165,8,1,1
D028,R014,1,122.36,400,8,1,1
D029,R014,1,124.33,287,8,0,0
D030,R014,1,437.13,345,8,1,1
D031,R014,1,124.8,99,8,0,0
D032,R014,1,126.14,592,8,0,0
D033,R014,1,845.93,394,8,0,0
D034,R014,1,1653.96,371,8,0,0
D035,R014,1,122.04,708,8,1,1
D036,R014,1,5.77,134,8,1,1
D037,R014,1,844.74,590,8,1,1
D038,R014,1,841.27,576,8,0,0
D039,R014,1,443.25,139,8,1,1
D040,R014,1,848.35,615,8,1,1
D041,R014,1,1037.0,459,8,0,0
D042,R014,1,124.58,474,8,0,0
D043,R014,1,443.36,532,8,1,1
D044,R014,1,1653.8,612,8,1,1
D045,R014,1,620.68,304,8,1,1
D046,R014,1,0.53,86,8,0,0
D047,R014,1,125.2,183,8,1,1
D048,R014,1,1036.04,710,8,0,0
D049,R014,1,441.35,334,8,0,0
D050,R014,1,841.83,246,8,1,1
D051,R014,1,621.38,560,8,1,1
D052,R014,1,846.66,655,8,1,1
D053,R014,1,626.77,182,8,1,1
D054,R014,1,1146.04,429,8,1,1
D055,R014,1,1030.93,351,8,1,1
D056,R014,1,436.94,114,8,0,0
D057,R014,1,1653.56,662,8,0,0
D058,R014,1,1652.66,237,8,1,1
D059,R014,1,1142.99,330,8,1,1
D060,R014,1,848.4,642,8,0,0
D061,R014,1,434.71,502,8,1,1
D062,R014,1,1653.25,239,8,0,0
D063,R014,1,443.85,167,8,0,0
D064,R014,1,624.3,178,8,0,0
D065,R014,1,123.63,570,8,0,0
D066,R014,1,1038.07,305,8,1,1
D067,R014,1,1657.59,358,8,1,1
D068,R014,1,1656.6,484,8,1,1
D069,R014,1,1655.43,400,8,0,0
D070,R014,1,121.31,450,8,1,1
D071,R014,1,1146.4,207,8,0,0
D072,R014,1,1145.03,449,8,0,0
D073,R014,1,443.48,708,8,1,1
D074,R014,1,4.7,603,8,1,1
D075,R014,1,1143.24,321,8,0,0
D076,R014,1,443.34,369,8,1,1
D077,R014,1,117.1,341,8,1,1
D078,R014,1,1034.52,316,8,1,1
D079,R014,1,1151.14,485,8,1,1
D080,R014,1,1152.64,362,8,1,1
D081,R014,1,622.65,330,8,1,1
D082,R014,1,437.38,694,8,0,0
D083,R014,1,619.77,98,8,1,1
D084,R014,1,434.94,561,8,1,1
D085,R014,1,1654.69,427,8,0,0
D086,R014,1,1652.5,188,8,1,1
D087,R014,1,853.01,343,8,0,0
D088,R014,1,1153.37,662,8,0,0
D089,R014,1,1144.4,575,8,1,1
D090,R014,1,1037.19,496,8,1,1
D091,R014,1,441.4,392,8,0,0
D092,R014,1,1657.92,407,8,0,0
D093,R014,1,119.51,155,8,1,1
D094,R014,1,623.51,493,8,0,0
D095,R014,1,1032.91,629,8,1,1
D096,R014,1,1660.21,376,8,0,0
D097,R014,1,629.51,489,8,1,1
D098,R014,1,1147.79,143,8,1,1
D099,R014,1,122.22,558,8,1,1
D100,R014,1,1654.97,182,8,0,0
D101,R014,1,123.48,506,8,0,0
D102,R014,1,4.56,692,8,1,1
D103,R014,1,628.96,232,8,1,1
D104,R014,1,0.91,237,8,1,1
D105,R014,1,6.89,214,8,1,1
D106,R014,1,438.51,353,8,1,1
D107,R014,1,2.56,252,8,1,1
D108,R014,1,438.73,509,8,1,1
D109,R014,1,1148.5,455,8,1,1
D110,R014,1,1146.88,377,8,0,0
D111,R014,1,624.65,376,8,1,1
D112,R014,1,850.56,599,8,0,0
D113,R014,1,623.91,303,8,0,0
D114,R014,1,1660.34,511,8,0,0
D115,R014,1,1657.56,440,8,1,1
D116,R014,1,3.03,287,8,0,0
D117,R014,1,621.67,161,8,0,0
D118,R014,1,619.36,141,8,1,1
D119,R014,1,844.74,489,8,1,1
D120,R014,1,433.93,421,8,1,1
D121,R014,1,125.99,456,8,0,0
D122,R014,1,1656.03,406,8,0,0
D123,R014,1,1152.34,97,8,0,0
D124,R014,1,1036.54,352,8,1,1
D125,R014,1,1031.46,569,8,1,1
D126,R014,1,1659.87,362,8,1,1
D127,R014,1,124.1,118,8,0,0
D128,R014,1,126.17,720,8,1,1
D129,R014,1,115.88,467,8,0,0
D130,R014,1,1652.54,279,8,0,0
D131,R014,1,1662.38,387,8,1,1
D132,R014,1,0.35,265,8,1,1
D133,R014,1,841.81,550,8,1,1
D134,R014,1,116.96,715,8,1,1
D135,R014,1,1149.17,414,8,0,0
D136,R014,1,1655.16,654,8,1,1
D137,R014,1,623.48,714,8,0,0
D138,R014,1,1655.25,485,8,1,1
D139,R014,1,846.61,635,8,1,1
D140,R014,1,846.26,223,8,0,0
D141,R014,1,621.71,528,8,0,0
D142,R014,1,843.82,501,8,0,0
D143,R014,1,1660.09,576,8,1,1
D144,R014,1,1658.87,207,8,0,0
D145,R014,1,118.57,395,8,0,0
D146,R014,1,630.16,399,8,1,1
D147,R014,1,124.9,652,8,0,0
D148,R014,1,1032.2,172,8,1,1
D149,R014,1,437.2,634,8,1,1
D150,R014,1,439.42,312,8,1,1
D151,R014,1,1661.16,340,8,0,0
D152,R014,1,119.49,512,8,1,1
D153,R014,1,435.62,603,8,1,1
D154,R014,1,850.92,547,8,0,0
D155,R014,1,843.78,240,8,0,0
D156,R014,1,1031.03,169,8,0,0
D157,R014,1,629.71,226,8,1,1
D158,R014,1,1652.51,475,8,0,0
D159,R014,1,627.2,333,8,0,0
D160,R014,1,1657.86,574,8,0,0
D161,R014,1,1658.75,680,8,1,1
D162,R014,1,441.66,637,8,0,0
D163,R014,1,844.56,116,8,1,1
D164,R014,1,118.94,652,8,0,0
D165,R014,1,119.66,198,8,1,1
D166,R014,1,126.92,242,8,0,0
D167,R014,1,124.57,604,8,0,0
D168,R014,1,848.73,76,8,1,1
D169,R014,1,5.8,117,8,0,0
D170,R014,1,1660.61,593,8,1,1
D171,R014,1,1657.07,718,8,1,1
D172,R014,1,622.42,534,8,0,0
D173,R014,1,120.61,255,8,1,1
D174,R014,1,122.62,370,8,0,0
D175,R014,1,1035.09,389,8,1,1
D176,R014,1,124.2,387,8,0,0
D177,R014,1,620.13,448,8,0,0
D178,R014,1,848.43,233,8,1,1
D179,R014,1,435.25,705,8,1,1
D180,R014,1,1143.27,481,8,1,1
D181,R014,1,1654.88,306,8,1,1
D182,R014,1,1655.26,142,8,1,1
D183,R014,1,1037.5,399,8,0,0
D184,R014,1,7.72,347,8,0,0
D185,R014,1,1040.71,640,8,0,0
D186,R014,1,122.04,137,8,1,1
D187,R014,1,118.47,250,8,0,0
D188,R014,1,126.14,458,8,0,0
D189,R014,1,8.89,584,8,0,0
D190,R014,1,1038.95,632,8,0,0
D191,R014,1,844.69,491,8,1,1
D192,R014,1,7.49,465,8,1,1
D193,R014,1,119.4,265,8,0,0
D194,R014,1,1154.82,462,8,0,0
D195,R014,1,846.9,130,8,0,0
D196,R014,1,118.41,550,8,1,1
D197,R014,1,125.06,423,8,0,0
D198,R014,1,1036.23,582,8,1,1
D199,R014,1,847.23,147,8,0,0
D200,R014,1,1146.09,128,8,1,1
D001,R015,0,835.62,298,9,1,0
D002,R015,0,296.62,492,9,1,0
D003,R015,0,1731.05,609,9,0,0
D004,R015,0,725.63,356,9,0,0
D005,R015,0,3.31,723,9,0,0
D006,R015,1,1734.7,294,9,0,0
D007,R015,1,493.49,529,9,0,0
D008,R015,1,1731.44,581,9,1,1
D009,R015,1,290.61,317,9,0,0
D010,R015,0,290.14,63,9,0,0
D011,R015,0,1565.43,603,9,0,0
D012,R015,0,494.54,140,9,1,0
D013,R015,1,1231.31,276,9,0,0
D014,R015,0,4.45,81,9,1,0
D015,R015,0,4.58,557,9,1,0
D016,R015,0,1736.67,422,9,1,0
D017,R015,0,1235.94,519,9,1,0
D018,R015,0,1731.86,75,9,0,0
D019,R015,0,10.05,525,9,1,0
D020,R015,0,1227.78,603,9,1,0
D021,R015,0,844.24,657,9,0,0
D022,R015,0,499.6,134,9,1,0
D023,R015,1,836.45,616,9,1,1
D024,R015,0,294.9,219,9,1,0
D025,R015,0,3.22,105,9,0,0
D026,R015,0,1735.84,212,9,1,0
D027,R015,0,495.64,165,9,1,0
D028,R015,1,731.29,400,9,1,1
D029,R015,0,729.03,287,9,0,0
D030,R015,1,1227.35,345,9,1,1
D031,R015,0,728.0,99,9,0,0
D032,R015,1,725.23,592,9,0,0
D033,R015,0,6.97,394,9,0,0
D034,R015,1,1557.96,371,9,0,0
D035,R015,0,730.36,708,9,1,0
D036,R015,0,839.61,134,9,1,0
D037,R015,0,4.29,590,9,1,0
D038,R015,0,0.83,576,9,0,0
D039,R015,0,1233.17,139,9,1,0
D040,R015,0,8.32,615,9,1,0
D041,R015,1,293.36,459,9,0,0
D042,R015,0,727.32,474,9,0,0
D043,R015,0,1232.33,532,9,1,0
D044,R015,1,1556.83,612,9,1,1
D045,R015,0,491.57,304,9,1,0
D046,R015,0,840.74,86,9,0,0
D047,R015,0,726.11,183,9,1,0
D048,R015,1,293.47,710,9,0,0
D049,R015,1,1232.66,334,9,0,0
D050,R015,1,1.78,246,9,1,1
D051,R015,0,498.39,560,9,1,0
D052,R015,1,6.76,655,9,1,1
D053,R015,0,495.22,182,9,1,0
D054,R015,0,1730.79,429,9,1,0
D055,R015,1,290.28,351,9,1,1
D056,R015,0,1226.61,114,9,0,0
D057,R015,1,1554.97,662,9,0,0
D058,R015,1,1557.05,237,9,1,1
D059,R015,0,1728.75,330,9,1,0
D060,R015,0,7.9,642,9,0,0
D061,R015,1,1225.7,502,9,1,1
D062,R015,0,1554.39,239,9,0,0
D063,R015,0,1235.89,167,9,0,0
D064,R015,0,494.52,178,9,0,0
D065,R015,0,729.84,570,9,0,0
D066,R015,0,294.76,305,9,1,0
D067,R015,0,1560.72,358,9,1,0
D068,R015,0,1559.2,484,9,1,0
D069,R015,0,1560.62,400,9,0,0
D070,R015,1,728.94,450,9,1,1
D071,R015,0,1734.32,207,9,0,0
D072,R015,0,1729.48,449,9,0,0
D073,R015,0,1236.11,708,9,1,0
D074,R015,0,836.65,603,9,1,0
D075,R015,0,1730.69,321,9,0,0
D076,R015,0,1233.51,369,9,1,0
D077,R015,0,733.88,341,9,1,0
D078,R015,1,297.04,316,9,1,1
D079,R015,0,1735.61,485,9,1,0
D080,R015,1,1737.38,362,9,1,1
D081,R015,1,498.73,330,9,1,1
D082,R015,0,1227.86,694,9,0,0
D083,R015,0,499.42,98,9,1,0
D084,R015,0,1227.67,561,9,1,0
D085,R015,0,1555.53,427,9,0,0
D086,R015,0,1554.76,188,9,1,0
D087,R015,0,12.51,343,9,0,0
D088,R015,0,1739.68,662,9,0,0
D089,R015,1,1731.74,575,9,1,1
D090,R015,0,298.75,496,9,1,0
D091,R015,1,1232.67,392,9,0,0
D092,R015,1,1560.43,407,9,0,0
D093,R015,1,729.9,155,9,1,1
D094,R015,0,499.01,493,9,0,0
D095,R015,0,295.5,629,9,1,0
D096,R015,0,1562.87,376,9,0,0
D097,R015,0,490.94,489,9,1,0
D098,R015,0,1732.78,143,9,1,0
D099,R015,0,728.52,558,9,1,0
D100,R015,0,1555.82,182,9,0,0
D101,R015,0,726.01,506,9,0,0
D102,R015,0,841.11,692,9,1,0
D103,R015,1,491.77,232,9,1,1
D104,R015,0,840.6,237,9,1,0
D105,R015,1,833.79,214,9,1,1
D106,R015,0,1230.61,353,9,1,0
D107,R015,0,839.35,252,9,1,0
D108,R015,0,1228.25,509,9,1,0
D109,R015,0,1732.67,455,9,1,0
D110,R015,0,1732.4,377,9,0,0
D111,R015,0,499.27,376,9,1,0
D112,R015,0,10.18,599,9,0,0
D113,R015,1,499.84,303,9,0,0
D114,R015,0,1563.99,511,9,0,0
D115,R015,1,1562.0,440,9,1,1
D116,R015,0,840.15,287,9,0,0
D117,R015,0,500.0,161,9,0,0
D118,R015,1,497.9,141,9,1,1
D119,R015,0,5.13,489,9,1,0
D120,R015,0,1224.42,421,9,1,0
D121,R015,0,724.44,456,9,0,0
D122,R015,0,1560.65,406,9,0,0
D123,R015,0,1737.9,97,9,0,0
D124,R015,1,298.52,352,9,1,1
D125,R015,1,292.55,569,9,1,1
D126,R015,0,1563.91,362,9,1,0
D127,R015,1,725.56,118,9,0,0
D128,R015,0,725.3,720,9,1,0
D129,R015,0,735.21,467,9,0,0
D130,R015,0,1555.13,279,9,0,0
D131,R015,1,1565.23,387,9,1,1
D132,R015,1,840.16,265,9,1,1
D133,R015,0,2.37,550,9,1,0
D134,R015,0,733.8,715,9,1,0
D135,R015,0,1733.44,414,9,0,0
D136,R015,0,1560.55,654,9,1,0
D137,R015,0,499.36,714,9,0,0
D138,R015,0,1559.46,485,9,1,0
D139,R015,0,7.24,635,9,1,0
D140,R015,1,6.09,223,9,0,0
D141,R015,0,491.38,528,9,0,0
D142,R015,1,4.56,501,9,0,0
D143,R015,1,1563.65,576,9,1,1
D144,R015,0,1563.28,207,9,0,0
D145,R015,0,730.97,395,9,0,0
D146,R015,1,492.91,399,9,1,1
D147,R015,1,727.38,652,9,0,0
D148,R015,0,290.72,172,9,1,0
D149,R015,0,1230.02,634,9,1,0
D150,R015,0,1231.39,312,9,1,0
D151,R015,1,1561.61,340,9,0,0
D152,R015,0,732.61,512,9,1,0
D153,R015,0,1225.96,603,9,1,0
D154,R015,0,10.95,547,9,0,0
D155,R015,0,3.28,240,9,0,0
D156,R015,0,293.31,169,9,0,0
D157,R015,1,494.24,226,9,1,1
D158,R015,0,1557.79,475,9,0,0
D159,R015,0,491.36,333,9,0,0
D160,R015,0,1561.12,574,9,0,0
D161,R015,1,1562.41,680,9,1,1
D162,R015,0,1231.51,637,9,0,0
D163,R015,1,4.67,116,9,1,1
D164,R015,1,730.5,652,9,0,0
D165,R015,0,729.43,198,9,1,0
D166,R015,0,724.89,242,9,0,0
D167,R015,0,727.27,604,9,0,0
D168,R015,0,8.67,76,9,1,0
D169,R015,0,837.84,117,9,0,0
D170,R015,0,1561.24,593,9,1,0
D171,R015,1,1558.75,718,9,1,1
D172,R015,0,497.43,534,9,0,0
D173,R015,0,732.34,255,9,1,0
D174,R015,1,729.34,370,9,0,0
D175,R015,0,290.87,389,9,1,0
D176,R015,0,727.14,387,9,0,0
D177,R015,1,492.49,448,9,0,0
D178,R015,1,8.1,233,9,1,1
D179,R015,0,1225.39,705,9,1,0
D180,R015,1,1728.81,481,9,1,1
D181,R015,0,1558.56,306,9,1,0
D182,R015,0,1560.46,142,9,1,0
D183,R015,0,292.91,399,9,0,0
D184,R015,1,839.23,347,9,0,0
D185,R015,0,298.02,640,9,0,0
D186,R015,0,729.73,137,9,1,0
D187,R015,1,733.68,250,9,0,0
D188,R015,1,723.79,458,9,0,0
D189,R015,0,831.95,584,9,0,0
D190,R015,0,294.81,632,9,0,0
D191,R015,0,4.7,491,9,1,0
D192,R015,0,834.33,465,9,1,0
D193,R015,1,732.13,265,9,0,0
D194,R015,1,1739.34,462,9,0,0
D195,R015,0,6.53,130,9,0,0
D196,R015,1,732.02,550,9,1,1
D197,R015,0,727.04,423,9,0,0
D198,R015,0,295.85,582,9,1,0
D199,R015,0,6.81,147,9,0,0
D200,R015,0,1732.62,128,9,1,0
D001,R016,1,442.22,298,9,1,1
D002,R016,0,1368.25,492,9,1,0
D003,R016,0,774.76,609,9,0,0
D004,R016,0,518.62,356,9,0,0
D005,R016,0,1228.8,723,9,0,0
D006,R016,0,774.49,294,9,0,0
D007,R016,0,872.64,529,9,0,0
D008,R016,1,773.83,581,9,1,1
D009,R016,1,1362.01,317,9,0,0
D010,R016,0,1363.41,63,9,0,0
D011,R016,0,1617.47,603,9,0,0
D012,R016,0,872.27,140,9,1,0
D013,R016,0,6.26,276,9,0,0
D014,R016,0,1230.43,81,9,1,0
D015,R016,1,1229.93,557,9,1,1
D016,R016,0,779.94,422,9,1,0
D017,R016,0,10.63,519,9,1,0
D018,R016,0,772.26,75,9,0,0
D019,R016,0,1236.35,525,9,1,0
D020,R016,0,5.91,603,9,1,0
D021,R016,0,432.93,657,9,0,0
D022,R016,0,869.34,134,9,1,0
D023,R016,0,441.65,616,9,1,0
D024,R016,0,1366.27,219,9,1,0
D025,R016,0,1229.51,105,9,0,0
D026,R016,0,775.5,212,9,1,0
D027,R016,1,871.77,165,9,1,1
D028,R016,0,510.18,400,9,1,0
D029,R016,1,512.34,287,9,0,0
D030,R016,1,1.06,345,9,1,1
D031,R016,0,513.6,99,9,0,0
D032,R016,0,517.04,592,9,0,0
D033,R016,1,1232.49,394,9,0,0
D034,R016,0,1612.01,371,9,0,0
D035,R016,0,511.82,708,9,1,0
D036,R016,0,433.74,134,9,1,0
D037,R016,1,1230.31,590,9,1,1
D038,R016,0,1227.11,576,9,0,0
D039,R016,0,7.16,139,9,1,0
D040,R016,0,1234.54,615,9,1,0
D041,R016,1,1369.63,459,9,0,0
D042,R016,0,514.83,474,9,0,0
D043,R016,0,7.4,532,9,1,0
D044,R016,1,1612.37,612,9,1,1
D045,R016,0,874.09,304,9,1,0
D046,R016,0,436.2,86,9,0,0
D047,R016,1,516.3,183,9,1,1
D048,R016,1,1368.4,710,9,0,0
D049,R016,1,6.6,334,9,0,0
D050,R016,1,1227.84,246,9,1,1
D051,R016,0,871.44,560,9,1,0
D052,R016,0,1231.77,655,9,1,0
D053,R016,0,877.4,182,9,1,0
D054,R016,0,774.4,429,9,1,0
D055,R016,0,1363.24,351,9,1,0
D056,R016,1,1.37,114,9,0,0
D057,R016,0,1613.02,662,9,0,0
D058,R016,0,1610.65,237,9,1,0
D059,R016,0,771.02,330,9,1,0
D060,R016,0,1234.0,642,9,0,0
D061,R016,1,2.35,502,9,1,1
D062,R016,1,1612.88,239,9,0,0
D063,R016,1,10.06,167,9,0,0
D064,R016,1,875.68,178,9,0,0
D065,R016,0,511.56,570,9,0,0
D066,R016,0,1370.46,305,9,1,0
D067,R016,0,1615.7,358,9,1,0
D068,R016,0,1615.11,484,9,1,0
D069,R016,0,1612.7,400,9,0,0
D070,R016,0,514.64,450,9,1,0
D071,R016,0,772.92,207,9,0,0
D072,R016,1,773.63,449,9,0,0
D073,R016,0,10.84,708,9,1,0
D074,R016,0,437.85,603,9,1,0
D075,R016,0,770.28,321,9,0,0
D076,R016,0,7.35,369,9,1,0
D077,R016,0,509.79,341,9,1,0
D078,R016,0,1365.26,316,9,1,0
D079,R016,0,779.23,485,9,1,0
D080,R016,0,780.46,362,9,1,0
D081,R016,1,872.32,330,9,1,1
D082,R016,0,1.65,694,9,0,0
D083,R016,0,869.62,98,9,1,0
D084,R016,0,6.63,561,9,1,0
D085,R016,1,1614.32,427,9,0,0
D086,R016,0,1611.63,188,9,1,0
D087,R016,0,1238.6,343,9,0,0
D088,R016,0,780.24,662,9,0,0
D089,R016,1,771.41,575,9,1,1
D090,R016,0,1367.95,496,9,1,0
D091,R016,0,6.58,392,9,0,0
D092,R016,0,1616.33,407,9,0,0
D093,R016,0,514.48,155,9,1,0
D094,R016,1,872.91,493,9,0,0
D095,R016,0,1363.83,629,9,1,0
D096,R016,1,1618.29,376,9,0,0
D097,R016,0,881.69,489,9,1,0
D098,R016,0,775.87,143,9,1,0
D099,R016,0,514.62,558,9,1,0
D100,R016,0,1614.57,182,9,0,0
D101,R016,0,517.8,506,9,0,0
D102,R016,1,433.13,692,9,1,1
D103,R016,1,880.84,232,9,1,1
D104,R016,0,436.56,237,9,1,0
D105,R016,1,440.86,214,9,1,1
D106,R016,0,6.06,353,9,1,0
D107,R016,1,435.82,252,9,1,1
D108,R016,0,2.83,509,9,1,0
D109,R016,1,776.99,455,9,1,1
D110,R016,0,774.72,377,9,0,0
D111,R016,1,873.73,376,9,1,1
D112,R016,0,1235.84,599,9,0,0
D113,R016,0,872.84,303,9,0,0
D114,R016,0,1617.89,511,9,0,0
D115,R016,0,1614.99,440,9,1,0
D116,R016,0,434.76,287,9,0,0
D117,R016,1,870.92,161,9,0,0
D118,R016,0,870.01,141,9,1,0
D119,R016,0,1229.88,489,9,1,0
D120,R016,0,2.24,421,9,1,0
D121,R016,1,518.43,456,9,0,0
D122,R016,1,1613.53,406,9,0,0
D123,R016,0,779.71,97,9,0,0
D124,R016,1,1367.23,352,9,1,1
D125,R016,1,1363.08,569,9,1,1
D126,R016,0,1617.26,362,9,1,0
D127,R016,1,518.06,118,9,0,0
D128,R016,0,516.89,720,9,1,0
D129,R016,0,508.56,467,9,0,0
D130,R016,1,1611.49,279,9,0,0
D131,R016,0,1620.14,387,9,1,0
D132,R016,0,436.4,265,9,1,0
D133,R016,0,1227.97,550,9,1,0
D134,R016,0,510.03,715,9,1,0
D135,R016,0,777.55,414,9,0,0
D136,R016,0,1612.35,654,9,1,0
D137,R016,0,872.71,714,9,0,0
D138,R016,0,1613.06,485,9,1,0
D139,R016,0,1233.06,635,9,1,0
D140,R016,1,1232.33,223,9,0,0
D141,R016,0,875.03,528,9,0,0
D142,R016,1,1230.17,501,9,0,0
D143,R016,0,1617.71,576,9,1,0
D144,R016,0,1616.18,207,9,0,0
D145,R016,0,513.45,395,9,0,0
D146,R016,1,881.31,399,9,1,1
D147,R016,1,514.51,652,9,0,0
D148,R016,0,1364.64,172,9,1,0
D149,R016,0,7.3,634,9,1,0
D150,R016,0,6.33,312,9,1,0
D151,R016,1,1620.31,340,9,0,0
D152,R016,1,510.08,512,9,1,1
D153,R016,0,0.65,603,9,1,0
D154,R016,0,1237.18,547,9,0,0
D155,R016,0,1229.5,240,9,0,0
D156,R016,0,1362.3,169,9,0,0
D157,R016,1,880.32,226,9,1,1
D158,R016,0,1610.04,475,9,0,0
D159,R016,0,879.58,333,9,0,0
D160,R016,1,1615.88,574,9,0,0
D161,R016,0,1616.46,680,9,1,0
D162,R016,1,5.53,637,9,0,0
D163,R016,0,1230.73,116,9,1,0
D164,R016,1,513.94,652,9,0,0
D165,R016,0,515.17,198,9,1,0
D166,R016,0,517.01,242,9,0,0
D167,R016,0,514.91,604,9,0,0
D168,R016,0,1234.9,76,9,1,0
D169,R016,1,441.24,117,9,0,0
D170,R016,0,1619.72,593,9,1,0
D171,R016,1,1616.0,718,9,1,1
D172,R016,0,872.75,534,9,0,0
D173,R016,1,509.73,255,9,1,1
D174,R016,0,513.02,370,9,0,0
D175,R016,0,1368.15,389,9,1,0
D176,R016,0,515.37,387,9,0,0
D177,R016,1,873.21,448,9,0,0
D178,R016,1,1233.75,233,9,1,1
D179,R016,0,0.92,705,9,1,0
D180,R016,1,771.4,481,9,1,1
D181,R016,0,1613.0,306,9,1,0
D182,R016,0,1612.55,142,9,1,0
D183,R016,0,1370.4,399,9,0,0
D184,R016,1,433.01,347,9,0,0
D185,R016,0,1372.56,640,9,0,0
D186,R016,1,512.82,137,9,1,1
D187,R016,0,509.11,250,9,0,0
D188,R016,0,519.39,458,9,0,0
D189,R016,0,441.94,584,9,0,0
D190,R016,1,1371.53,632,9,0,0
D191,R016,0,1230.83,491,9,1,0
D192,R016,0,438.95,465,9,1,0
D193,R016,0,510.9,265,9,0,0
D194,R016,0,782.58,462,9,0,0
D195,R016,0,1232.32,130,9,0,0
D196,R016,1,511.82,550,9,1,1
D197,R016,0,514.92,423,9,0,0
D198,R016,0,1367.79,582,9,1,0
D199,R016,0,1233.1,147,9,0,0
D200,R016,1,773.43,128,9,1,1
D001,R017,1,846.69,298,4,1,1
D002,R017,0,290.14,492,4,1,0
D003,R017,1,1739.86,609,4,0,0
D004,R017,0,736.64,356,4,0,0
D005,R017,0,8.27,723,4,0,0
D006,R017,1,1743.53,294,4,0,0
D007,R017,1,500.76,529,4,0,0
D008,R017,1,1740.25,581,4,1,1
D009,R017,1,284.25,317,4,0,0
D010,R017,0,283.71,63,4,0,0
D011,R017,0,1566.63,603,4,0,0
D012,R017,0,501.8,140,4,1,0
D013,R017,1,1242.05,276,4,0,0
D014,R017,0,6.69,81,4,1,0
D015,R017,1,8.96,557,4,1,1
D016,R017,0,1745.48,422,4,1,0
D017,R017,0,1246.7,519,4,1,0
D018,R017,0,1740.69,75,4,0,0
D019,R017,0,2.77,525,4,1,0
D020,R017,0,1238.54,603,4,1,0
D021,R017,0,855.3,657,4,0,0
D022,R017,1,506.86,134,4,1,1
D023,R017,1,847.51,616,4,1,1
D024,R017,0,288.46,219,4,1,0
D025,R017,0,8.08,105,4,0,0
D026,R017,0,1744.67,212,4,1,0
D027,R017,1,502.9,165,4,1,1
D028,R017,1,742.29,400,4,1,1
D029,R017,1,740.03,287,4,0,0
D030,R017,1,1238.1,345,4,1,1
D031,R017,0,739.01,99,4,0,0
D032,R017,1,736.23,592,4,0,0
D033,R017,1,7.44,394,4,0,0
D034,R017,1,1559.17,371,4,0,0
D035,R017,0,741.36,708,4,1,0
D036,R017,0,850.67,134,4,1,0
D037,R017,1,6.83,590,4,1,1
D038,R017,1,10.32,576,4,0,0
D039,R017,1,1243.91,139,4,1,1
D040,R017,0,4.58,615,4,1,0
D041,R017,1,286.77,459,4,0,0
D042,R017,1,738.32,474,4,0,0
D043,R017,0,1243.07,532,4,1,0
D044,R017,1,1558.03,612,4,1,1
D045,R017,0,498.83,304,4,1,0
D046,R017,0,851.81,86,4,0,0
D047,R017,1,737.12,183,4,1,1
D048,R017,1,286.92,710,4,0,0
D049,R017,1,1243.41,334,4,0,0
D050,R017,1,9.87,246,4,1,1
D051,R017,0,505.62,560,4,1,0
D052,R017,1,5.44,655,4,1,1
D053,R017,0,502.36,182,4,1,0
D054,R017,0,1739.6,429,4,1,0
D055,R017,1,283.86,351,4,1,1
D056,R017,1,1237.36,114,4,0,0
D057,R017,1,1556.15,662,4,0,0
D058,R017,1,1558.26,237,4,1,1
D059,R017,1,1737.57,330,4,1,1
D060,R017,0,3.18,642,4,0,0
D061,R017,1,1236.45,502,4,1,1
D062,R017,1,1555.56,239,4,0,0
D063,R017,1,1246.64,167,4,0,0
D064,R017,1,501.71,178,4,0,0
D065,R017,0,740.84,570,4,0,0
D066,R017,0,288.16,305,4,1,0
D067,R017,0,1561.91,358,4,1,0
D068,R017,0,1560.38,484,4,1,0
D069,R017,0,1561.83,400,4,0,0
D070,R017,1,739.96,450,4,1,1
D071,R017,0,1743.16,207,4,0,0
D072,R017,1,1738.29,449,4,0,0
D073,R017,0,1246.87,708,4,1,0
D074,R017,1,847.71,603,4,1,1
D075,R017,0,1739.53,321,4,0,0
D076,R017,1,1244.25,369,4,1,1
D077,R017,0,744.9,341,4,1,0
D078,R017,1,290.68,316,4,1,1
D079,R017,0,1744.41,485,4,1,0
D080,R017,1,1746.18,362,4,1,1
D081,R017,1,505.94,330,4,1,1
D082,R017,0,1238.61,694,4,0,0
D083,R017,1,506.68,98,4,1,1
D084,R017,0,1238.43,561,4,1,0
D085,R017,1,1556.7,427,4,0,0
D086,R017,0,1555.95,188,4,1,0
D087,R017,0,1.6,343,4,0,0
D088,R017,0,1748.49,662,4,0,0
D089,R017,1,1740.58,575,4,1,1
D090,R017,0,292.33,496,4,1,0
D091,R017,1,1243.42,392,4,0,0
D092,R017,1,1561.61,407,4,0,0
D093,R017,1,740.92,155,4,1,1
D094,R017,1,506.2,493,4,0,0
D095,R017,0,289.16,629,4,1,0
D096,R017,1,1564.05,376,4,0,0
D097,R017,0,498.05,489,4,1,0
D098,R017,0,1741.59,143,4,1,0
D099,R017,0,739.54,558,4,1,0
D100,R017,0,1556.99,182,4,0,0
D101,R017,0,737.03,506,4,0,0
D102,R017,1,852.17,692,4,1,1
D103,R017,1,498.89,232,4,1,1
D104,R017,0,851.66,237,4,1,0
D105,R017,1,844.85,214,4,1,1
D106,R017,1,1241.37,353,4,1,1
D107,R017,1,850.41,252,4,1,1
D108,R017,0,1239.0,509,4,1,0
D109,R017,1,1741.47,455,4,1,1
D110,R017,0,1741.21,377,4,0,0
D111,R017,1,506.44,376,4,1,1
D112,R017,0,1.5,599,4,0,0
D113,R017,1,507.03,303,4,0,0
D114,R017,0,1565.18,511,4,0,0
D115,R017,1,1563.21,440,4,1,1
D116,R017,0,851.21,287,4,0,0
D117,R017,1,507.22,161,4,0,0
D118,R017,1,505.16,141,4,1,1
D119,R017,0,7.25,489,4,1,0
D120,R017,0,1235.17,421,4,1,0
D121,R017,1,735.45,456,4,0,0
D122,R017,1,1561.86,406,4,0,0
D123,R017,0,1746.71,97,4,0,0
D124,R017,1,292.12,352,4,1,1
D125,R017,1,286.18,569,4,1,1
D126,R017,1,1565.1,362,4,1,1
D127,R017,1,736.57,118,4,0,0
D128,R017,0,736.31,720,4,1,0
D129,R017,0,746.22,467,4,0,0
D130,R017,1,1556.32,279,4,0,0
D131,R017,1,1566.4,387,4,1,1
D132,R017,1,851.22,265,4,1,1
D133,R017,0,10.05,550,4,1,0
D134,R017,0,744.81,715,4,1,0
D135,R017,0,1742.24,414,4,0,0
D136,R017,0,1561.77,654,4,1,0
D137,R017,0,506.55,714,4,0,0
D138,R017,0,1560.66,485,4,1,0
D139,R017,1,6.6,635,4,1,1
D140,R017,1,5.84,223,4,0,0
D141,R017,0,498.63,528,4,0,0
D142,R017,1,8.54,501,4,0,0
D143,R017,1,1564.84,576,4,1,1
D144,R017,1,1564.48,207,4,0,0
D145,R017,0,741.99,395,4,0,0
D146,R017,1,500.01,399,4,1,1
D147,R017,1,738.39,652,4,0,0
D148,R017,0,284.26,172,4,1,0
D149,R017,0,1240.78,634,4,1,0
D150,R017,1,1242.15,312,4,1,1
D151,R017,1,1562.76,340,4,0,0
D152,R017,1,743.62,512,4,1,1
D153,R017,0,1236.71,603,4,1,0
D154,R017,0,3.93,547,4,0,0
D155,R017,0,7.79,240,4,0,0
D156,R017,0,286.98,169,4,0,0
D157,R017,1,501.33,226,4,1,1
D158,R017,0,1559.02,475,4,0,0
D159,R017,0,498.51,333,4,0,0
D160,R017,1,1562.31,574,4,0,0
D161,R017,1,1563.61,680,4,1,1
D162,R017,1,1242.26,637,4,0,0
D163,R017,1,7.54,116,4,1,1
D164,R017,1,741.52,652,4,0,0
D165,R017,0,740.45,198,4,1,0
D166,R017,0,735.89,242,4,0,0
D167,R017,1,738.27,604,4,0,0
D168,R017,0,4.26,76,4,1,0
D169,R017,1,848.91,117,4,0,0
D170,R017,0,1562.39,593,4,1,0
D171,R017,1,1559.92,718,4,1,1
D172,R017,0,504.65,534,4,0,0
D173,R017,1,743.34,255,4,1,1
D174,R017,1,740.34,370,4,0,0
D175,R017,0,284.28,389,4,1,0
D176,R017,0,738.15,387,4,0,0
D177,R017,1,499.75,448,4,0,0
D178,R017,1,3.34,233,4,1,1
D179,R017,0,1236.14,705,4,1,0
D180,R017,1,1737.63,481,4,1,1
D181,R017,0,1559.76,306,4,1,0
D182,R017,0,1561.68,142,4,1,0
D183,R017,0,286.28,399,4,0,0
D184,R017,1,850.29,347,4,0,0
D185,R017,0,291.41,640,4,0,0
D186,R017,1,740.74,137,4,1,1
D187,R017,1,744.69,250,4,0,0
D188,R017,1,734.8,458,4,0,0
D189,R017,0,843.01,584,4,0,0
D190,R017,1,288.17,632,4,0,0
D191,R017,0,7.35,491,4,1,0
D192,R017,0,845.39,465,4,1,0
D193,R017,1,743.14,265,4,0,0
D194,R017,1,1748.14,462,4,0,0
D195,R017,0,4.73,130,4,0,0
D196,R017,1,743.04,550,4,1,1
D197,R017,0,738.05,423,4,0,0
D198,R017,0,289.38,582,4,1,0
D199,R017,0,4.58,147,4,0,0
D200,R017,1,1741.44,128,4,1,1
D001,R018,1,841.73,298,7,1,1
D002,R018,0,289.08,492,7,1,0
D003,R018,1,1733.16,609,7,0,0
D004,R018,0,731.42,356,7,0,0
D005,R018,0,4.65,723,7,0,0
D006,R018,1,1736.84,294,7,0,0
D007,R018,1,494.02,529,7,0,0
D008,R018,1,1733.56,581,7,1,1
D009,R018,1,283.09,317,7,0,0
D010,R018,0,282.61,63,7,0,0
D011,R018,0,1561.38,603,7,0,0
D012,R018,0,495.07,140,7,1,0
D013,R018,1,1236.25,276,7,0,0
D014,R018,0,4.54,81,7,1,0
D015,R018,1,9.0,557,7,1,1
D016,R018,0,1738.78,422,7,1,0
D017,R018,0,1240.92,519,7,1,0
D018,R018,0,1734.0,75,7,0,0
D019,R018,0,7.99,525,7,1,0
D020,R018,0,1232.76,603,7,1,0
D021,R018,0,850.32,657,7,0,0
D022,R018,1,500.12,134,7,1,1
D023,R018,1,842.55,616,7,1,1
D024,R018,0,287.36,219,7,1,0
D025,R018,0,6.61,105,7,0,0
D026,R018,0,1737.98,212,7,1,0
D027,R018,1,496.16,165,7,1,1
D028,R018,1,737.01,400,7,1,1
D029,R018,1,734.75,287,7,0,0
D030,R018,1,1232.31,345,7,1,1
D031,R018,0,733.73,99,7,0,0
D032,R018,1,730.97,592,7,0,0
D033,R018,1,9.4,394,7,0,0
D034,R018,1,1553.92,371,7,0,0
D035,R018,0,736.09,708,7,1,0
D036,R018,0,845.66,134,7,1,0
D037,R018,1,4.69,590,7,1,1
D038,R018,1,7.5,576,7,0,0
D039,R018,1,1238.12,139,7,1,1
D040,R018,0,8.0,615,7,1,0
D041,R018,1,285.79,459,7,0,0
D042,R018,1,733.06,474,7,0,0
D043,R018,0,1237.27,532,7,1,0
D044,R018,1,1552.78,612,7,1,1
D045,R018,0,492.09,304,7,1,0
D046,R018,0,846.83,86,7,0,0
D047,R018,1,731.86,183,7,1,1
D048,R018,1,285.91,710,7,0,0
D049,R018,1,1237.62,334,7,0,0
D050,R018,1,7.79,246,7,1,1
D051,R018,0,498.89,560,7,1,0
D052,R018,1,2.2,655,7,1,1
D053,R018,0,495.64,182,7,1,0
D054,R018,0,1732.9,429,7,1,0
D055,R018,1,282.75,351,7,1,1
D056,R018,1,1231.56,114,7,0,0
D057,R018,1,1550.91,662,7,0,0
D058,R018,1,1553.01,237,7,1,1
D059,R018,1,1730.88,330,7,1,1
D060,R018,0,5.16,642,7,0,0
D061,R018,1,1230.67,502,7,1,1
D062,R018,1,1550.32,239,7,0,0
D063,R018,1,1240.86,167,7,0,0
D064,R018,1,494.98,178,7,0,0
D065,R018,0,735.56,570,7,0,0
D066,R018,0,287.19,305,7,1,0
D067,R018,0,1556.67,358,7,1,0
D068,R018,0,1555.14,484,7,1,0
D069,R018,0,1556.58,400,7,0,0
D070,R018,1,734.71,450,7,1,1
D071,R018,0,1736.47,207,7,0,0
D072,R018,1,1731.6,449,7,0,0
D073,R018,0,1241.09,708,7,1,0
D074,R018,1,842.72,603,7,1,1
D075,R018,0,1732.84,321,7,0,0
D076,R018,1,1238.46,369,7,1,1
D077,R018,0,739.65,341,7,1,0
D078,R018,1,289.53,316,7,1,1
D079,R018,0,1737.72,485,7,1,0
D080,R018,1,1739.49,362,7,1,1
D081,R018,1,499.21,330,7,1,1
D082,R018,0,1232.82,694,7,0,0
D083,R018,1,499.94,98,7,1,1
D084,R018,0,1232.66,561,7,1,0
D085,R018,1,1551.47,427,7,0,0
D086,R018,0,1550.7,188,7,1,0
D087,R018,0,8.29,343,7,0,0
D088,R018,0,1741.8,662,7,0,0
D089,R018,1,1733.88,575,7,1,1
D090,R018,0,291.22,496,7,1,0
D091,R018,1,1237.64,392,7,0,0
D092,R018,1,1556.37,407,7,0,0
D093,R018,1,735.69,155,7,1,1
D094,R018,1,499.47,493,7,0,0
D095,R018,0,287.99,629,7,1,0
D096,R018,1,1558.81,376,7,0,0
D097,R018,0,491.32,489,7,1,0
D098,R018,0,1734.89,143,7,1,0
D099,R018,0,734.29,558,7,1,0
D100,R018,0,1551.75,182,7,0,0
D101,R018,0,731.79,506,7,0,0
D102,R018,1,847.16,692,7,1,1
D103,R018,1,492.16,232,7,1,1
D104,R018,0,846.69,237,7,1,0
D105,R018,1,839.86,214,7,1,1
D106,R018,1,1235.59,353,7,1,1
D107,R018,1,845.42,252,7,1,1
D108,R018,0,1233.2,509,7,1,0
D109,R018,1,1734.78,455,7,1,1
D110,R018,0,1734.52,377,7,0,0
D111,R018,1,499.71,376,7,1,1
D112,R018,0,5.26,599,7,0,0
D113,R018,1,500.3,303,7,0,0
D114,R018,0,1559.93,511,7,0,0
D115,R018,1,1557.96,440,7,1,1
D116,R018,0,846.22,287,7,0,0
D117,R018,1,500.48,161,7,0,0
D118,R018,1,498.43,141,7,1,1
D119,R018,0,2.79,489,7,1,0
D120,R018,0,1229.38,421,7,1,0
D121,R018,1,730.2,456,7,0,0
D122,R018,1,1556.61,406,7,0,0
D123,R018,0,1740.02,97,7,0,0
D124,R018,1,291.0,352,7,1,1
D125,R018,1,285.03,569,7,1,1
D126,R018,1,1559.85,362,7,1,1
D127,R018,1,731.33,118,7,0,0
D128,R018,0,731.05,720,7,1,0
D129,R018,0,740.98,467,7,0,0
D130,R018,1,1551.07,279,7,0,0
D131,R018,1,1561.16,387,7,1,1
D132,R018,1,846.24,265,7,1,1
D133,R018,0,8.45,550,7,1,0
D134,R018,0,739.57,715,7,1,0
D135,R018,0,1735.54,414,7,0,0
D136,R018,0,1556.52,654,7,1,0
D137,R018,0,499.82,714,7,0,0
D138,R018,0,1555.41,485,7,1,0
D139,R018,1,8.89,635,7,1,1
D140,R018,1,6.99,223,7,0,0
D141,R018,0,491.89,528,7,0,0
D142,R018,1,8.59,501,7,0,0
D143,R018,1,1559.6,576,7,1,1
D144,R018,1,1559.23,207,7,0,0
D145,R018,0,736.76,395,7,0,0
D146,R018,1,493.28,399,7,1,1
D147,R018,1,733.11,652,7,0,0
D148,R018,0,283.18,172,7,1,0
D149,R018,0,1235.01,634,7,1,0
D150,R018,1,1236.37,312,7,1,1
D151,R018,1,1557.53,340,7,0,0
D152,R018,1,738.35,512,7,1,1
D153,R018,0,1230.93,603,7,1,0
D154,R018,0,9.47,547,7,0,0
D155,R018,0,5.65,240,7,0,0
D156,R018,0,285.8,169,7,0,0
D157,R018,1,494.61,226,7,1,1
D158,R018,0,1553.76,475,7,0,0
D159,R018,0,491.78,333,7,0,0
D160,R018,1,1557.06,574,7,0,0
D161,R018,1,1558.36,680,7,1,1
D162,R018,1,1236.46,637,7,0,0
D163,R018,1,7.59,116,7,1,1
D164,R018,1,736.29,652,7,0,0
D165,R018,0,735.22,198,7,1,0
D166,R018,0,730.62,242,7,0,0
D167,R018,1,733.01,604,7,0,0
D168,R018,0,8.02,76,7,1,0
D169,R018,1,843.96,117,7,0,0
D170,R018,0,1557.16,593,7,1,0
D171,R018,1,1554.68,718,7,1,1
D172,R018,0,497.91,534,7,0,0
D173,R018,1,738.07,255,7,1,1
D174,R018,1,735.08,370,7,0,0
D175,R018,0,283.3,389,7,1,0
D176,R018,0,732.89,387,7,0,0
D177,R018,1,493.02,448,7,0,0
D178,R018,1,3.86,233,7,1,1
D179,R018,0,1230.35,705,7,1,0
D180,R018,1,1730.93,481,7,1,1
D181,R018,0,1554.51,306,7,1,0
D182,R018,0,1556.42,142,7,1,0
D183,R018,0,285.33,399,7,0,0
D184,R018,1,845.27,347,7,0,0
D185,R018,0,290.45,640,7,0,0
D186,R018,1,735.47,137,7,1,1
D187,R018,1,739.43,250,7,0,0
D188,R018,1,729.56,458,7,0,0
D189,R018,0,838.02,584,7,0,0
D190,R018,1,287.23,632,7,0,0
D191,R018,0,7.39,491,7,1,0
D192,R018,0,840.39,465,7,1,0
D193,R018,1,737.89,265,7,0,0
D194,R018,1,1741.44,462,7,0,0
D195,R018,0,3.74,130,7,0,0
D196,R018,1,737.8,550,7,1,1
D197,R018,0,732.78,423,7,0,0
D198,R018,0,288.31,582,7,1,0
D199,R018,0,6.07,147,7,0,0
D200,R018,1,1734.75,128,7,1,1
D001,R019,1,618.52,298,4,1,1
D002,R019,1,521.24,492,4,1,1
D003,R019,1,1246.45,609,4,0,0
D004,R019,1,503.34,356,4,0,0
D005,R019,1,501.04,723,4,0,0
D006,R019,1,1250.52,294,4,0,0
D007,R019,1,6.86,529,4,0,0
D008,R019,1,1247.01,581,4,1,1
D009,R019,1,515.89,317,4,0,0
D010,R019,1,517.61,63,4,0,0
D011,R019,1,1185.85,603,4,0,0
D012,R019,1,5.78,140,4,1,1
D013,R019,1,873.09,276,4,0,0
D014,R019,1,502.68,81,4,1,1
D015,R019,1,504.84,557,4,1,1
D016,R019,1,1251.95,422,4,1,1
D017,R019,1,880.22,519,4,1,1
D018,R019,1,1247.69,75,4,0,0
D019,R019,1,508.48,525,4,1,1
D020,R019,1,872.95,603,4,1,1
D021,R019,1,623.16,657,4,0,0
D022,R019,1,1.06,134,4,1,1
D023,R019,1,619.29,616,4,1,1
D024,R019,1,519.49,219,4,1,1
D025,R019,1,503.03,105,4,0,0
D026,R019,1,1251.64,212,4,1,1
D027,R019,1,4.67,165,4,1,1
D028,R019,1,500.93,400,4,1,1
D029,R019,1,499.31,287,4,0,0
D030,R019,1,870.61,345,4,1,1
D031,R019,1,499.19,99,4,0,0
D032,R019,1,498.93,592,4,0,0
D033,R019,1,507.16,394,4,0,0
D034,R019,1,1178.52,371,4,0,0
D035,R019,1,501.9,708,4,1,1
D036,R019,1,616.18,134,4,1,1
D037,R019,1,502.65,590,4,1,1
D038,R019,1,501.01,576,4,0,0
D039,R019,1,875.43,139,4,1,1
D040,R019,1,507.66,615,4,1,1
D041,R019,1,523.72,459,4,0,0
D042,R019,1,499.95,474,4,0,0
D043,R019,1,873.88,532,4,1,1
D044,R019,1,1177.81,612,4,1,1
D045,R019,1,8.72,304,4,1,1
D046,R019,1,620.75,86,4,0,0
D047,R019,1,499.79,183,4,1,1
D048,R019,1,522.3,710,4,0,0
D049,R019,1,876.21,334,4,0,0
D050,R019,1,502.03,246,4,1,1
D051,R019,1,2.08,560,4,1,1
D052,R019,1,502.43,655,4,1,1
D053,R019,1,7.81,182,4,1,1
D054,R019,1,1246.22,429,4,1,1
D055,R019,1,517.37,351,4,1,1
D056,R019,1,869.48,114,4,0,0
D057,R019,1,1176.65,662,4,0,0
D058,R019,1,1177.39,237,4,1,1
D059,R019,1,1244.43,330,4,1,1
D060,R019,1,505.53,642,4,0,0
D061,R019,1,869.83,502,4,1,1
D062,R019,1,1176.18,239,4,0,0
D063,R019,1,879.69,167,4,0,0
D064,R019,1,6.67,178,4,0,0
D065,R019,1,499.87,570,4,0,0
D066,R019,1,524.27,305,4,1,1
D067,R019,1,1181.79,358,4,1,1
D068,R019,1,1180.47,484,4,1,1
D069,R019,1,1180.71,400,4,0,0
D070,R019,1,503.97,450,4,1,1
D071,R019,1,1250.32,207,4,0,0
D072,R019,1,1244.88,449,4,0,0
D073,R019,1,880.42,708,4,1,1
D074,R019,1,615.57,603,4,1,1
D075,R019,1,1246.68,321,4,0,0
D076,R019,1,875.95,369,4,1,1
D077,R019,1,507.2,341,4,1,1
D078,R019,1,517.75,316,4,1,1
D079,R019,1,1250.88,485,4,1,1
D080,R019,1,1252.65,362,4,1,1
D081,R019,1,2.69,330,4,1,1
D082,R019,1,871.28,694,4,0,0
D083,R019,1,1.04,98,4,1,1
D084,R019,1,873.11,561,4,1,1
D085,R019,1,1177.51,427,4,0,0
D086,R019,1,1176.03,188,4,1,1
D087,R019,1,509.01,343,4,0,0
D088,R019,1,1255.22,662,4,0,0
D089,R019,1,1247.68,575,4,1,1
D090,R019,1,520.31,496,4,1,1
D091,R019,1,876.19,392,4,0,0
D092,R019,1,1181.78,407,4,0,0
D093,R019,1,506.2,155,4,1,1
D094,R019,1,3.36,493,4,0,0
D095,R019,1,516.57,629,4,1,1
D096,R019,1,1184.24,376,4,0,0
D097,R019,1,12.43,489,4,1,1
D098,R019,1,1248.21,143,4,1,1
D099,R019,1,502.82,558,4,1,1
D100,R019,1,1177.8,182,4,0,0
D101,R019,1,502.68,506,4,0,0
D102,R019,1,618.08,692,4,1,1
D103,R019,1,11.51,232,4,1,1
D104,R019,1,620.89,237,4,1,1
D105,R019,1,613.95,214,4,1,1
D106,R019,1,875.12,353,4,1,1
D107,R019,1,617.99,252,4,1,1
D108,R019,1,870.79,509,4,1,1
D109,R019,1,1247.94,455,4,1,1
D110,R019,1,1247.95,377,4,0,0
D111,R019,1,4.41,376,4,1,1
D112,R019,1,506.01,599,4,0,0
D113,R019,1,3.64,303,4,0,0
D114,R019,1,1184.93,511,4,0,0
D115,R019,1,1182.5,440,4,1,1
D116,R019,1,618.21,287,4,0,0
D117,R019,1,1.41,161,4,0,0
D118,R019,1,2.66,141,4,1,1
D119,R019,1,501.04,489,4,1,1
D120,R019,1,868.26,421,4,1,1
D121,R019,1,499.75,456,4,0,0
D122,R019,1,1181.01,406,4,0,0
D123,R019,1,1253.34,97,4,0,0
D124,R019,1,519.56,352,4,1,1
D125,R019,1,516.55,569,4,1,1
D126,R019,1,1184.66,362,4,1,1
D127,R019,1,502.0,118,4,0,0
D128,R019,1,498.82,720,4,1,1
D129,R019,1,508.21,467,4,0,0
D130,R019,1,1176.25,279,4,0,0
D131,R019,1,1186.6,387,4,1,1
D132,R019,1,619.97,265,4,1,1
D133,R019,1,502.6,550,4,1,1
D134,R019,1,507.46,715,4,1,1
D135,R019,1,1248.71,414,4,0,0
D136,R019,1,1180.54,654,4,1,1
D137,R019,1,3.25,714,4,0,0
D138,R019,1,1179.97,485,4,1,1
D139,R019,1,507.27,635,4,1,1
D140,R019,1,505.64,223,4,0,0
D141,R019,1,8.89,528,4,0,0
D142,R019,1,504.81,501,4,0,0
D143,R019,1,1184.62,576,4,1,1
D144,R019,1,1183.84,207,4,0,0
D145,R019,1,506.93,395,4,0,0
D146,R019,1,11.72,399,4,1,1
D147,R019,1,499.43,652,4,0,0
D148,R019,1,518.84,172,4,1,1
D149,R019,1,875.25,634,4,1,1
D150,R019,1,875.69,312,4,1,1
D151,R019,1,1183.99,340,4,0,0
D152,R019,1,504.36,512,4,1,1
D153,R019,1,869.5,603,4,1,1
D154,R019,1,509.87,547,4,0,0
D155,R019,1,502.44,240,4,0,0
D156,R019,1,515.45,169,4,0,0
D157,R019,1,10.69,226,4,1,1
D158,R019,1,1177.74,475,4,0,0
D159,R019,1,10.7,333,4,0,0
D160,R019,1,1182.14,574,4,0,0
D161,R019,1,1183.29,680,4,1,1
D162,R019,1,873.92,637,4,0,0
D163,R019,1,504.72,116,4,1,1
D164,R019,1,506.69,652,4,0,0
D165,R019,1,506.35,198,4,1,1
D166,R019,1,497.92,242,4,0,0
D167,R019,1,499.99,604,4,0,0
D168,R019,1,507.87,76,4,1,1
D169,R019,1,621.19,117,4,0,0
D170,R019,1,1183.52,593,4,1,1
D171,R019,1,1180.44,718,4,1,1
D172,R019,1,3.37,534,4,0,0
D173,R019,1,502.89,255,4,1,1
D174,R019,1,501.65,370,4,0,0
D175,R019,1,522.77,389,4,1,1
D176,R019,1,500.65,387,4,0,0
D177,R019,1,7.86,448,4,0,0
D178,R019,1,504.51,233,4,1,1
D179,R019,1,868.82,705,4,1,1
D180,R019,1,1244.44,481,4,1,1
D181,R019,1,1179.29,306,4,1,1
D182,R019,1,1180.54,142,4,1,1
D183,R019,1,524.73,399,4,0,0
D184,R019,1,614.73,347,4,0,0
D185,R019,1,525.72,640,4,0,0
D186,R019,1,502.3,137,4,1,1
D187,R019,1,505.25,250,4,0,0
D188,R019,1,500.01,458,4,0,0
D189,R019,1,611.97,584,4,0,0
D190,R019,1,525.47,632,4,0,0
D191,R019,1,504.69,491,4,1,1
D192,R019,1,612.79,465,4,1,1
D193,R019,1,504.79,265,4,0,0
D194,R019,1,1254.53,462,4,0,0
D195,R019,1,503.7,130,4,0,0
D196,R019,1,506.4,550,4,1,1
D197,R019,1,499.39,423,4,0,0
D198,R019,1,520.93,582,4,1,1
D199,R019,1,505.61,147,4,0,0
D200,R019,1,1248.36,128,4,1,1
D001,R020,0,1031.07,298,5,1,0
D002,R020,0,5.07,492,5,1,0
D003,R020,0,1747.49,609,5,0,0
D004,R020,1,912.32,356,5,0,0
D005,R020,0,295.45,723,5,0,0
D006,R020,1,1751.95,294,5,0,0
D007,R020,1,512.43,529,5,0,0
D008,R020,1,1748.21,581,5,1,1
D009,R020,1,7.87,317,5,0,0
D010,R020,0,8.86,63,5,0,0
D011,R020,1,1357.34,603,5,0,0
D012,R020,1,513.13,140,5,1,1
D013,R020,1,1369.42,276,5,0,0
D014,R020,1,295.34,81,5,1,1
D015,R020,0,299.66,557,5,1,0
D016,R020,1,1752.81,422,5,1,1
D017,R020,0,1375.64,519,5,1,0
D018,R020,0,1749.15,75,5,0,0
D019,R020,1,294.82,525,5,1,1
D020,R020,0,1367.9,603,5,1,0
D021,R020,1,1038.49,657,5,0,0
D022,R020,0,517.31,134,5,1,0
D023,R020,1,1031.91,616,5,1,1
D024,R020,0,4.95,219,5,1,0
D025,R020,0,297.45,105,5,0,0
D026,R020,0,1753.04,212,5,1,0
D027,R020,0,513.94,165,5,1,0
D028,R020,1,915.05,400,5,1,1
D029,R020,0,912.89,287,5,0,0
D030,R020,1,1366.31,345,5,1,1
D031,R020,0,912.17,99,5,0,0
D032,R020,1,910.24,592,5,0,0
D033,R020,0,299.15,394,5,0,0
D034,R020,1,1350.01,371,5,0,0
D035,R020,1,914.84,708,5,1,1
D036,R020,0,1032.68,134,5,1,0
D037,R020,0,295.5,590,5,1,0
D038,R020,0,298.22,576,5,0,0
D039,R020,0,1371.6,139,5,1,0
D040,R020,1,296.52,615,5,1,1
D041,R020,1,9.99,459,5,0,0
D042,R020,0,912.03,474,5,0,0
D043,R020,0,1370.32,532,5,1,0
D044,R020,1,1348.66,612,5,1,1
D045,R020,1,510.61,304,5,1,1
D046,R020,0,1035.27,86,5,0,0
D047,R020,0,911.18,183,5,1,0
D048,R020,1,8.61,710,5,0,0
D049,R020,1,1371.87,334,5,0,0
D050,R020,1,298.65,246,5,1,1
D051,R020,0,515.35,560,5,1,0
D052,R020,1,292.69,655,5,1,1
D053,R020,0,509.88,182,5,1,0
D054,R020,0,1747.28,429,5,1,0
D055,R020,1,8.62,351,5,1,1
D056,R020,0,1365.32,114,5,0,0
D057,R020,1,1346.41,662,5,0,0
D058,R020,1,1349.26,237,5,1,1
D059,R020,0,1745.76,330,5,1,0
D060,R020,0,293.97,642,5,0,0
D061,R020,1,1365.16,502,5,1,1
D062,R020,0,1345.78,239,5,0,0
D063,R020,0,1375.3,167,5,0,0
D064,R020,0,510.75,178,5,0,0
D065,R020,0,913.66,570,5,0,0
D066,R020,0,9.42,305,5,1,0
D067,R020,1,1352.38,358,5,1,1
D068,R020,1,1350.77,484,5,1,1
D069,R020,1,1352.87,400,5,0,0
D070,R020,1,914.77,450,5,1,1
D071,R020,1,1751.93,207,5,0,0
D072,R020,0,1745.92,449,5,0,0
D073,R020,1,1375.83,708,5,1,1
D074,R020,0,1030.53,603,5,1,0
D075,R020,1,1748.3,321,5,0,0
D076,R020,0,1372.05,369,5,1,0
D077,R020,0,919.35,341,5,1,0
D078,R020,1,1.6,316,5,1,1
D079,R020,0,1751.73,485,5,1,0
D080,R020,1,1753.51,362,5,1,1
D081,R020,1,514.89,330,5,1,1
D082,R020,0,1366.93,694,5,0,0
D083,R020,0,517.04,98,5,1,0
D084,R020,1,1367.95,561,5,1,1
D085,R020,0,1346.78,427,5,0,0
D086,R020,0,1346.46,188,5,1,0
D087,R020,0,291.89,343,5,0,0
D088,R020,1,1756.34,662,5,0,0
D089,R020,1,1749.25,575,5,1,1
D090,R020,0,2.98,496,5,1,0
D091,R020,1,1371.86,392,5,0,0
D092,R020,1,1351.91,407,5,0,0
D093,R020,1,916.33,155,5,1,1
D094,R020,0,514.61,493,5,0,0
D095,R020,1,2.9,629,5,1,1
D096,R020,0,1354.27,376,5,0,0
D097,R020,0,505.06,489,5,1,0
D098,R020,0,1749.26,143,5,1,0
D099,R020,1,914.02,558,5,1,1
D100,R020,1,1347.05,182,5,0,0
D101,R020,0,912.31,506,5,0,0
D102,R020,0,1034.41,692,5,1,0
D103,R020,1,506.01,232,5,1,1
D104,R020,1,1035.24,237,5,1,1
D105,R020,1,1028.03,214,5,1,1
D106,R020,0,1370.38,353,5,1,0
D107,R020,0,1033.25,252,5,1,0
D108,R020,0,1366.78,509,5,1,0
D109,R020,0,1748.82,455,5,1,0
D110,R020,1,1749.12,377,5,0,0
D111,R020,0,514.17,376,5,1,0
D112,R020,0,291.64,599,5,0,0
D113,R020,1,515.03,303,5,0,0
D114,R020,1,1355.62,511,5,0,0
D115,R020,1,1353.97,440,5,1,1
D116,R020,1,1033.85,287,5,0,0
D117,R020,0,516.41,161,5,0,0
D118,R020,1,516.12,141,5,1,1
D119,R020,0,293.65,489,5,1,0
D120,R020,1,1363.69,421,5,1,1
D121,R020,0,910.06,456,5,0,0
D122,R020,0,1352.74,406,5,0,0
D123,R020,1,1754.35,97,5,0,0
D124,R020,1,2.25,352,5,1,1
D125,R020,1,5.96,569,5,1,1
D126,R020,0,1355.66,362,5,1,0
D127,R020,1,911.73,118,5,0,0
D128,R020,1,910.24,720,5,1,1
D129,R020,1,920.64,467,5,0,0
D130,R020,0,1346.91,279,5,0,0
D131,R020,1,1356.56,387,5,1,1
D132,R020,1,1034.58,265,5,1,1
D133,R020,1,299.33,550,5,1,1
D134,R020,0,919.41,715,5,1,0
D135,R020,1,1749.59,414,5,0,0
D136,R020,0,1352.87,654,5,1,0
D137,R020,0,514.9,714,5,0,0
D138,R020,1,1351.49,485,5,1,1
D139,R020,0,298.37,635,5,1,0
D140,R020,1,296.93,223,5,0,0
D141,R020,1,509.88,528,5,0,0
D142,R020,1,299.22,501,5,0,0
D143,R020,1,1355.28,576,5,1,1
D144,R020,0,1355.17,207,5,0,0
D145,R020,1,917.33,395,5,0,0
D146,R020,1,506.18,399,5,1,1
D147,R020,1,911.86,652,5,0,0
D148,R020,1,8.81,172,5,1,1
D149,R020,1,1370.21,634,5,1,1
D150,R020,0,1371.04,312,5,1,0
D151,R020,1,1352.43,340,5,0,0
D152,R020,0,917.34,512,5,1,0
D153,R020,0,1365.07,603,5,1,0
D154,R020,0,295.7,547,5,0,0
D155,R020,1,296.52,240,5,0,0
D156,R020,0,5.09,169,5,0,0
D157,R020,1,507.45,226,5,1,1
D158,R020,1,1350.23,475,5,0,0
D159,R020,1,506.71,333,5,0,0
D160,R020,0,1352.78,574,5,0,0
D161,R020,1,1354.13,680,5,1,1
D162,R020,0,1370.01,637,5,0,0
D163,R020,1,298.13,116,5,1,1
D164,R020,1,916.92,652,5,0,0
D165,R020,1,916.07,198,5,1,1
D166,R020,0,909.6,242,5,0,0
D167,R020,0,912.02,604,5,0,0
D168,R020,0,296.26,76,5,1,0
D169,R020,0,1033.58,117,5,0,0
D170,R020,0,1352.13,593,5,1,0
D171,R020,1,1350.07,718,5,1,1
D172,R020,1,514.03,534,5,0,0
D173,R020,0,916.55,255,5,1,0
D174,R020,1,914.07,370,5,0,0
D175,R020,1,11.36,389,5,1,1
D176,R020,1,912.21,387,5,0,0
D177,R020,1,511.61,448,5,0,0
D178,R020,1,292.72,233,5,1,1
D179,R020,0,1364.42,705,5,1,0
D180,R020,1,1745.73,481,5,1,1
D181,R020,1,1350.48,306,5,1,1
D182,R020,1,1352.72,142,5,1,1
D183,R020,1,11.31,399,5,0,0
D184,R020,1,1031.84,347,5,0,0
D185,R020,1,9.04,640,5,0,0
D186,R020,0,914.59,137,5,1,0
D187,R020,1,918.41,250,5,0,0
D188,R020,1,909.74,458,5,0,0
D189,R020,0,1026.04,584,5,0,0
D190,R020,0,10.6,632,5,0,0
D191,R020,1,297.92,491,5,1,1
D192,R020,1,1027.9,465,5,1,1
D193,R020,1,917.21,265,5,0,0
D194,R020,1,1755.28,462,5,0,0
D195,R020,1,293.84,130,5,0,0
D196,R020,1,917.8,550,5,1,1
D197,R020,0,911.62,423,5,0,0
D198,R020,1,5.34,582,5,1,1
D199,R020,0,295.61,147,5,0,0
D200,R020,0,1749.74,128,5,1,0
D001,R021,0,841.36,298,7,1,0
D002,R021,0,290.5,492,7,1,0
D003,R021,0,1733.71,609,7,0,0
D004,R021,0,731.13,356,7,0,0
D005,R021,0,3.41,723,7,0,0
D006,R021,0,1737.38,294,7,0,0
D007,R021,0,494.84,529,7,0,0
D008,R021,1,1734.11,581,7,1,1
D009,R021,1,284.52,317,7,0,0
D010,R021,0,284.03,63,7,0,0
D011,R021,0,1562.78,603,7,0,0
D012,R021,0,495.88,140,7,1,0
D013,R021,0,1236.19,276,7,0,0
D014,R021,1,3.05,81,7,1,1
D015,R021,0,7.5,557,7,1,0
D016,R021,1,1739.33,422,7,1,1
D017,R021,0,1240.86,519,7,1,0
D018,R021,0,1734.54,75,7,0,0
D019,R021,1,6.93,525,7,1,1
D020,R021,0,1232.69,603,7,1,0
D021,R021,0,849.95,657,7,0,0
D022,R021,0,500.94,134,7,1,0
D023,R021,0,842.18,616,7,1,0
D024,R021,0,288.79,219,7,1,0
D025,R021,0,5.14,105,7,0,0
D026,R021,0,1738.52,212,7,1,0
D027,R021,0,496.98,165,7,1,0
D028,R021,0,736.74,400,7,1,0
D029,R021,0,734.49,287,7,0,0
D030,R021,1,1232.25,345,7,1,1
D031,R021,0,733.46,99,7,0,0
D032,R021,0,730.7,592,7,0,0
D033,R021,0,7.92,394,7,0,0
D034,R021,0,1555.32,371,7,0,0
D035,R021,1,735.83,708,7,1,1
D036,R021,0,845.31,134,7,1,0
D037,R021,0,3.2,590,7,1,0
D038,R021,0,6.26,576,7,0,0
D039,R021,0,1238.06,139,7,1,0
D040,R021,0,6.68,615,7,1,0
D041,R021,1,287.2,459,7,0,0
D042,R021,0,732.79,474,7,0,0
D043,R021,0,1237.21,532,7,1,0
D044,R021,1,1554.18,612,7,1,1
D045,R021,0,492.91,304,7,1,0
D046,R021,0,846.46,86,7,0,0
D047,R021,0,731.59,183,7,1,0
D048,R021,1,287.32,710,7,0,0
D049,R021,1,1237.56,334,7,0,0
D050,R021,1,6.43,246,7,1,1
D051,R021,0,499.71,560,7,1,0
D052,R021,0,0.85,655,7,1,0
D053,R021,0,496.47,182,7,1,0
D054,R021,0,1733.45,429,7,1,0
D055,R021,0,284.17,351,7,1,0
D056,R021,0,1231.5,114,7,0,0
D057,R021,0,1552.31,662,7,0,0
D058,R021,0,1554.41,237,7,1,0
D059,R021,0,1731.42,330,7,1,0
D060,R021,0,4.0,642,7,0,0
D061,R021,1,1230.6,502,7,1,1
D062,R021,0,1551.72,239,7,0,0
D063,R021,0,1240.8,167,7,0,0
D064,R021,0,495.8,178,7,0,0
D065,R021,0,735.3,570,7,0,0
D066,R021,0,288.6,305,7,1,0
D067,R021,1,1558.07,358,7,1,1
D068,R021,0,1556.54,484,7,1,0
D069,R021,1,1557.98,400,7,0,0
D070,R021,0,734.44,450,7,1,0
D071,R021,1,1737.01,207,7,0,0
D072,R021,0,1732.14,449,7,0,0
D073,R021,0,1241.03,708,7,1,0
D074,R021,0,842.36,603,7,1,0
D075,R021,0,1733.38,321,7,0,0
D076,R021,0,1238.4,369,7,1,0
D077,R021,0,739.38,341,7,1,0
D078,R021,0,290.95,316,7,1,0
D079,R021,0,1738.27,485,7,1,0
D080,R021,0,1740.03,362,7,1,0
D081,R021,1,500.04,330,7,1,1
D082,R021,0,1232.76,694,7,0,0
D083,R021,0,500.76,98,7,1,0
D084,R021,1,1232.59,561,7,1,1
D085,R021,0,1552.87,427,7,0,0
D086,R021,0,1552.1,188,7,1,0
D087,R021,0,7.76,343,7,0,0
D088,R021,0,1742.35,662,7,0,0
D089,R021,1,1734.43,575,7,1,1
D090,R021,0,292.64,496,7,1,0
D091,R021,0,1237.58,392,7,0,0
D092,R021,0,1557.77,407,7,0,0
D093,R021,0,735.41,155,7,1,0
D094,R021,0,500.3,493,7,0,0
D095,R021,1,289.42,629,7,1,1
D096,R021,0,1560.21,376,7,0,0
D097,R021,0,492.16,489,7,1,0
D098,R021,0,1735.44,143,7,1,0
D099,R021,1,734.01,558,7,1,1
D100,R021,0,1553.15,182,7,0,0
D101,R021,0,731.51,506,7,0,0
D102,R021,0,846.81,692,7,1,0
D103,R021,1,493.0,232,7,1,1
D104,R021,0,846.32,237,7,1,0
D105,R021,1,839.5,214,7,1,1
D106,R021,0,1235.53,353,7,1,0
D107,R021,0,845.06,252,7,1,0
D108,R021,0,1233.14,509,7,1,0
D109,R021,0,1735.33,455,7,1,0
D110,R021,1,1735.07,377,7,0,0
D111,R021,0,500.54,376,7,1,0
D112,R021,0,4.77,599,7,0,0
D113,R021,0,501.13,303,7,0,0
D114,R021,1,1561.34,511,7,0,0
D115,R021,0,1559.36,440,7,1,0
D116,R021,1,845.86,287,7,0,0
D117,R021,0,501.31,161,7,0,0
D118,R021,0,499.24,141,7,1,0
D119,R021,0,1.6,489,7,1,0
D120,R021,0,1229.32,421,7,1,0
D121,R021,0,729.93,456,7,0,0
D122,R021,0,1558.01,406,7,0,0
D123,R021,0,1740.57,97,7,0,0
D124,R021,1,292.42,352,7,1,1
D125,R021,1,286.46,569,7,1,1
D126,R021,0,1561.26,362,7,1,0
D127,R021,1,731.06,118,7,0,0
D128,R021,1,730.78,720,7,1,1
D129,R021,1,740.7,467,7,0,0
D130,R021,0,1552.48,279,7,0,0
D131,R021,0,1562.57,387,7,1,0
D132,R021,0,845.88,265,7,1,0
D133,R021,0,7.05,550,7,1,0
D134,R021,0,739.29,715,7,1,0
D135,R021,0,1736.09,414,7,0,0
D136,R021,0,1557.92,654,7,1,0
D137,R021,0,500.65,714,7,0,0
D138,R021,1,1556.81,485,7,1,1
D139,R021,0,7.43,635,7,1,0
D140,R021,1,5.51,223,7,0,0
D141,R021,1,492.71,528,7,0,0
D142,R021,1,7.08,501,7,0,0
D143,R021,0,1561.0,576,7,1,0
D144,R021,0,1560.63,207,7,0,0
D145,R021,1,736.48,395,7,0,0
D146,R021,1,494.12,399,7,1,1
D147,R021,1,732.85,652,7,0,0
D148,R021,0,284.6,172,7,1,0
D149,R021,1,1234.94,634,7,1,1
D150,R021,0,1236.31,312,7,1,0
D151,R021,1,1558.93,340,7,0,0
D152,R021,0,738.08,512,7,1,0
D153,R021,0,1230.86,603,7,1,0
D154,R021,0,8.38,547,7,0,0
D155,R021,0,4.22,240,7,0,0
D156,R021,0,287.23,169,7,0,0
D157,R021,1,495.45,226,7,1,1
D158,R021,0,1555.16,475,7,0,0
D159,R021,0,492.62,333,7,0,0
D160,R021,0,1558.46,574,7,0,0
D161,R021,0,1559.76,680,7,1,0
D162,R021,0,1236.4,637,7,0,0
D163,R021,0,6.08,116,7,1,0
D164,R021,1,736.01,652,7,0,0
D165,R021,1,734.94,198,7,1,1
D166,R021,0,730.36,242,7,0,0
D167,R021,0,732.74,604,7,0,0
D168,R021,0,6.74,76,7,1,0
D169,R021,0,843.58,117,7,0,0
D170,R021,0,1558.56,593,7,1,0
D171,R021,1,1556.08,718,7,1,1
D172,R021,0,498.74,534,7,0,0
D173,R021,0,737.8,255,7,1,0
D174,R021,0,734.81,370,7,0,0
D175,R021,0,284.71,389,7,1,0
D176,R021,1,732.62,387,7,0,0
D177,R021,1,493.84,448,7,0,0
D178,R021,1,2.92,233,7,1,1
D179,R021,0,1230.29,705,7,1,0
D180,R021,1,1731.48,481,7,1,1
D181,R021,0,1555.91,306,7,1,0
D182,R021,0,1557.82,142,7,1,0
D183,R021,0,286.74,399,7,0,0
D184,R021,1,844.92,347,7,0,0
D185,R021,1,291.86,640,7,0,0
D186,R021,0,735.21,137,7,1,0
D187,R021,0,739.16,250,7,0,0
D188,R021,0,729.28,458,7,0,0
D189,R021,0,837.66,584,7,0,0
D190,R021,0,288.64,632,7,0,0
D191,R021,1,5.88,491,7,1,1
D192,R021,1,840.03,465,7,1,1
D193,R021,0,737.62,265,7,0,0
D194,R021,0,1741.99,462,7,0,0
D195,R021,1,2.36,130,7,0,0
D196,R021,1,737.52,550,7,1,1
D197,R021,0,732.51,423,7,0,0
D198,R021,1,289.73,582,7,1,1
D199,R021,0,4.68,147,7,0,0
D200,R021,0,1735.29,128,7,1,0
D001,R022,1,116.39,298,7,1,1
D002,R022,0,918.16,492,7,1,0
D003,R022,0,1173.37,609,7,0,0
D004,R022,0,4.02,356,7,0,0
D005,R022,0,732.43,723,7,0,0
D006,R022,0,1175.19,294,7,0,0
D007,R022,0,505.62,529,7,0,0
D008,R022,1,1173.09,581,7,1,1
D009,R022,1,911.4,317,7,0,0
D010,R022,0,912.43,63,7,0,0
D011,R022,0,1583.94,603,7,0,0
D012,R022,0,505.83,140,7,1,0
D013,R022,0,520.54,276,7,0,0
D014,R022,0,733.97,81,7,1,0
D015,R022,1,732.84,557,7,1,1
D016,R022,0,1179.1,422,7,1,0
D017,R022,0,523.43,519,7,1,0
D018,R022,0,1172.5,75,7,0,0
D019,R022,0,739.59,525,7,1,0
D020,R022,0,515.17,603,7,1,0
D021,R022,0,123.01,657,7,0,0
D022,R022,0,505.52,134,7,1,0
D023,R022,0,117.22,616,7,1,0
D024,R022,0,916.07,219,7,1,0
D025,R022,0,732.78,105,7,0,0
D026,R022,0,1176.33,212,7,1,0
D027,R022,1,505.93,165,7,1,1
D028,R022,0,9.74,400,7,1,0
D029,R022,1,9.57,287,7,0,0
D030,R022,1,515.91,345,7,1,1
D031,R022,0,8.78,99,7,0,0
D032,R022,0,7.5,592,7,0,0
D033,R022,1,735.31,394,7,0,0
D034,R022,0,1577.14,371,7,0,0
D035,R022,0,7.23,708,7,1,0
D036,R022,0,116.85,134,7,1,0
D037,R022,1,733.83,590,7,1,1
D038,R022,0,730.43,576,7,0,0
D039,R022,0,522.01,139,7,1,0
D040,R022,0,737.63,615,7,1,0
D041,R022,1,918.42,459,7,0,0
D042,R022,0,7.18,474,7,0,0
D043,R022,0,521.65,532,7,1,0
D044,R022,1,1576.86,612,7,1,1
D045,R022,0,506.16,304,7,1,0
D046,R022,0,119.97,86,7,0,0
D047,R022,1,6.75,183,7,1,1
D048,R022,1,917.44,710,7,0,0
D049,R022,1,520.75,334,7,0,0
D050,R022,1,731.04,246,7,1,1
D051,R022,0,507.3,560,7,1,0
D052,R022,0,735.63,655,7,1,0
D053,R022,0,512.51,182,7,1,0
D054,R022,0,1173.04,429,7,1,0
D055,R022,0,912.33,351,7,1,0
D056,R022,1,515.45,114,7,0,0
D057,R022,0,1576.44,662,7,0,0
D058,R022,0,1575.86,237,7,1,0
D059,R022,0,1170.18,330,7,1,0
D060,R022,0,737.52,642,7,0,0
D061,R022,1,513.82,502,7,1,1
D062,R022,1,1576.09,239,7,0,0
D063,R022,1,523.66,167,7,0,0
D064,R022,1,509.99,178,7,0,0
D065,R022,0,9.6,570,7,0,0
D066,R022,0,919.48,305,7,1,0
D067,R022,0,1580.72,358,7,1,0
D068,R022,0,1579.66,484,7,1,0
D069,R022,0,1578.76,400,7,0,0
D070,R022,0,2.75,450,7,1,0
D071,R022,0,1174.16,207,7,0,0
D072,R022,1,1171.94,449,7,0,0
D073,R022,0,523.57,708,7,1,0
D074,R022,0,115.03,603,7,1,0
D075,R022,0,1170.84,321,7,0,0
D076,R022,0,522.22,369,7,1,0
D077,R022,0,5.33,341,7,1,0
D078,R022,0,915.81,316,7,1,0
D079,R022,0,1178.16,485,7,1,0
D080,R022,0,1179.75,362,7,1,0
D081,R022,1,508.59,330,7,1,1
D082,R022,0,516.3,694,7,0,0
D083,R022,0,505.75,98,7,1,0
D084,R022,0,514.92,561,7,1,0
D085,R022,1,1577.52,427,7,0,0
D086,R022,0,1575.46,188,7,1,0
D087,R022,0,742.14,343,7,0,0
D088,R022,0,1180.87,662,7,0,0
D089,R022,1,1171.99,575,7,1,1
D090,R022,0,918.49,496,7,1,0
D091,R022,0,520.78,392,7,0,0
D092,R022,0,1580.99,407,7,0,0
D093,R022,0,0.5,155,7,1,0
D094,R022,1,509.48,493,7,0,0
D095,R022,0,914.22,629,7,1,0
D096,R022,1,1583.32,376,7,0,0
D097,R022,0,515.0,489,7,1,0
D098,R022,0,1174.88,143,7,1,0
D099,R022,0,4.06,558,7,1,0
D100,R022,0,1577.8,182,7,0,0
D101,R022,0,3.9,506,7,0,0
D102,R022,1,118.64,692,7,1,1
D103,R022,1,514.5,232,7,1,1
D104,R022,0,119.99,237,7,1,0
D105,R022,1,112.75,214,7,1,1
D106,R022,0,518.24,353,7,1,0
D107,R022,1,117.72,252,7,1,1
D108,R022,0,517.2,509,7,1,0
D109,R022,1,1175.4,455,7,1,1
D110,R022,0,1174.07,377,7,0,0
D111,R022,1,510.64,376,7,1,1
D112,R022,0,739.6,599,7,0,0
D113,R022,0,509.93,303,7,0,0
D114,R022,0,1583.57,511,7,0,0
D115,R022,0,1580.84,440,7,1,0
D116,R022,0,118.23,287,7,0,0
D117,R022,1,507.7,161,7,0,0
D118,R022,0,505.23,141,7,1,0
D119,R022,0,733.71,489,7,1,0
D120,R022,0,512.78,421,7,1,0
D121,R022,1,6.59,456,7,0,0
D122,R022,1,1579.3,406,7,0,0
D123,R022,0,1179.64,97,7,0,0
D124,R022,1,917.83,352,7,1,1
D125,R022,1,912.81,569,7,1,1
D126,R022,0,1583.13,362,7,1,0
D127,R022,1,4.52,118,7,0,0
D128,R022,0,7.65,720,7,1,0
D129,R022,0,6.4,467,7,0,0
D130,R022,1,1575.54,279,7,0,0
D131,R022,0,1585.55,387,7,1,0
D132,R022,0,119.25,265,7,1,0
D133,R022,0,731.06,550,7,1,0
D134,R022,0,4.98,715,7,1,0
D135,R022,0,1176.11,414,7,0,0
D136,R022,0,1578.51,654,7,1,0
D137,R022,0,509.47,714,7,0,0
D138,R022,0,1578.47,485,7,1,0
D139,R022,0,735.97,635,7,1,0
D140,R022,1,735.5,223,7,0,0
D141,R022,0,507.19,528,7,0,0
D142,R022,1,733.13,501,7,0,0
D143,R022,0,1583.3,576,7,1,0
D144,R022,0,1582.16,207,7,0,0
D145,R022,0,1.42,395,7,0,0
D146,R022,1,515.78,399,7,1,1
D147,R022,1,7.95,652,7,0,0
D148,R022,0,913.61,172,7,1,0
D149,R022,0,517.27,634,7,1,0
D150,R022,0,519.11,312,7,1,0
D151,R022,1,1584.04,340,7,0,0
D152,R022,1,6.69,512,7,1,1
D153,R022,0,514.43,603,7,1,0
D154,R022,0,740.23,547,7,0,0
D155,R022,0,732.91,240,7,0,0
D156,R022,0,912.36,169,7,0,0
D157,R022,1,515.41,226,7,1,1
D158,R022,0,1575.81,475,7,0,0
D159,R022,0,512.71,333,7,0,0
D160,R022,1,1581.01,574,7,0,0
D161,R022,0,1581.95,680,7,1,0
D162,R022,1,520.35,637,7,0,0
D163,R022,0,733.82,116,7,1,0
D164,R022,1,0.93,652,7,0,0
D165,R022,0,0.36,198,7,1,0
D166,R022,0,8.6,242,7,0,0
D167,R022,0,7.09,604,7,0,0
D168,R022,0,738.02,76,7,1,0
D169,R022,1,119.01,117,7,0,0
D170,R022,0,1583.5,593,7,1,0
D171,R022,1,1580.02,718,7,1,1
D172,R022,0,508.28,534,7,0,0
D173,R022,1,8.32,255,7,1,1
D174,R022,0,6.48,370,7,0,0
D175,R022,0,916.54,389,7,1,0
D176,R022,0,6.13,387,7,0,0
D177,R022,1,505.66,448,7,0,0
D178,R022,1,737.47,233,7,1,1
D179,R022,0,513.95,705,7,1,0
D180,R022,1,1170.41,481,7,1,1
D181,R022,0,1578.03,306,7,1,0
D182,R022,0,1578.59,142,7,1,0
D183,R022,0,918.94,399,7,0,0
D184,R022,1,115.89,347,7,0,0
D185,R022,0,922.08,640,7,0,0
D186,R022,1,5.94,137,7,1,1
D187,R022,0,7.11,250,7,0,0
D188,R022,0,6.57,458,7,0,0
D189,R022,0,110.73,584,7,0,0
D190,R022,1,920.37,632,7,0,0
D191,R022,0,733.94,491,7,1,0
D192,R022,0,112.33,465,7,1,0
D193,R022,0,5.47,265,7,0,0
D194,R022,0,1181.91,462,7,0,0
D195,R022,0,735.96,130,7,0,0
D196,R022,1,3.38,550,7,1,1
D197,R022,0,7.77,423,7,0,0
D198,R022,0,917.58,582,7,1,0
D199,R022,0,736.42,147,7,0,0
D200,R022,1,1173.51,128,7,1,1
D001,R023,1,622.27,298,8,1,1
D002,R023,0,515.06,492,8,1,0
D003,R023,0,1252.46,609,8,0,0
D004,R023,0,506.79,356,8,0,0
D005,R023,0,495.72,723,8,0,0
D006,R023,0,1256.53,294,8,0,0
D007,R023,0,4.52,529,8,0,0
D008,R023,1,1253.02,581,8,1,1
D009,R023,1,509.71,317,8,0,0
D010,R023,0,511.43,63,8,0,0
D011,R023,0,1187.06,603,8,0,0
D012,R023,0,4.01,140,8,1,0
D013,R023,0,878.76,276,8,0,0
D014,R023,1,497.36,81,8,1,1
D015,R023,1,499.55,557,8,1,1
D016,R023,1,1257.95,422,8,1,1
D017,R023,0,885.87,519,8,1,0
D018,R023,1,1253.7,75,8,0,0
D019,R023,1,503.15,525,8,1,1
D020,R023,0,878.59,603,8,1,0
D021,R023,0,626.97,657,8,0,0
D022,R023,0,6.13,134,8,1,0
D023,R023,0,623.04,616,8,1,0
D024,R023,0,513.31,219,8,1,0
D025,R023,1,497.72,105,8,0,0
D026,R023,1,1257.65,212,8,1,1
D027,R023,1,3.88,165,8,1,1
D028,R023,0,504.5,400,8,1,0
D029,R023,1,502.85,287,8,0,0
D030,R023,1,876.26,345,8,1,1
D031,R023,0,502.73,99,8,0,0
D032,R023,0,502.42,592,8,0,0
D033,R023,1,501.86,394,8,0,0
D034,R023,0,1179.72,371,8,0,0
D035,R023,1,505.44,708,8,1,1
D036,R023,1,620.01,134,8,1,1
D037,R023,1,497.33,590,8,1,1
D038,R023,0,495.72,576,8,0,0
D039,R023,0,881.1,139,8,1,0
D040,R023,0,502.34,615,8,1,0
D041,R023,1,517.54,459,8,0,0
D042,R023,0,503.46,474,8,0,0
D043,R023,1,879.55,532,8,1,1
D044,R023,1,1179.0,612,8,1,1
D045,R023,0,5.14,304,8,1,0
D046,R023,1,624.54,86,8,0,0
D047,R023,1,503.29,183,8,1,1
D048,R023,1,516.12,710,8,0,0
D049,R023,1,881.86,334,8,0,0
D050,R023,1,496.74,246,8,1,1
D051,R023,1,4.12,560,8,1,1
D052,R023,0,497.1,655,8,1,0
D053,R023,0,2.76,182,8,1,0
D054,R023,0,1252.22,429,8,1,0
D055,R023,0,511.19,351,8,1,0
D056,R023,1,875.14,114,8,0,0
D057,R023,0,1177.83,662,8,0,0
D058,R023,0,1178.6,237,8,1,0
D059,R023,0,1250.44,330,8,1,0
D060,R023,1,500.2,642,8,0,0
D061,R023,1,875.47,502,8,1,1
D062,R023,1,1177.35,239,8,0,0
D063,R023,1,885.34,167,8,0,0
D064,R023,1,0.49,178,8,0,0
D065,R023,1,503.43,570,8,0,0
D066,R023,1,518.08,305,8,1,1
D067,R023,1,1182.99,358,8,1,1
D068,R023,0,1181.66,484,8,1,0
D069,R023,1,1181.92,400,8,0,0
D070,R023,0,507.47,450,8,1,0
D071,R023,1,1256.33,207,8,0,0
D072,R023,1,1250.89,449,8,0,0
D073,R023,0,886.07,708,8,1,0
D074,R023,0,619.37,603,8,1,0
D075,R023,0,1252.69,321,8,0,0
D076,R023,0,881.61,369,8,1,0
D077,R023,0,510.73,341,8,1,0
D078,R023,0,511.57,316,8,1,0
D079,R023,0,1256.88,485,8,1,0
D080,R023,0,1258.66,362,8,1,0
D081,R023,1,3.89,330,8,1,1
D082,R023,0,876.93,694,8,0,0
D083,R023,0,5.85,98,8,1,0
D084,R023,1,878.74,561,8,1,1
D085,R023,1,1178.68,427,8,0,0
D086,R023,1,1177.22,188,8,1,1
D087,R023,0,503.65,343,8,0,0
D088,R023,0,1261.23,662,8,0,0
D089,R023,1,1253.69,575,8,1,1
D090,R023,1,514.13,496,8,1,1
D091,R023,0,881.84,392,8,0,0
D092,R023,0,1182.97,407,8,0,0
D093,R023,0,509.69,155,8,1,0
D094,R023,1,4.04,493,8,0,0
D095,R023,1,510.39,629,8,1,1
D096,R023,1,1185.43,376,8,0,0
D097,R023,1,6.43,489,8,1,1
D098,R023,1,1254.21,143,8,1,1
D099,R023,1,506.32,558,8,1,1
D100,R023,0,1178.97,182,8,0,0
D101,R023,0,506.14,506,8,0,0
D102,R023,1,621.91,692,8,1,1
D103,R023,1,5.56,232,8,1,1
D104,R023,0,624.68,237,8,1,0
D105,R023,1,617.73,214,8,1,1
D106,R023,0,880.77,353,8,1,0
D107,R023,1,621.8,252,8,1,1
D108,R023,1,876.45,509,8,1,1
D109,R023,1,1253.94,455,8,1,1
D110,R023,1,1253.95,377,8,0,0
D111,R023,1,4.43,376,8,1,1
D112,R023,0,500.67,599,8,0,0
D113,R023,0,4.89,303,8,0,0
D114,R023,1,1186.13,511,8,0,0
D115,R023,0,1183.7,440,8,1,0
D116,R023,1,622.02,287,8,0,0
D117,R023,1,5.35,161,8,0,0
D118,R023,0,5.28,141,8,1,0
D119,R023,0,495.72,489,8,1,0
D120,R023,0,873.91,421,8,1,0
D121,R023,1,503.22,456,8,0,0
D122,R023,1,1182.22,406,8,0,0
D123,R023,0,1259.34,97,8,0,0
D124,R023,1,513.38,352,8,1,1
D125,R023,1,510.37,569,8,1,1
D126,R023,0,1185.86,362,8,1,0
D127,R023,1,505.47,118,8,0,0
D128,R023,1,502.32,720,8,1,1
D129,R023,1,511.75,467,8,0,0
D130,R023,1,1177.44,279,8,0,0
D131,R023,0,1187.79,387,8,1,0
D132,R023,0,623.77,265,8,1,0
D133,R023,0,497.31,550,8,1,0
D134,R023,0,510.99,715,8,1,0
D135,R023,0,1254.71,414,8,0,0
D136,R023,0,1181.76,654,8,1,0
D137,R023,0,4.39,714,8,0,0
D138,R023,1,1181.18,485,8,1,1
D139,R023,0,501.96,635,8,1,0
D140,R023,1,500.32,223,8,0,0
D141,R023,1,4.57,528,8,0,0
D142,R023,1,499.52,501,8,0,0
D143,R023,0,1185.82,576,8,1,0
D144,R023,0,1185.04,207,8,0,0
D145,R023,1,510.42,395,8,0,0
D146,R023,1,6.25,399,8,1,1
D147,R023,1,502.95,652,8,0,0
D148,R023,0,512.65,172,8,1,0
D149,R023,1,880.88,634,8,1,1
D150,R023,0,881.34,312,8,1,0
D151,R023,1,1185.16,340,8,0,0
D152,R023,1,507.91,512,8,1,1
D153,R023,1,875.15,603,8,1,1
D154,R023,1,504.54,547,8,0,0
D155,R023,0,497.13,240,8,0,0
D156,R023,0,509.27,169,8,0,0
D157,R023,1,5.64,226,8,1,1
D158,R023,0,1178.95,475,8,0,0
D159,R023,0,4.52,333,8,0,0
D160,R023,1,1183.34,574,8,0,0
D161,R023,0,1184.49,680,8,1,0
D162,R023,1,879.58,637,8,0,0
D163,R023,0,499.41,116,8,1,0
D164,R023,1,510.18,652,8,0,0
D165,R023,1,509.83,198,8,1,1
D166,R023,1,501.42,242,8,0,0
D167,R023,0,503.51,604,8,0,0
D168,R023,1,502.55,76,8,1,1
D169,R023,1,624.94,117,8,0,0
D170,R023,0,1184.69,593,8,1,0
D171,R023,1,1181.62,718,8,1,1
D172,R023,0,2.82,534,8,0,0
D173,R023,1,506.44,255,8,1,1
D174,R023,0,505.17,370,8,0,0
D175,R023,0,516.58,389,8,1,0
D176,R023,1,504.15,387,8,0,0
D177,R023,1,4.95,448,8,0,0
D178,R023,1,499.17,233,8,1,1
D179,R023,1,874.47,705,8,1,1
D180,R023,1,1250.45,481,8,1,1
D181,R023,0,1180.49,306,8,1,0
D182,R023,0,1181.75,142,8,1,0
D183,R023,0,518.55,399,8,0,0
D184,R023,1,618.58,347,8,0,0
D185,R023,1,519.54,640,8,0,0
D186,R023,1,505.82,137,8,1,1
D187,R023,0,508.8,250,8,0,0
D188,R023,0,503.47,458,8,0,0
D189,R023,1,615.74,584,8,0,0
D190,R023,1,519.28,632,8,0,0
D191,R023,1,499.38,491,8,1,1
D192,R023,1,616.59,465,8,1,1
D193,R023,0,508.32,265,8,0,0
D194,R023,0,1260.53,462,8,0,0
D195,R023,1,498.37,130,8,0,0
D196,R023,1,509.92,550,8,1,1
D197,R023,1,502.9,423,8,0,0
D198,R023,1,514.75,582,8,1,1
D199,R023,0,500.29,147,8,0,0
D200,R023,1,1254.37,128,8,1,1
D001,R024,0,624.04,298,10,1,0
D002,R024,0,517.9,492,10,1,0
D003,R024,0,1248.41,609,10,0,0
D004,R024,0,508.86,356,10,0,0
D005,R024,0,500.68,723,10,0,0
D006,R024,0,1252.5,294,10,0,0
D007,R024,0,9.21,529,10,0,0
D008,R024,1,1248.97,581,10,1,1
D009,R024,1,512.6,317,10,0,0
D010,R024,0,514.33,63,10,0,0
D011,R024,0,1182.0,603,10,0,0
D012,R024,0,8.29,140,10,1,0
D013,R024,0,877.8,276,10,0,0
D014,R024,1,502.32,81,10,1,1
D015,R024,0,504.53,557,10,1,0
D016,R024,1,1253.9,422,10,1,1
D017,R024,0,884.95,519,10,1,0
D018,R024,0,1249.67,75,10,0,0
D019,R024,1,508.1,525,10,1,1
D020,R024,0,877.69,603,10,1,0
D021,R024,0,628.67,657,10,0,0
D022,R024,0,6.34,134,10,1,0
D023,R024,0,624.81,616,10,1,0
D024,R024,0,516.16,219,10,1,0
D025,R024,0,502.69,105,10,0,0
D026,R024,0,1253.61,212,10,1,0
D027,R024,0,7.49,165,10,1,0
D028,R024,0,506.46,400,10,1,0
D029,R024,0,504.83,287,10,0,0
D030,R024,1,875.34,345,10,1,1
D031,R024,0,504.72,99,10,0,0
D032,R024,0,504.45,592,10,0,0
D033,R024,0,506.83,394,10,0,0
D034,R024,0,1174.66,371,10,0,0
D035,R024,1,507.43,708,10,1,1
D036,R024,0,621.7,134,10,1,0
D037,R024,0,502.29,590,10,1,0
D038,R024,0,500.69,576,10,0,0
D039,R024,0,880.15,139,10,1,0
D040,R024,0,507.3,615,10,1,0
D041,R024,1,520.42,459,10,0,0
D042,R024,0,505.47,474,10,0,0
D043,R024,0,878.59,532,10,1,0
D044,R024,1,1173.95,612,10,1,1
D045,R024,0,10.39,304,10,1,0
D046,R024,0,626.27,86,10,0,0
D047,R024,0,505.32,183,10,1,0
D048,R024,1,519.0,710,10,0,0
D049,R024,1,880.93,334,10,0,0
D050,R024,1,501.71,246,10,1,1
D051,R024,0,4.87,560,10,1,0
D052,R024,0,502.04,655,10,1,0
D053,R024,0,4.75,182,10,1,0
D054,R024,0,1248.17,429,10,1,0
D055,R024,0,514.09,351,10,1,0
D056,R024,0,874.2,114,10,0,0
D057,R024,0,1172.78,662,10,0,0
D058,R024,0,1173.54,237,10,1,0
D059,R024,0,1246.4,330,10,1,0
D060,R024,0,505.15,642,10,0,0
D061,R024,1,874.56,502,10,1,1
D062,R024,0,1172.3,239,10,0,0
D063,R024,0,884.41,167,10,0,0
D064,R024,0,5.82,178,10,0,0
D065,R024,0,505.4,570,10,0,0
D066,R024,0,520.96,305,10,1,0
D067,R024,1,1177.93,358,10,1,1
D068,R024,0,1176.6,484,10,1,0
D069,R024,1,1176.86,400,10,0,0
D070,R024,0,509.5,450,10,1,0
D071,R024,1,1252.3,207,10,0,0
D072,R024,0,1246.84,449,10,0,0
D073,R024,0,885.15,708,10,1,0
D074,R024,0,621.09,603,10,1,0
D075,R024,0,1248.66,321,10,0,0
D076,R024,0,880.66,369,10,1,0
D077,R024,0,512.73,341,10,1,0
D078,R024,0,514.4,316,10,1,0
D079,R024,0,1252.82,485,10,1,0
D080,R024,0,1254.6,362,10,1,0
D081,R024,1,3.51,330,10,1,1
D082,R024,0,876.01,694,10,0,0
D083,R024,0,6.14,98,10,1,0
D084,R024,1,877.85,561,10,1,1
D085,R024,0,1173.63,427,10,0,0
D086,R024,0,1172.16,188,10,1,0
D087,R024,0,508.59,343,10,0,0
D088,R024,0,1257.18,662,10,0,0
D089,R024,1,1249.66,575,10,1,1
D090,R024,0,516.95,496,10,1,0
D091,R024,0,880.91,392,10,0,0
D092,R024,0,1177.92,407,10,0,0
D093,R024,0,511.73,155,10,1,0
D094,R024,0,2.57,493,10,0,0
D095,R024,1,513.23,629,10,1,1
D096,R024,0,1180.37,376,10,0,0
D097,R024,0,9.42,489,10,1,0
D098,R024,0,1250.16,143,10,1,0
D099,R024,1,508.34,558,10,1,1
D100,R024,0,1173.92,182,10,0,0
D101,R024,0,508.2,506,10,0,0
D102,R024,0,623.6,692,10,1,0
D103,R024,1,8.49,232,10,1,1
D104,R024,0,626.41,237,10,1,0
D105,R024,1,619.47,214,10,1,1
D106,R024,0,879.86,353,10,1,0
D107,R024,0,623.51,252,10,1,0
D108,R024,0,875.51,509,10,1,0
D109,R024,0,1249.89,455,10,1,0
D110,R024,1,1249.91,377,10,0,0
D111,R024,0,1.39,376,10,1,0
D112,R024,0,505.6,599,10,0,0
D113,R024,0,1.91,303,10,0,0
D114,R024,1,1181.07,511,10,0,0
D115,R024,0,1178.64,440,10,1,0
D116,R024,1,623.73,287,10,0,0
D117,R024,0,4.14,161,10,0,0
D118,R024,0,7.01,141,10,1,0
D119,R024,0,500.67,489,10,1,0
D120,R024,0,873.0,421,10,1,0
D121,R024,0,505.27,456,10,0,0
D122,R024,0,1177.16,406,10,0,0
D123,R024,0,1255.29,97,10,0,0
D124,R024,1,516.2,352,10,1,1
D125,R024,1,513.24,569,10,1,1
D126,R024,0,1180.8,362,10,1,0
D127,R024,1,507.53,118,10,0,0
D128,R024,1,504.35,720,10,1,1
D129,R024,1,513.74,467,10,0,0
D130,R024,0,1172.39,279,10,0,0
D131,R024,0,1182.73,387,10,1,0
D132,R024,0,625.49,265,10,1,0
D133,R024,0,502.28,550,10,1,0
D134,R024,0,512.99,715,10,1,0
D135,R024,0,1250.65,414,10,0,0
D136,R024,0,1176.7,654,10,1,0
D137,R024,0,2.46,714,10,0,0
D138,R024,1,1176.12,485,10,1,1
D139,R024,0,506.93,635,10,1,0
D140,R024,1,505.29,223,10,0,0
D141,R024,1,9.98,528,10,0,0
D142,R024,1,504.49,501,10,0,0
D143,R024,0,1180.76,576,10,1,0
D144,R024,0,1179.98,207,10,0,0
D145,R024,1,512.45,395,10,0,0
D146,R024,1,7.92,399,10,1,1
D147,R024,1,504.95,652,10,0,0
D148,R024,0,515.55,172,10,1,0
D149,R024,1,879.99,634,10,1,1
D150,R024,0,880.42,312,10,1,0
D151,R024,1,1180.11,340,10,0,0
D152,R024,0,509.89,512,10,1,0
D153,R024,0,874.23,603,10,1,0
D154,R024,0,509.49,547,10,0,0
D155,R024,0,502.09,240,10,0,0
D156,R024,0,512.13,169,10,0,0
D157,R024,1,6.61,226,10,1,1
D158,R024,0,1173.89,475,10,0,0
D159,R024,0,8.59,333,10,0,0
D160,R024,0,1178.28,574,10,0,0
D161,R024,0,1179.43,680,10,1,0
D162,R024,0,878.63,637,10,0,0
D163,R024,0,504.38,116,10,1,0
D164,R024,1,512.22,652,10,0,0
D165,R024,1,511.87,198,10,1,1
D166,R024,0,503.45,242,10,0,0
D167,R024,0,505.52,604,10,0,0
D168,R024,0,507.5,76,10,1,0
D169,R024,0,626.71,117,10,0,0
D170,R024,0,1179.64,593,10,1,0
D171,R024,1,1176.57,718,10,1,1
D172,R024,0,4.45,534,10,0,0
D173,R024,0,508.41,255,10,1,0
D174,R024,0,507.17,370,10,0,0
D175,R024,0,519.49,389,10,1,0
D176,R024,1,506.17,387,10,0,0
D177,R024,1,9.95,448,10,0,0
D178,R024,1,504.11,233,10,1,1
D179,R024,0,873.55,705,10,1,0
D180,R024,1,1246.41,481,10,1,1
D181,R024,0,1175.43,306,10,1,0
D182,R024,0,1176.69,142,10,1,0
D183,R024,0,521.45,399,10,0,0
D184,R024,1,620.25,347,10,0,0
D185,R024,1,522.39,640,10,0,0
D186,R024,0,507.82,137,10,1,0
D187,R024,0,510.78,250,10,0,0
D188,R024,0,505.53,458,10,0,0
D189,R024,0,617.49,584,10,0,0
D190,R024,0,522.16,632,10,0,0
D191,R024,1,504.35,491,10,1,1
D192,R024,1,618.31,465,10,1,1
D193,R024,0,510.32,265,10,0,0
D194,R024,0,1256.47,462,10,0,0
D195,R024,1,503.32,130,10,0,0
D196,R024,1,511.93,550,10,1,1
D197,R024,0,504.91,423,10,0,0
D198,R024,1,517.6,582,10,1,1
D199,R024,0,505.25,147,10,0,0
D200,R024,0,1250.33,128,10,1,0
D001,R025,1,442.31,298,7,1,1
D002,R025,1,1368.51,492,7,1,1
D003,R025,1,774.91,609,7,0,0
D004,R025,1,518.77,356,7,0,0
D005,R025,1,1229.01,723,7,0,0
D006,R025,1,774.63,294,7,0,0
D007,R025,1,872.93,529,7,0,0
D008,R025,1,773.98,581,7,1,1
D009,R025,1,1362.27,317,7,0,0
D010,R025,1,1363.68,63,7,0,0
D011,R025,1,1617.81,603,7,0,0
D012,R025,1,872.56,140,7,1,1
D013,R025,1,6.28,276,7,0,0
D014,R025,1,1230.64,81,7,1,1
D015,R025,1,1230.14,557,7,1,1
D016,R025,1,780.09,422,7,1,1
D017,R025,1,10.32,519,7,1,1
D018,R025,1,772.41,75,7,0,0
D019,R025,1,1236.56,525,7,1,1
D020,R025,1,5.59,603,7,1,1
D021,R025,1,433.01,657,7,0,0
D022,R025,1,869.63,134,7,1,1
D023,R025,1,441.73,616,7,1,1
D024,R025,1,1366.54,219,7,1,1
D025,R025,1,1229.72,105,7,0,0
D026,R025,1,775.65,212,7,1,1
D027,R025,1,872.06,165,7,1,1
D028,R025,1,510.34,400,7,1,1
D029,R025,1,512.49,287,7,0,0
D030,R025,1,0.91,345,7,1,1
D031,R025,1,513.75,99,7,0,0
D032,R025,1,517.19,592,7,0,0
D033,R025,1,1232.69,394,7,0,0
D034,R025,1,1612.35,371,7,0,0
D035,R025,1,511.97,708,7,1,1
D036,R025,1,433.82,134,7,1,1
D037,R025,1,1230.52,590,7,1,1
D038,R025,1,1227.32,576,7,0,0
D039,R025,1,7.04,139,7,1,1
D040,R025,1,1234.75,615,7,1,1
D041,R025,1,1369.89,459,7,0,0
D042,R025,1,514.98,474,7,0,0
D043,R025,1,7.4,532,7,1,1
D044,R025,1,1612.72,612,7,1,1
D045,R025,1,874.38,304,7,1,1
D046,R025,1,436.29,86,7,0,0
D047,R025,1,516.45,183,7,1,1
D048,R025,1,1368.66,710,7,0,0
D049,R025,1,6.32,334,7,0,0
D050,R025,1,1228.05,246,7,1,1
D051,R025,1,871.73,560,7,1,1
D052,R025,1,1231.98,655,7,1,1
D053,R025,1,877.7,182,7,1,1
D054,R025,1,774.55,429,7,1,1
D055,R025,1,1363.5,351,7,1,1
D056,R025,1,1.62,114,7,0,0
D057,R025,1,1613.37,662,7,0,0
D058,R025,1,1610.99,237,7,1,1
D059,R025,1,771.17,330,7,1,1
D060,R025,1,1234.21,642,7,0,0
D061,R025,1,2.15,502,7,1,1
D062,R025,1,1613.23,239,7,0,0
D063,R025,1,9.78,167,7,0,0
D064,R025,1,875.98,178,7,0,0
D065,R025,1,511.71,570,7,0,0
D066,R025,1,1370.72,305,7,1,1
D067,R025,1,1616.05,358,7,1,1
D068,R025,1,1615.46,484,7,1,1
D069,R025,1,1613.04,400,7,0,0
D070,R025,1,514.79,450,7,1,1
D071,R025,1,773.06,207,7,0,0
D072,R025,1,773.78,449,7,0,0
D073,R025,1,10.53,708,7,1,1
D074,R025,1,437.94,603,7,1,1
D075,R025,1,770.43,321,7,0,0
D076,R025,1,7.2,369,7,1,1
D077,R025,1,509.94,341,7,1,1
D078,R025,1,1365.53,316,7,1,1
D079,R025,1,779.38,485,7,1,1
D080,R025,1,780.61,362,7,1,1
D081,R025,1,872.62,330,7,1,1
D082,R025,1,1.38,694,7,0,0
D083,R025,1,869.91,98,7,1,1
D084,R025,1,6.31,561,7,1,1
D085,R025,1,1614.67,427,7,0,0
D086,R025,1,1611.98,188,7,1,1
D087,R025,1,1238.81,343,7,0,0
D088,R025,1,780.39,662,7,0,0
D089,R025,1,771.56,575,7,1,1
D090,R025,1,1368.22,496,7,1,1
D091,R025,1,6.31,392,7,0,0
D092,R025,1,1616.68,407,7,0,0
D093,R025,1,514.63,155,7,1,1
D094,R025,1,873.2,493,7,0,0
D095,R025,1,1364.1,629,7,1,1
D096,R025,1,1618.63,376,7,0,0
D097,R025,1,881.98,489,7,1,1
D098,R025,1,776.02,143,7,1,1
D099,R025,1,514.77,558,7,1,1
D100,R025,1,1614.91,182,7,0,0
D101,R025,1,517.95,506,7,0,0
D102,R025,1,433.21,692,7,1,1
D103,R025,1,881.14,232,7,1,1
D104,R025,1,436.64,237,7,1,1
D105,R025,1,440.95,214,7,1,1
D106,R025,1,5.71,353,7,1,1
D107,R025,1,435.91,252,7,1,1
D108,R025,1,2.91,509,7,1,1
D109,R025,1,777.14,455,7,1,1
D110,R025,1,774.87,377,7,0,0
D111,R025,1,874.02,376,7,1,1
D112,R025,1,1236.05,599,7,0,0
D113,R025,1,873.13,303,7,0,0
D114,R025,1,1618.23,511,7,0,0
D115,R025,1,1615.33,440,7,1,1
D116,R025,1,434.84,287,7,0,0
D117,R025,1,871.21,161,7,0,0
D118,R025,1,870.3,141,7,1,1
D119,R025,1,1230.09,489,7,1,1
D120,R025,1,2.29,421,7,1,1
D121,R025,1,518.58,456,7,0,0
D122,R025,1,1613.87,406,7,0,0
D123,R025,1,779.86,97,7,0,0
D124,R025,1,1367.49,352,7,1,1
D125,R025,1,1363.35,569,7,1,1
D126,R025,1,1617.61,362,7,1,1
D127,R025,1,518.21,118,7,0,0
D128,R025,1,517.04,720,7,1,1
D129,R025,1,508.71,467,7,0,0
D130,R025,1,1611.83,279,7,0,0
D131,R025,1,1620.48,387,7,1,1
D132,R025,1,436.49,265,7,1,1
D133,R025,1,1228.18,550,7,1,1
D134,R025,1,510.18,715,7,1,1
D135,R025,1,777.7,414,7,0,0
D136,R025,1,1612.69,654,7,1,1
D137,R025,1,873.01,714,7,0,0
D138,R025,1,1613.4,485,7,1,1
D139,R025,1,1233.27,635,7,1,1
D140,R025,1,1232.54,223,7,0,0
D141,R025,1,875.32,528,7,0,0
D142,R025,1,1230.38,501,7,0,0
D143,R025,1,1618.05,576,7,1,1
D144,R025,1,1616.52,207,7,0,0
D145,R025,1,513.59,395,7,0,0
D146,R025,1,881.6,399,7,1,1
D147,R025,1,514.66,652,7,0,0
D148,R025,1,1364.91,172,7,1,1
D149,R025,1,6.95,634,7,1,1
D150,R025,1,5.99,312,7,1,1
D151,R025,1,1620.65,340,7,0,0
D152,R025,1,510.23,512,7,1,1
D153,R025,1,0.61,603,7,1,1
D154,R025,1,1237.39,547,7,0,0
D155,R025,1,1229.7,240,7,0,0
D156,R025,1,1362.56,169,7,0,0
D157,R025,1,880.61,226,7,1,1
D158,R025,1,1610.39,475,7,0,0
D159,R025,1,879.87,333,7,0,0
D160,R025,1,1616.23,574,7,0,0
D161,R025,1,1616.8,680,7,1,1
D162,R025,1,5.44,637,7,0,0
D163,R025,1,1230.94,116,7,1,1
D164,R025,1,514.09,652,7,0,0
D165,R025,1,515.32,198,7,1,1
D166,R025,1,517.16,242,7,0,0
D167,R025,1,515.06,604,7,0,0
D168,R025,1,1235.11,76,7,1,1
D169,R025,1,441.32,117,7,0,0
D170,R025,1,1620.07,593,7,1,1
D171,R025,1,1616.35,718,7,1,1
D172,R025,1,873.04,534,7,0,0
D173,R025,1,509.89,255,7,1,1
D174,R025,1,513.17,370,7,0,0
D175,R025,1,1368.41,389,7,1,1
D176,R025,1,515.52,387,7,0,0
D177,R025,1,873.5,448,7,0,0
D178,R025,1,1233.96,233,7,1,1
D179,R025,1,1.13,705,7,1,1
D180,R025,1,771.55,481,7,1,1
D181,R025,1,1613.34,306,7,1,1
D182,R025,1,1612.89,142,7,1,1
D183,R025,1,1370.66,399,7,0,0
D184,R025,1,433.1,347,7,0,0
D185,R025,1,1372.82,640,7,0,0
D186,R025,1,512.97,137,7,1,1
D187,R025,1,509.26,250,7,0,0
D188,R025,1,519.54,458,7,0,0
D189,R025,1,442.03,584,7,0,0
D190,R025,1,1371.79,632,7,0,0
D191,R025,1,1231.04,491,7,1,1
D192,R025,1,439.04,465,7,1,1
D193,R025,1,511.05,265,7,0,0
D194,R025,1,782.73,462,7,0,0
D195,R025,1,1232.53,130,7,0,0
D196,R025,1,511.97,550,7,1,1
D197,R025,1,515.07,423,7,0,0
D198,R025,1,1368.05,582,7,1,1
D199,R025,1,1233.31,147,7,0,0
D200,R025,1,773.58,128,7,1,1
D001,R026,1,623.55,298,8,1,1
D002,R026,0,518.49,492,8,1,0
D003,R026,0,1247.88,609,8,0,0
D004,R026,0,508.4,356,8,0,0
D005,R026,0,501.09,723,8,0,0
D006,R026,0,1251.97,294,8,0,0
D007,R026,0,9.2,529,8,0,0
D008,R026,1,1248.45,581,8,1,1
D009,R026,1,513.18,317,8,0,0
D010,R026,0,514.91,63,8,0,0
D011,R026,0,1182.05,603,8,0,0
D012,R026,0,8.24,140,8,1,0
D013,R026,0,877.2,276,8,0,0
D014,R026,1,502.73,81,8,1,1
D015,R026,1,504.93,557,8,1,1
D016,R026,1,1253.37,422,8,1,1
D017,R026,0,884.35,519,8,1,0
D018,R026,1,1249.14,75,8,0,0
D019,R026,1,508.51,525,8,1,1
D020,R026,0,877.09,603,8,1,0
D021,R026,0,628.18,657,8,0,0
D022,R026,0,5.94,134,8,1,0
D023,R026,0,624.32,616,8,1,0
D024,R026,0,516.75,219,8,1,0
D025,R026,1,503.1,105,8,0,0
D026,R026,1,1253.09,212,8,1,1
D027,R026,1,7.38,165,8,1,1
D028,R026,0,505.99,400,8,1,0
D029,R026,1,504.36,287,8,0,0
D030,R026,1,874.74,345,8,1,1
D031,R026,0,504.25,99,8,0,0
D032,R026,0,503.99,592,8,0,0
D033,R026,1,507.24,394,8,0,0
D034,R026,0,1174.72,371,8,0,0
D035,R026,1,506.96,708,8,1,1
D036,R026,1,621.21,134,8,1,1
D037,R026,1,502.7,590,8,1,1
D038,R026,0,501.1,576,8,0,0
D039,R026,0,879.55,139,8,1,0
D040,R026,0,507.71,615,8,1,0
D041,R026,1,521.01,459,8,0,0
D042,R026,0,505.01,474,8,0,0
D043,R026,1,877.99,532,8,1,1
D044,R026,1,1174.0,612,8,1,1
D045,R026,0,10.47,304,8,1,0
D046,R026,1,625.78,86,8,0,0
D047,R026,1,504.85,183,8,1,1
D048,R026,1,519.58,710,8,0,0
D049,R026,1,880.33,334,8,0,0
D050,R026,1,502.12,246,8,1,1
D051,R026,1,4.6,560,8,1,1
D052,R026,0,502.45,655,8,1,0
D053,R026,0,5.21,182,8,1,0
D054,R026,0,1247.65,429,8,1,0
D055,R026,0,514.67,351,8,1,0
D056,R026,1,873.6,114,8,0,0
D057,R026,0,1172.84,662,8,0,0
D058,R026,0,1173.59,237,8,1,0
D059,R026,0,1245.87,330,8,1,0
D060,R026,1,505.56,642,8,0,0
D061,R026,1,873.96,502,8,1,1
D062,R026,1,1172.36,239,8,0,0
D063,R026,1,883.81,167,8,0,0
D064,R026,1,6.07,178,8,0,0
D065,R026,1,504.93,570,8,0,0
D066,R026,1,521.54,305,8,1,1
D067,R026,1,1177.99,358,8,1,1
D068,R026,0,1176.66,484,8,1,0
D069,R026,1,1176.91,400,8,0,0
D070,R026,0,509.03,450,8,1,0
D071,R026,1,1251.77,207,8,0,0
D072,R026,1,1246.31,449,8,0,0
D073,R026,0,884.55,708,8,1,0
D074,R026,0,620.6,603,8,1,0
D075,R026,0,1248.13,321,8,0,0
D076,R026,0,880.06,369,8,1,0
D077,R026,0,512.26,341,8,1,0
D078,R026,0,514.99,316,8,1,0
D079,R026,0,1252.3,485,8,1,0
D080,R026,0,1254.08,362,8,1,0
D081,R026,1,3.28,330,8,1,1
D082,R026,0,875.41,694,8,0,0
D083,R026,0,5.74,98,8,1,0
D084,R026,1,877.25,561,8,1,1
D085,R026,1,1173.69,427,8,0,0
D086,R026,1,1172.22,188,8,1,1
D087,R026,0,509.0,343,8,0,0
D088,R026,0,1256.66,662,8,0,0
D089,R026,1,1249.13,575,8,1,1
D090,R026,1,517.54,496,8,1,1
D091,R026,0,880.31,392,8,0,0
D092,R026,0,1177.97,407,8,0,0
D093,R026,0,511.27,155,8,1,0
D094,R026,1,2.37,493,8,0,0
D095,R026,1,513.82,629,8,1,1
D096,R026,1,1180.43,376,8,0,0
D097,R026,1,9.94,489,8,1,1
D098,R026,1,1249.64,143,8,1,1
D099,R026,1,507.88,558,8,1,1
D100,R026,0,1173.98,182,8,0,0
D101,R026,0,507.74,506,8,0,0
D102,R026,1,623.11,692,8,1,1
D103,R026,1,9.01,232,8,1,1
D104,R026,0,625.92,237,8,1,0
D105,R026,1,618.98,214,8,1,1
D106,R026,0,879.26,353,8,1,0
D107,R026,1,623.02,252,8,1,1
D108,R026,1,874.91,509,8,1,1
D109,R026,1,1249.36,455,8,1,1
D110,R026,1,1249.38,377,8,0,0
D111,R026,1,1.33,376,8,1,1
D112,R026,0,506.02,599,8,0,0
D113,R026,0,1.54,303,8,0,0
D114,R026,1,1181.13,511,8,0,0
D115,R026,0,1178.7,440,8,1,0
D116,R026,1,623.24,287,8,0,0
D117,R026,1,3.71,161,8,0,0
D118,R026,0,6.73,141,8,1,0
D119,R026,0,501.08,489,8,1,0
D120,R026,0,872.4,421,8,1,0
D121,R026,1,504.81,456,8,0,0
D122,R026,1,1177.21,406,8,0,0
D123,R026,0,1254.77,97,8,0,0
D124,R026,1,516.79,352,8,1,1
D125,R026,1,513.83,569,8,1,1
D126,R026,0,1180.86,362,8,1,0
D127,R026,1,507.06,118,8,0,0
D128,R026,1,503.88,720,8,1,1
D129,R026,1,513.27,467,8,0,0
D130,R026,1,1172.44,279,8,0,0
D131,R026,0,1182.79,387,8,1,0
D132,R026,0,625.0,265,8,1,0
D133,R026,0,502.69,550,8,1,0
D134,R026,0,512.52,715,8,1,0
D135,R026,0,1250.13,414,8,0,0
D136,R026,0,1176.75,654,8,1,0
D137,R026,0,2.19,714,8,0,0
D138,R026,1,1176.17,485,8,1,1
D139,R026,0,507.34,635,8,1,0
D140,R026,1,505.69,223,8,0,0
D141,R026,1,10.11,528,8,0,0
D142,R026,1,504.9,501,8,0,0
D143,R026,0,1180.82,576,8,1,0
D144,R026,0,1180.04,207,8,0,0
D145,R026,1,511.99,395,8,0,0
D146,R026,1,8.49,399,8,1,1
D147,R026,1,504.49,652,8,0,0
D148,R026,0,516.13,172,8,1,0
D149,R026,1,879.39,634,8,1,1
D150,R026,0,879.82,312,8,1,0
D151,R026,1,1180.17,340,8,0,0
D152,R026,1,509.42,512,8,1,1
D153,R026,1,873.63,603,8,1,1
D154,R026,1,509.9,547,8,0,0
D155,R026,0,502.5,240,8,0,0
D156,R026,0,512.72,169,8,0,0
D157,R026,1,7.19,226,8,1,1
D158,R026,0,1173.94,475,8,0,0
D159,R026,0,9.03,333,8,0,0
D160,R026,1,1178.33,574,8,0,0
D161,R026,0,1179.49,680,8,1,0
D162,R026,1,878.03,637,8,0,0
D163,R026,0,504.79,116,8,1,0
D164,R026,1,511.75,652,8,0,0
D165,R026,1,511.41,198,8,1,1
D166,R026,1,502.98,242,8,0,0
D167,R026,0,505.05,604,8,0,0
D168,R026,1,507.91,76,8,1,1
D169,R026,1,626.22,117,8,0,0
D170,R026,0,1179.7,593,8,1,0
D171,R026,1,1176.62,718,8,1,1
D172,R026,0,4.35,534,8,0,0
D173,R026,1,507.94,255,8,1,1
D174,R026,0,506.71,370,8,0,0
D175,R026,0,520.07,389,8,1,0
D176,R026,1,505.71,387,8,0,0
D177,R026,1,9.98,448,8,0,0
D178,R026,1,504.52,233,8,1,1
D179,R026,1,872.95,705,8,1,1
D180,R026,1,1245.88,481,8,1,1
D181,R026,0,1175.49,306,8,1,0
D182,R026,0,1176.74,142,8,1,0
D183,R026,0,522.03,399,8,0,0
D184,R026,1,619.76,347,8,0,0
D185,R026,1,522.97,640,8,0,0
D186,R026,1,507.35,137,8,1,1
D187,R026,0,510.31,250,8,0,0
D188,R026,0,505.07,458,8,0,0
D189,R026,1,617.0,584,8,0,0
D190,R026,1,522.75,632,8,0,0
D191,R026,1,504.76,491,8,1,1
D192,R026,1,617.82,465,8,1,1
D193,R026,0,509.85,265,8,0,0
D194,R026,0,1255.95,462,8,0,0
D195,R026,1,503.73,130,8,0,0
D196,R026,1,511.46,550,8,1,1
D197,R026,1,504.45,423,8,0,0
D198,R026,1,518.19,582,8,1,1
D199,R026,0,505.66,147,8,0,0
D200,R026,1,1249.81,128,8,1,1
D001,R027,0,1037.28,298,1,1,0
D002,R027,0,5.1,492,1,1,0
D003,R027,0,1756.98,609,1,0,0
D004,R027,0,918.67,356,1,0,0
D005,R027,0,295.11,723,1,0,0
D006,R027,0,1761.44,294,1,0,0
D007,R027,0,521.31,529,1,0,0
D008,R027,1,1757.7,581,1,1,1
D009,R027,1,11.2,317,1,0,0
D010,R027,0,10.15,63,1,0,0
D011,R027,0,1365.03,603,1,0,0
D012,R027,0,522.01,140,1,1,0
D013,R027,0,1377.26,276,1,0,0
D014,R027,0,294.95,81,1,1,0
D015,R027,0,299.23,557,1,1,0
D016,R027,0,1762.31,422,1,1,0
D017,R027,0,1383.45,519,1,1,0
D018,R027,0,1758.64,75,1,0,0
D019,R027,0,294.22,525,1,1,0
D020,R027,0,1375.7,603,1,1,0
D021,R027,0,1044.75,657,1,0,0
D022,R027,0,526.22,134,1,1,0
D023,R027,0,1038.13,616,1,1,0
D024,R027,0,6.88,219,1,1,0
D025,R027,0,297.06,105,1,0,0
D026,R027,0,1762.53,212,1,1,0
D027,R027,0,522.83,165,1,1,0
D028,R027,0,921.48,400,1,1,0
D029,R027,0,919.32,287,1,0,0
D030,R027,1,1374.13,345,1,1,1
D031,R027,0,918.59,99,1,0,0
D032,R027,0,916.63,592,1,0,0
D033,R027,0,298.63,394,1,0,0
D034,R027,0,1357.71,371,1,0,0
D035,R027,0,921.26,708,1,1,0
D036,R027,0,1038.96,134,1,1,0
D037,R027,0,295.11,590,1,1,0
D038,R027,0,297.9,576,1,0,0
D039,R027,0,1379.44,139,1,1,0
D040,R027,0,295.97,615,1,1,0
D041,R027,1,4.83,459,1,0,0
D042,R027,0,918.44,474,1,0,0
D043,R027,0,1378.16,532,1,1,0
D044,R027,1,1356.35,612,1,1,1
D045,R027,0,519.48,304,1,1,0
D046,R027,0,1041.52,86,1,0,0
D047,R027,0,917.57,183,1,1,0
D048,R027,1,5.27,710,1,0,0
D049,R027,1,1379.69,334,1,0,0
D050,R027,1,298.3,246,1,1,1
D051,R027,0,524.26,560,1,1,0
D052,R027,0,292.28,655,1,1,0
D053,R027,0,518.81,182,1,1,0
D054,R027,0,1756.77,429,1,1,0
D055,R027,0,10.24,351,1,1,0
D056,R027,0,1373.15,114,1,0,0
D057,R027,0,1354.1,662,1,0,0
D058,R027,0,1356.97,237,1,1,0
D059,R027,0,1755.25,330,1,1,0
D060,R027,0,293.47,642,1,0,0
D061,R027,1,1372.97,502,1,1,1
D062,R027,0,1353.46,239,1,0,0
D063,R027,0,1383.11,167,1,0,0
D064,R027,0,519.66,178,1,0,0
D065,R027,0,920.09,570,1,0,0
D066,R027,0,3.46,305,1,1,0
D067,R027,0,1360.07,358,1,1,0
D068,R027,0,1358.45,484,1,1,0
D069,R027,0,1360.58,400,1,0,0
D070,R027,0,921.15,450,1,1,0
D071,R027,0,1761.41,207,1,0,0
D072,R027,0,1755.42,449,1,0,0
D073,R027,0,1383.64,708,1,1,0
D074,R027,0,1036.79,603,1,1,0
D075,R027,0,1757.78,321,1,0,0
D076,R027,0,1379.88,369,1,1,0
D077,R027,0,925.75,341,1,1,0
D078,R027,0,8.83,316,1,1,0
D079,R027,0,1761.23,485,1,1,0
D080,R027,0,1763.01,362,1,1,0
D081,R027,1,523.81,330,1,1,1
D082,R027,0,1374.74,694,1,0,0
D083,R027,0,525.95,98,1,1,0
D084,R027,0,1375.75,561,1,1,0
D085,R027,0,1354.46,427,1,0,0
D086,R027,0,1354.15,188,1,1,0
D087,R027,0,291.25,343,1,0,0
D088,R027,0,1765.83,662,1,0,0
D089,R027,1,1758.73,575,1,1,1
D090,R027,0,6.73,496,1,1,0
D091,R027,0,1379.68,392,1,0,0
D092,R027,0,1359.59,407,1,0,0
D093,R027,0,922.69,155,1,1,0
D094,R027,0,523.54,493,1,0,0
D095,R027,0,9.79,629,1,1,0
D096,R027,0,1361.95,376,1,0,0
D097,R027,0,513.99,489,1,1,0
D098,R027,0,1758.75,143,1,1,0
D099,R027,0,920.4,558,1,1,0
D100,R027,0,1354.73,182,1,0,0
D101,R027,0,918.67,506,1,0,0
D102,R027,0,1040.69,692,1,1,0
D103,R027,1,514.93,232,1,1,1
D104,R027,0,1041.48,237,1,1,0
D105,R027,1,1034.28,214,1,1,1
D106,R027,0,1378.18,353,1,1,0
D107,R027,0,1039.51,252,1,1,0
D108,R027,0,1374.61,509,1,1,0
D109,R027,0,1758.32,455,1,1,0
D110,R027,0,1758.61,377,1,0,0
D111,R027,0,523.1,376,1,1,0
D112,R027,0,291.1,599,1,0,0
D113,R027,0,523.96,303,1,0,0
D114,R027,0,1363.31,511,1,0,0
D115,R027,0,1361.67,440,1,1,0
D116,R027,0,1040.12,287,1,0,0
D117,R027,0,525.33,161,1,0,0
D118,R027,0,525.02,141,1,1,0
D119,R027,0,293.29,489,1,1,0
D120,R027,0,1371.5,421,1,1,0
D121,R027,0,916.44,456,1,0,0
D122,R027,0,1360.45,406,1,0,0
D123,R027,0,1763.84,97,1,0,0
D124,R027,1,7.42,352,1,1,1
D125,R027,1,10.02,569,1,1,1
D126,R027,0,1363.35,362,1,1,0
D127,R027,1,918.09,118,1,0,0
D128,R027,0,916.64,720,1,1,0
D129,R027,0,927.04,467,1,0,0
D130,R027,0,1354.6,279,1,0,0
D131,R027,0,1364.24,387,1,1,0
D132,R027,0,1040.83,265,1,1,0
D133,R027,0,298.96,550,1,1,0
D134,R027,0,925.79,715,1,1,0
D135,R027,0,1759.08,414,1,0,0
D136,R027,0,1360.58,654,1,1,0
D137,R027,0,523.83,714,1,0,0
D138,R027,0,1359.19,485,1,1,0
D139,R027,0,297.84,635,1,1,0
D140,R027,1,296.45,223,1,0,0
D141,R027,0,518.76,528,1,0,0
D142,R027,1,298.78,501,1,0,0
D143,R027,0,1362.97,576,1,1,0
D144,R027,0,1362.87,207,1,0,0
D145,R027,0,923.69,395,1,0,0
D146,R027,1,515.12,399,1,1,1
D147,R027,1,918.27,652,1,0,0
D148,R027,0,9.03,172,1,1,0
D149,R027,0,1378.01,634,1,1,0
D150,R027,0,1378.85,312,1,1,0
D151,R027,1,1360.09,340,1,0,0
D152,R027,0,923.75,512,1,1,0
D153,R027,0,1372.89,603,1,1,0
D154,R027,0,295.07,547,1,0,0
D155,R027,0,296.14,240,1,0,0
D156,R027,0,10.91,169,1,0,0
D157,R027,1,516.39,226,1,1,1
D158,R027,0,1357.94,475,1,0,0
D159,R027,0,515.62,333,1,0,0
D160,R027,0,1360.47,574,1,0,0
D161,R027,0,1361.82,680,1,1,0
D162,R027,0,1377.84,637,1,0,0
D163,R027,0,297.69,116,1,1,0
D164,R027,1,923.28,652,1,0,0
D165,R027,0,922.43,198,1,1,0
D166,R027,0,916.0,242,1,0,0
D167,R027,0,918.42,604,1,0,0
D168,R027,0,295.69,76,1,1,0
D169,R027,0,1039.79,117,1,0,0
D170,R027,0,1359.8,593,1,1,0
D171,R027,1,1357.76,718,1,1,1
D172,R027,0,522.95,534,1,0,0
D173,R027,0,922.97,255,1,1,0
D174,R027,0,920.47,370,1,0,0
D175,R027,0,7.3,389,1,1,0
D176,R027,0,918.61,387,1,0,0
D177,R027,1,520.49,448,1,0,0
D178,R027,1,292.25,233,1,1,1
D179,R027,0,1372.24,705,1,1,0
D180,R027,1,1755.22,481,1,1,1
D181,R027,0,1358.18,306,1,1,0
D182,R027,0,1360.43,142,1,1,0
D183,R027,0,5.19,399,1,0,0
D184,R027,1,1038.14,347,1,0,0
D185,R027,0,0.62,640,1,0,0
D186,R027,0,921.0,137,1,1,0
D187,R027,0,924.82,250,1,0,0
D188,R027,0,916.1,458,1,0,0
D189,R027,0,1032.29,584,1,0,0
D190,R027,0,3.31,632,1,0,0
D191,R027,0,297.47,491,1,1,0
D192,R027,0,1034.17,465,1,1,0
D193,R027,0,923.61,265,1,0,0
D194,R027,0,1764.78,462,1,0,0
D195,R027,0,293.39,130,1,0,0
D196,R027,1,924.18,550,1,1,1
D197,R027,0,918.03,423,1,0,0
D198,R027,0,5.4,582,1,1,0
D199,R027,0,295.12,147,1,0,0
D200,R027,0,1759.23,128,1,1,0
D001,R028,1,840.78,298,9,1,1
D002,R028,1,287.88,492,9,1,1
D003,R028,1,1731.16,609,9,0,0
D004,R028,1,730.34,356,9,0,0
D005,R028,1,5.91,723,9,0,0
D006,R028,1,1734.84,294,9,0,0
D007,R028,1,491.83,529,9,0,0
D008,R028,1,1731.56,581,9,1,1
D009,R028,1,281.87,317,9,0,0
D010,R028,1,281.4,63,9,0,0
D011,R028,1,1559.15,603,9,0,0
D012,R028,1,492.87,140,9,1,1
D013,R028,1,1234.88,276,9,0,0
D014,R028,1,6.36,81,9,1,1
D015,R028,1,10.77,557,9,1,1
D016,R028,1,1736.78,422,9,1,1
D017,R028,1,1239.56,519,9,1,1
D018,R028,1,1732.0,75,9,0,0
D019,R028,1,10.3,525,9,1,1
D020,R028,1,1231.41,603,9,1,1
D021,R028,1,849.36,657,9,0,0
D022,R028,1,497.93,134,9,1,1
D023,R028,1,841.6,616,9,1,1
D024,R028,1,286.16,219,9,1,1
D025,R028,1,8.25,105,9,0,0
D026,R028,1,1735.98,212,9,1,1
D027,R028,1,493.97,165,9,1,1
D028,R028,1,735.9,400,9,1,1
D029,R028,1,733.64,287,9,0,0
D030,R028,1,1230.95,345,9,1,1
D031,R028,1,732.63,99,9,0,0
D032,R028,1,729.88,592,9,0,0
D033,R028,1,11.49,394,9,0,0
D034,R028,1,1551.69,371,9,0,0
D035,R028,1,735.0,708,9,1,1
D036,R028,1,844.69,134,9,1,1
D037,R028,1,6.47,590,9,1,1
D038,R028,1,8.58,576,9,0,0
D039,R028,1,1236.75,139,9,1,1
D040,R028,1,10.28,615,9,1,1
D041,R028,1,284.62,459,9,0,0
D042,R028,1,731.96,474,9,0,0
D043,R028,1,1235.9,532,9,1,1
D044,R028,1,1550.56,612,9,1,1
D045,R028,1,489.9,304,9,1,1
D046,R028,1,845.87,86,9,0,0
D047,R028,1,730.77,183,9,1,1
D048,R028,1,284.72,710,9,0,0
D049,R028,1,1236.26,334,9,0,0
D050,R028,1,9.1,246,9,1,1
D051,R028,1,496.69,560,9,1,1
D052,R028,1,4.43,655,9,1,1
D053,R028,1,493.43,182,9,1,1
D054,R028,1,1730.9,429,9,1,1
D055,R028,1,281.54,351,9,1,1
D056,R028,1,1230.2,114,9,0,0
D057,R028,1,1548.68,662,9,0,0
D058,R028,1,1550.78,237,9,1,1
D059,R028,1,1728.88,330,9,1,1
D060,R028,1,7.48,642,9,0,0
D061,R028,1,1229.31,502,9,1,1
D062,R028,1,1548.1,239,9,0,0
D063,R028,1,1239.5,167,9,0,0
D064,R028,1,492.78,178,9,0,0
D065,R028,1,734.45,570,9,0,0
D066,R028,1,286.02,305,9,1,1
D067,R028,1,1554.44,358,9,1,1
D068,R028,1,1552.91,484,9,1,1
D069,R028,1,1554.35,400,9,0,0
D070,R028,1,733.63,450,9,1,1
D071,R028,1,1734.47,207,9,0,0
D072,R028,1,1729.6,449,9,0,0
D073,R028,1,1239.73,708,9,1,1
D074,R028,1,841.75,603,9,1,1
D075,R028,1,1730.84,321,9,0,0
D076,R028,1,1237.09,369,9,1,1
D077,R028,1,738.56,341,9,1,1
D078,R028,1,288.3,316,9,1,1
D079,R028,1,1735.72,485,9,1,1
D080,R028,1,1737.48,362,9,1,1
D081,R028,1,497.01,330,9,1,1
D082,R028,1,1231.46,694,9,0,0
D083,R028,1,497.75,98,9,1,1
D084,R028,1,1231.31,561,9,1,1
D085,R028,1,1549.24,427,9,0,0
D086,R028,1,1548.48,188,9,1,1
D087,R028,1,10.43,343,9,0,0
D088,R028,1,1739.8,662,9,0,0
D089,R028,1,1731.89,575,9,1,1
D090,R028,1,290.01,496,9,1,1
D091,R028,1,1236.28,392,9,0,0
D092,R028,1,1554.14,407,9,0,0
D093,R028,1,734.61,155,9,1,1
D094,R028,1,497.27,493,9,0,0
D095,R028,1,286.76,629,9,1,1
D096,R028,1,1556.58,376,9,0,0
D097,R028,1,489.11,489,9,1,1
D098,R028,1,1732.89,143,9,1,1
D099,R028,1,733.2,558,9,1,1
D100,R028,1,1549.53,182,9,0,0
D101,R028,1,730.71,506,9,0,0
D102,R028,1,846.19,692,9,1,1
D103,R028,1,489.96,232,9,1,1
D104,R028,1,845.73,237,9,1,1
D105,R028,1,838.9,214,9,1,1
D106,R028,1,1234.23,353,9,1,1
D107,R028,1,844.46,252,9,1,1
D108,R028,1,1231.83,509,9,1,1
D109,R028,1,1732.78,455,9,1,1
D110,R028,1,1732.52,377,9,0,0
D111,R028,1,497.51,376,9,1,1
D112,R028,1,7.44,599,9,0,0
D113,R028,1,498.1,303,9,0,0
D114,R028,1,1557.71,511,9,0,0
D115,R028,1,1555.73,440,9,1,1
D116,R028,1,845.25,287,9,0,0
D117,R028,1,498.29,161,9,0,0
D118,R028,1,496.24,141,9,1,1
D119,R028,1,4.3,489,9,1,1
D120,R028,1,1228.02,421,9,1,1
D121,R028,1,729.11,456,9,0,0
D122,R028,1,1554.38,406,9,0,0
D123,R028,1,1738.02,97,9,0,0
D124,R028,1,289.78,352,9,1,1
D125,R028,1,283.81,569,9,1,1
D126,R028,1,1557.63,362,9,1,1
D127,R028,1,730.25,118,9,0,0
D128,R028,1,729.95,720,9,1,1
D129,R028,1,739.89,467,9,0,0
D130,R028,1,1548.85,279,9,0,0
D131,R028,1,1558.94,387,9,1,1
D132,R028,1,845.28,265,9,1,1
D133,R028,1,9.84,550,9,1,1
D134,R028,1,738.48,715,9,1,1
D135,R028,1,1733.54,414,9,0,0
D136,R028,1,1554.29,654,9,1,1
D137,R028,1,497.62,714,9,0,0
D138,R028,1,1553.19,485,9,1,1
D139,R028,1,11.04,635,9,1,1
D140,R028,1,9.11,223,9,0,0
D141,R028,1,489.7,528,9,0,0
D142,R028,1,10.39,501,9,0,0
D143,R028,1,1557.37,576,9,1,1
D144,R028,1,1557.01,207,9,0,0
D145,R028,1,735.68,395,9,0,0
D146,R028,1,491.07,399,9,1,1
D147,R028,1,732.02,652,9,0,0
D148,R028,1,281.98,172,9,1,1
D149,R028,1,1233.65,634,9,1,1
D150,R028,1,1235.01,312,9,1,1
D151,R028,1,1555.31,340,9,0,0
D152,R028,1,737.26,512,9,1,1
D153,R028,1,1229.56,603,9,1,1
D154,R028,1,11.79,547,9,0,0
D155,R028,1,7.25,240,9,0,0
D156,R028,1,284.57,169,9,0,0
D157,R028,1,492.4,226,9,1,1
D158,R028,1,1551.53,475,9,0,0
D159,R028,1,489.58,333,9,0,0
D160,R028,1,1554.84,574,9,0,0
D161,R028,1,1556.13,680,9,1,1
D162,R028,1,1235.09,637,9,0,0
D163,R028,1,9.48,116,9,1,1
D164,R028,1,735.21,652,9,0,0
D165,R028,1,734.14,198,9,1,1
D166,R028,1,729.53,242,9,0,0
D167,R028,1,731.91,604,9,0,0
D168,R028,1,10.32,76,9,1,1
D169,R028,1,843.01,117,9,0,0
D170,R028,1,1554.94,593,9,1,1
D171,R028,1,1552.46,718,9,1,1
D172,R028,1,495.72,534,9,0,0
D173,R028,1,736.97,255,9,1,1
D174,R028,1,733.98,370,9,0,0
D175,R028,1,282.13,389,9,1,1
D176,R028,1,731.8,387,9,0,0
D177,R028,1,490.83,448,9,0,0
D178,R028,1,6.17,233,9,1,1
D179,R028,1,1228.98,705,9,1,1
D180,R028,1,1728.94,481,9,1,1
D181,R028,1,1552.29,306,9,1,1
D182,R028,1,1554.19,142,9,1,1
D183,R028,1,284.17,399,9,0,0
D184,R028,1,844.29,347,9,0,0
D185,R028,1,289.28,640,9,0,0
D186,R028,1,734.38,137,9,1,1
D187,R028,1,738.33,250,9,0,0
D188,R028,1,728.47,458,9,0,0
D189,R028,1,837.05,584,9,0,0
D190,R028,1,286.07,632,9,0,0
D191,R028,1,9.3,491,9,1,1
D192,R028,1,839.42,465,9,1,1
D193,R028,1,736.8,265,9,0,0
D194,R028,1,1739.44,462,9,0,0
D195,R028,1,5.97,130,9,0,0
D196,R028,1,736.71,550,9,1,1
D197,R028,1,731.68,423,9,0,0
D198,R028,1,287.11,582,9,1,1
D199,R028,1,8.3,147,9,0,0
D200,R028,1,1732.75,128,9,1,1
D001,R029,1,7.01,298,2,1,1
D002,R029,1,1037.54,492,2,1,1
D003,R029,1,1145.61,609,2,0,0
D004,R029,1,123.95,356,2,0,0
D005,R029,1,844.22,723,2,0,0
D006,R029,1,1146.82,294,2,0,0
D007,R029,1,620.46,529,2,0,0
D008,R029,1,1145.13,581,2,1,1
D009,R029,1,1030.75,317,2,0,0
D010,R029,1,1031.76,63,2,0,0
D011,R029,1,1660.5,603,2,0,0
D012,R029,1,620.61,140,2,1,1
D013,R029,1,441.29,276,2,0,0
D014,R029,1,845.72,81,2,1,1
D015,R029,1,844.35,557,2,1,1
D016,R029,1,1151.25,422,2,1,1
D017,R029,1,442.45,519,2,1,1
D018,R029,1,1144.24,75,2,0,0
D019,R029,1,851.19,525,2,1,1
D020,R029,1,434.4,603,2,1,1
D021,R029,1,2.9,657,2,0,0
D022,R029,1,619.97,134,2,1,1
D023,R029,1,6.48,616,2,1,1
D024,R029,1,1035.44,219,2,1,1
D025,R029,1,844.43,105,2,0,0
D026,R029,1,1147.94,212,2,1,1
D027,R029,1,620.64,165,2,1,1
D028,R029,1,122.95,400,2,1,1
D029,R029,1,124.93,287,2,0,0
D030,R029,1,436.21,345,2,1,1
D031,R029,1,125.4,99,2,0,0
D032,R029,1,126.76,592,2,0,0
D033,R029,1,846.77,394,2,0,0
D034,R029,1,1653.88,371,2,0,0
D035,R029,1,122.65,708,2,1,1
D036,R029,1,5.57,134,2,1,1
D037,R029,1,845.57,590,2,1,1
D038,R029,1,842.11,576,2,0,0
D039,R029,1,442.33,139,2,1,1
D040,R029,1,849.18,615,2,1,1
D041,R029,1,1037.71,459,2,0,0
D042,R029,1,125.19,474,2,0,0
D043,R029,1,442.44,532,2,1,1
D044,R029,1,1653.72,612,2,1,1
D045,R029,1,621.12,304,2,1,1
D046,R029,1,1.06,86,2,0,0
D047,R029,1,125.82,183,2,1,1
D048,R029,1,1036.75,710,2,0,0
D049,R029,1,440.43,334,2,0,0
D050,R029,1,842.67,246,2,1,1
D051,R029,1,621.82,560,2,1,1
D052,R029,1,847.5,655,2,1,1
D053,R029,1,627.21,182,2,1,1
D054,R029,1,1145.27,429,2,1,1
D055,R029,1,1031.65,351,2,1,1
D056,R029,1,436.02,114,2,0,0
D057,R029,1,1653.49,662,2,0,0
D058,R029,1,1652.58,237,2,1,1
D059,R029,1,1142.21,330,2,1,1
D060,R029,1,849.23,642,2,0,0
D061,R029,1,433.79,502,2,1,1
D062,R029,1,1653.17,239,2,0,0
D063,R029,1,442.93,167,2,0,0
D064,R029,1,624.74,178,2,0,0
D065,R029,1,124.23,570,2,0,0
D066,R029,1,1038.79,305,2,1,1
D067,R029,1,1657.51,358,2,1,1
D068,R029,1,1656.53,484,2,1,1
D069,R029,1,1655.35,400,2,0,0
D070,R029,1,121.94,450,2,1,1
D071,R029,1,1145.62,207,2,0,0
D072,R029,1,1144.25,449,2,0,0
D073,R029,1,442.56,708,2,1,1
D074,R029,1,5.22,603,2,1,1
D075,R029,1,1142.47,321,2,0,0
D076,R029,1,442.42,369,2,1,1
D077,R029,1,117.71,341,2,1,1
D078,R029,1,1035.23,316,2,1,1
D079,R029,1,1150.36,485,2,1,1
D080,R029,1,1151.87,362,2,1,1
D081,R029,1,623.08,330,2,1,1
D082,R029,1,436.46,694,2,0,0
D083,R029,1,620.21,98,2,1,1
D084,R029,1,434.02,561,2,1,1
D085,R029,1,1654.62,427,2,0,0
D086,R029,1,1652.43,188,2,1,1
D087,R029,1,853.85,343,2,0,0
D088,R029,1,1152.6,662,2,0,0
D089,R029,1,1143.62,575,2,1,1
D090,R029,1,1037.9,496,2,1,1
D091,R029,1,440.48,392,2,0,0
D092,R029,1,1657.85,407,2,0,0
D093,R029,1,120.15,155,2,1,1
D094,R029,1,623.94,493,2,0,0
D095,R029,1,1033.62,629,2,1,1
D096,R029,1,1660.13,376,2,0,0
D097,R029,1,629.95,489,2,1,1
D098,R029,1,1147.02,143,2,1,1
D099,R029,1,122.85,558,2,1,1
D100,R029,1,1654.89,182,2,0,0
D101,R029,1,124.13,506,2,0,0
D102,R029,1,4.12,692,2,1,1
D103,R029,1,629.4,232,2,1,1
D104,R029,1,1.5,237,2,1,1
D105,R029,1,7.64,214,2,1,1
D106,R029,1,437.59,353,2,1,1
D107,R029,1,2.73,252,2,1,1
D108,R029,1,437.81,509,2,1,1
D109,R029,1,1147.73,455,2,1,1
D110,R029,1,1146.1,377,2,0,0
D111,R029,1,625.08,376,2,1,1
D112,R029,1,851.4,599,2,0,0
D113,R029,1,624.34,303,2,0,0
D114,R029,1,1660.26,511,2,0,0
D115,R029,1,1657.48,440,2,1,1
D116,R029,1,2.86,287,2,0,0
D117,R029,1,622.11,161,2,0,0
D118,R029,1,619.8,141,2,1,1
D119,R029,1,845.58,489,2,1,1
D120,R029,1,433.01,421,2,1,1
D121,R029,1,126.62,456,2,0,0
D122,R029,1,1655.95,406,2,0,0
D123,R029,1,1151.56,97,2,0,0
D124,R029,1,1037.25,352,2,1,1
D125,R029,1,1032.17,569,2,1,1
D126,R029,1,1659.79,362,2,1,1
D127,R029,1,124.75,118,2,0,0
D128,R029,1,126.79,720,2,1,1
D129,R029,1,116.49,467,2,0,0
D130,R029,1,1652.46,279,2,0,0
D131,R029,1,1662.31,387,2,1,1
D132,R029,1,1.24,265,2,1,1
D133,R029,1,842.65,550,2,1,1
D134,R029,1,117.58,715,2,1,1
D135,R029,1,1148.4,414,2,0,0
D136,R029,1,1655.08,654,2,1,1
D137,R029,1,623.91,714,2,0,0
D138,R029,1,1655.17,485,2,1,1
D139,R029,1,847.45,635,2,1,1
D140,R029,1,847.1,223,2,0,0
D141,R029,1,622.16,528,2,0,0
D142,R029,1,844.66,501,2,0,0
D143,R029,1,1660.01,576,2,1,1
D144,R029,1,1658.79,207,2,0,0
D145,R029,1,119.21,395,2,0,0
D146,R029,1,630.6,399,2,1,1
D147,R029,1,125.5,652,2,0,0
D148,R029,1,1032.92,172,2,1,1
D149,R029,1,436.28,634,2,1,1
D150,R029,1,438.5,312,2,1,1
D151,R029,1,1661.09,340,2,0,0
D152,R029,1,120.1,512,2,1,1
D153,R029,1,434.7,603,2,1,1
D154,R029,1,851.75,547,2,0,0
D155,R029,1,844.62,240,2,0,0
D156,R029,1,1031.75,169,2,0,0
D157,R029,1,630.15,226,2,1,1
D158,R029,1,1652.43,475,2,0,0
D159,R029,1,627.65,333,2,0,0
D160,R029,1,1657.78,574,2,0,0
D161,R029,1,1658.67,680,2,1,1
D162,R029,1,440.74,637,2,0,0
D163,R029,1,845.39,116,2,1,1
D164,R029,1,119.58,652,2,0,0
D165,R029,1,120.31,198,2,1,1
D166,R029,1,127.54,242,2,0,0
D167,R029,1,125.19,604,2,0,0
D168,R029,1,849.57,76,2,1,1
D169,R029,1,6.56,117,2,0,0
D170,R029,1,1660.54,593,2,1,1
D171,R029,1,1656.99,718,2,1,1
D172,R029,1,622.86,534,2,0,0
D173,R029,1,121.2,255,2,1,1
D174,R029,1,123.23,370,2,0,0
D175,R029,1,1035.81,389,2,1,1
D176,R029,1,124.82,387,2,0,0
D177,R029,1,620.57,448,2,0,0
D178,R029,1,849.27,233,2,1,1
D179,R029,1,434.33,705,2,1,1
D180,R029,1,1142.5,481,2,1,1
D181,R029,1,1654.8,306,2,1,1
D182,R029,1,1655.18,142,2,1,1
D183,R029,1,1038.21,399,2,0,0
D184,R029,1,7.52,347,2,0,0
D185,R029,1,1041.42,640,2,0,0
D186,R029,1,122.65,137,2,1,1
D187,R029,1,119.07,250,2,0,0
D188,R029,1,126.78,458,2,0,0
D189,R029,1,9.6,584,2,0,0
D190,R029,1,1039.67,632,2,0,0
D191,R029,1,845.52,491,2,1,1
D192,R029,1,7.99,465,2,1,1
D193,R029,1,120.01,265,2,0,0
D194,R029,1,1154.04,462,2,0,0
D195,R029,1,847.74,130,2,0,0
D196,R029,1,119.04,550,2,1,1
D197,R029,1,125.67,423,2,0,0
D198,R029,1,1036.94,582,2,1,1
D199,R029,1,848.07,147,2,0,0
D200,R029,1,1145.31,128,2,1,1
D001,R030,1,840.58,298,5,1,1
D002,R030,0,297.0,492,5,1,0
D003,R030,0,1737.28,609,5,0,0
D004,R030,0,730.81,356,5,0,0
D005,R030,0,5.78,723,5,0,0
D006,R030,0,1740.93,294,5,0,0
D007,R030,0,499.64,529,5,0,0
D008,R030,1,1737.67,581,5,1,1
D009,R030,1,291.07,317,5,0,0
D010,R030,0,290.55,63,5,0,0
D011,R030,0,1569.89,603,5,0,0
D012,R030,0,500.68,140,5,1,0
D013,R030,0,1236.94,276,5,0,0
D014,R030,1,4.59,81,5,1,1
D015,R030,1,1.99,557,5,1,1
D016,R030,1,1742.9,422,5,1,1
D017,R030,0,1241.56,519,5,1,0
D018,R030,1,1738.09,75,5,0,0
D019,R030,1,5.18,525,5,1,1
D020,R030,0,1233.39,603,5,1,0
D021,R030,0,849.21,657,5,0,0
D022,R030,0,505.74,134,5,1,0
D023,R030,0,841.4,616,5,1,0
D024,R030,0,295.3,219,5,1,0
D025,R030,1,3.43,105,5,0,0
D026,R030,1,1742.07,212,5,1,1
D027,R030,1,501.78,165,5,1,1
D028,R030,0,736.51,400,5,1,0
D029,R030,1,734.26,287,5,0,0
D030,R030,1,1232.98,345,5,1,1
D031,R030,0,733.23,99,5,0,0
D032,R030,0,730.44,592,5,0,0
D033,R030,1,0.76,394,5,0,0
D034,R030,0,1562.42,371,5,0,0
D035,R030,1,735.57,708,5,1,1
D036,R030,1,844.61,134,5,1,1
D037,R030,1,4.52,590,5,1,1
D038,R030,0,5.44,576,5,0,0
D039,R030,0,1238.8,139,5,1,0
D040,R030,0,3.03,615,5,1,0
D041,R030,1,293.66,459,5,0,0
D042,R030,0,732.53,474,5,0,0
D043,R030,1,1237.97,532,5,1,1
D044,R030,1,1561.29,612,5,1,1
D045,R030,0,497.71,304,5,1,0
D046,R030,1,845.72,86,5,0,0
D047,R030,1,731.32,183,5,1,1
D048,R030,1,293.8,710,5,0,0
D049,R030,1,1238.28,334,5,0,0
D050,R030,1,4.46,246,5,1,1
D051,R030,1,504.53,560,5,1,1
D052,R030,0,6.68,655,5,1,0
D053,R030,0,501.35,182,5,1,0
D054,R030,0,1737.02,429,5,1,0
D055,R030,0,290.7,351,5,1,0
D056,R030,1,1232.24,114,5,0,0
D057,R030,0,1559.42,662,5,0,0
D058,R030,0,1561.52,237,5,1,0
D059,R030,0,1734.98,330,5,1,0
D060,R030,1,4.91,642,5,0,0
D061,R030,1,1231.32,502,5,1,1
D062,R030,1,1558.84,239,5,0,0
D063,R030,1,1241.51,167,5,0,0
D064,R030,1,500.65,178,5,0,0
D065,R030,1,735.07,570,5,0,0
D066,R030,1,295.06,305,5,1,1
D067,R030,1,1565.18,358,5,1,1
D068,R030,0,1563.65,484,5,1,0
D069,R030,1,1565.08,400,5,0,0
D070,R030,0,734.14,450,5,1,0
D071,R030,1,1740.55,207,5,0,0
D072,R030,1,1735.71,449,5,0,0
D073,R030,0,1241.73,708,5,1,0
D074,R030,0,841.64,603,5,1,0
D075,R030,0,1736.92,321,5,0,0
D076,R030,0,1239.13,369,5,1,0
D077,R030,0,739.08,341,5,1,0
D078,R030,0,297.5,316,5,1,0
D079,R030,0,1741.84,485,5,1,0
D080,R030,0,1743.61,362,5,1,0
D081,R030,1,504.87,330,5,1,1
D082,R030,0,1233.49,694,5,0,0
D083,R030,0,505.56,98,5,1,0
D084,R030,1,1233.28,561,5,1,1
D085,R030,1,1559.98,427,5,0,0
D086,R030,1,1559.21,188,5,1,1
D087,R030,0,8.33,343,5,0,0
D088,R030,0,1745.91,662,5,0,0
D089,R030,1,1737.97,575,5,1,1
D090,R030,1,299.17,496,5,1,1
D091,R030,0,1238.29,392,5,0,0
D092,R030,0,1564.88,407,5,0,0
D093,R030,0,735.09,155,5,1,0
D094,R030,1,505.14,493,5,0,0
D095,R030,1,295.97,629,5,1,1
D096,R030,1,1567.32,376,5,0,0
D097,R030,1,497.06,489,5,1,1
D098,R030,1,1739.01,143,5,1,1
D099,R030,1,733.73,558,5,1,1
D100,R030,0,1560.26,182,5,0,0
D101,R030,0,731.2,506,5,0,0
D102,R030,1,846.1,692,5,1,1
D103,R030,1,497.9,232,5,1,1
D104,R030,0,845.57,237,5,1,0
D105,R030,1,838.77,214,5,1,1
D106,R030,0,1236.23,353,5,1,0
D107,R030,1,844.34,252,5,1,1
D108,R030,1,1233.88,509,5,1,1
D109,R030,1,1738.9,455,5,1,1
D110,R030,1,1738.63,377,5,0,0
D111,R030,1,505.4,376,5,1,1
D112,R030,0,7.38,599,5,0,0
D113,R030,0,505.98,303,5,0,0
D114,R030,1,1568.44,511,5,0,0
D115,R030,0,1566.47,440,5,1,0
D116,R030,1,845.14,287,5,0,0
D117,R030,1,506.13,161,5,0,0
D118,R030,0,504.04,141,5,1,0
D119,R030,0,6.7,489,5,1,0
D120,R030,0,1230.04,421,5,1,0
D121,R030,1,729.64,456,5,0,0
D122,R030,1,1565.12,406,5,0,0
D123,R030,0,1744.13,97,5,0,0
D124,R030,1,298.95,352,5,1,1
D125,R030,1,293.0,569,5,1,1
D126,R030,0,1568.36,362,5,1,0
D127,R030,1,730.75,118,5,0,0
D128,R030,1,730.52,720,5,1,1
D129,R030,1,740.41,467,5,0,0
D130,R030,1,1559.58,279,5,0,0
D131,R030,0,1569.68,387,5,1,0
D132,R030,0,845.13,265,5,1,0
D133,R030,0,4.08,550,5,1,0
D134,R030,0,738.99,715,5,1,0
D135,R030,0,1739.67,414,5,0,0
D136,R030,0,1565.02,654,5,1,0
D137,R030,0,505.49,714,5,0,0
D138,R030,1,1563.92,485,5,1,1
D139,R030,0,1.14,635,5,1,0
D140,R030,1,1.95,223,5,0,0
D141,R030,1,497.52,528,5,0,0
D142,R030,1,1.77,501,5,0,0
D143,R030,0,1568.11,576,5,1,0
D144,R030,0,1567.74,207,5,0,0
D145,R030,1,736.16,395,5,0,0
D146,R030,1,499.03,399,5,1,1
D147,R030,1,732.6,652,5,0,0
D148,R030,0,291.11,172,5,1,0
D149,R030,1,1235.63,634,5,1,1
D150,R030,0,1237.01,312,5,1,0
D151,R030,1,1566.05,340,5,0,0
D152,R030,1,737.82,512,5,1,1
D153,R030,1,1231.59,603,5,1,1
D154,R030,1,5.45,547,5,0,0
D155,R030,0,4.21,240,5,0,0
D156,R030,0,293.79,169,5,0,0
D157,R030,1,500.36,226,5,1,1
D158,R030,0,1562.26,475,5,0,0
D159,R030,0,497.49,333,5,0,0
D160,R030,1,1565.57,574,5,0,0
D161,R030,0,1566.87,680,5,1,0
D162,R030,1,1237.14,637,5,0,0
D163,R030,0,1.72,116,5,1,0
D164,R030,1,735.69,652,5,0,0
D165,R030,1,734.61,198,5,1,1
D166,R030,1,730.1,242,5,0,0
D167,R030,0,732.48,604,5,0,0
D168,R030,1,3.42,76,5,1,1
D169,R030,1,842.8,117,5,0,0
D170,R030,0,1565.68,593,5,1,0
D171,R030,1,1563.19,718,5,1,1
D172,R030,0,503.57,534,5,0,0
D173,R030,1,737.56,255,5,1,1
D174,R030,0,734.55,370,5,0,0
D175,R030,0,291.17,389,5,1,0
D176,R030,1,732.35,387,5,0,0
D177,R030,1,498.63,448,5,0,0
D178,R030,1,6.15,233,5,1,1
D179,R030,1,1231.01,705,5,1,1
D180,R030,1,1735.04,481,5,1,1
D181,R030,0,1563.02,306,5,1,0
D182,R030,0,1564.92,142,5,1,0
D183,R030,0,293.18,399,5,0,0
D184,R030,1,844.24,347,5,0,0
D185,R030,1,298.31,640,5,0,0
D186,R030,1,734.94,137,5,1,1
D187,R030,0,738.89,250,5,0,0
D188,R030,0,728.99,458,5,0,0
D189,R030,1,836.93,584,5,0,0
D190,R030,1,295.08,632,5,0,0
D191,R030,1,1.8,491,5,1,1
D192,R030,1,839.32,465,5,1,1
D193,R030,0,737.34,265,5,0,0
D194,R030,0,1745.57,462,5,0,0
D195,R030,1,5.25,130,5,0,0
D196,R030,1,737.22,550,5,1,1
D197,R030,1,732.26,423,5,0,0
D198,R030,1,296.23,582,5,1,1
D199,R030,0,3.25,147,5,0,0
D200,R030,1,1738.84,128,5,1,1
D001,R031,0,1154.91,298,1,1,0
D002,R031,0,1756.52,492,1,1,0
D003,R031,0,4.84,609,1,0,0
D004,R031,0,1179.15,356,1,0,0
D005,R031,0,1736.74,723,1,0,0
D006,R031,0,2.76,294,1,0,0
D007,R031,0,1257.05,529,1,0,0
D008,R031,1,3.88,581,1,1,1
D009,R031,1,1752.18,317,1,0,0
D010,R031,0,1754.09,63,1,0,0
D011,R031,0,1303.54,603,1,0,0
D012,R031,0,1256.13,140,1,1,0
D013,R031,0,770.94,276,1,0,0
D014,R031,1,1738.45,81,1,1,1
D015,R031,0,1739.75,557,1,1,0
D016,R031,1,3.83,422,1,1,1
D017,R031,0,776.05,519,1,1,0
D018,R031,0,4.38,75,1,0,0
D019,R031,1,1744.55,525,1,1,1
D020,R031,0,780.98,603,1,1,0
D021,R031,0,1147.19,657,1,0,0
D022,R031,0,1251.29,134,1,1,0
D023,R031,0,1154.65,616,1,1,0
D024,R031,0,1755.05,219,1,1,0
D025,R031,0,1738.35,105,1,0,0
D026,R031,0,2.56,212,1,1,0
D027,R031,0,1255.13,165,1,1,0
D028,R031,0,1168.25,400,1,1,0
D029,R031,0,1169.75,287,1,0,0
D030,R031,1,776.1,345,1,1,1
D031,R031,0,1171.12,99,1,0,0
D032,R031,0,1174.85,592,1,0,0
D033,R031,0,1742.25,394,1,0,0
D034,R031,0,1301.19,371,1,0,0
D035,R031,1,1170.68,708,1,1,1
D036,R031,0,1144.86,134,1,1,0
D037,R031,0,1738.39,590,1,1,0
D038,R031,0,1736.11,576,1,0,0
D039,R031,0,771.61,139,1,1,0
D040,R031,0,1743.34,615,1,1,0
D041,R031,1,1759.85,459,1,0,0
D042,R031,0,1172.95,474,1,0,0
D043,R031,0,769.99,532,1,1,0
D044,R031,1,1302.43,612,1,1,1
D045,R031,0,1259.01,304,1,1,0
D046,R031,0,1149.56,86,1,0,0
D047,R031,0,1174.51,183,1,1,0
D048,R031,1,1758.32,710,1,0,0
D049,R031,1,775.17,334,1,0,0
D050,R031,1,1737.07,246,1,1,1
D051,R031,0,1252.95,560,1,1,0
D052,R031,0,1738.76,655,1,1,0
D053,R031,0,1257.5,182,1,1,0
D054,R031,0,4.96,429,1,1,0
D055,R031,0,1753.81,351,1,1,0
D056,R031,0,775.32,114,1,0,0
D057,R031,0,1304.55,662,1,0,0
D058,R031,0,1299.97,237,1,1,0
D059,R031,0,6.61,330,1,1,0
D060,R031,0,1741.68,642,1,0,0
D061,R031,1,778.92,502,1,1,1
D062,R031,0,1304.75,239,1,0,0
D063,R031,0,774.81,167,1,0,0
D064,R031,0,1257.38,178,1,0,0
D065,R031,0,1169.19,570,1,0,0
D066,R031,0,1760.12,305,1,1,0
D067,R031,1,1304.3,358,1,1,1
D068,R031,0,1304.53,484,1,1,0
D069,R031,1,1300.34,400,1,0,0
D070,R031,0,1175.05,450,1,1,0
D071,R031,1,4.83,207,1,0,0
D072,R031,0,6.31,449,1,0,0
D073,R031,0,776.08,708,1,1,0
D074,R031,0,1148.96,603,1,1,0
D075,R031,0,6.38,321,1,0,0
D076,R031,0,771.97,369,1,1,0
D077,R031,0,1171.45,341,1,1,0
D078,R031,0,1752.75,316,1,1,0
D079,R031,0,3.77,485,1,1,0
D080,R031,0,4.09,362,1,1,0
D081,R031,1,1253.01,330,1,1,1
D082,R031,0,776.35,694,1,0,0
D083,R031,0,1251.52,98,1,1,0
D084,R031,1,781.7,561,1,1,1
D085,R031,0,1305.92,427,1,0,0
D086,R031,0,1302.83,188,1,1,0
D087,R031,0,1745.7,343,1,0,0
D088,R031,0,4.38,662,1,0,0
D089,R031,1,5.29,575,1,1,1
D090,R031,0,1755.06,496,1,1,0
D091,R031,0,775.07,392,1,0,0
D092,R031,0,1305.35,407,1,0,0
D093,R031,0,1176.14,155,1,1,0
D094,R031,0,1253.02,493,1,0,0
D095,R031,1,1751.84,629,1,1,1
D096,R031,0,1306.35,376,1,0,0
D097,R031,0,1262.27,489,1,1,0
D098,R031,0,3.17,143,1,1,0
D099,R031,1,1174.37,558,1,1,1
D100,R031,0,1306.05,182,1,0,0
D101,R031,0,1177.86,506,1,0,0
D102,R031,0,1145.09,692,1,1,0
D103,R031,1,1261.33,232,1,1,1
D104,R031,0,1150.0,237,1,1,0
D105,R031,1,1151.41,214,1,1,1
D106,R031,0,778.35,353,1,1,0
D107,R031,0,1147.91,252,1,1,0
D108,R031,0,773.91,509,1,1,0
D109,R031,0,4.65,455,1,1,0
D110,R031,1,2.96,377,1,0,0
D111,R031,0,1253.13,376,1,1,0
D112,R031,0,1742.66,599,1,0,0
D113,R031,0,1252.37,303,1,0,0
D114,R031,1,1305.06,511,1,0,0
D115,R031,0,1302.49,440,1,1,0
D116,R031,1,1146.88,287,1,0,0
D117,R031,0,1251.56,161,1,0,0
D118,R031,0,1252.81,141,1,1,0
D119,R031,0,1737.13,489,1,1,0
D120,R031,0,778.6,421,1,1,0
D121,R031,0,1176.89,456,1,0,0
D122,R031,0,1301.43,406,1,0,0
D123,R031,0,3.09,97,1,0,0
D124,R031,1,1754.32,352,1,1,1
D125,R031,1,1752.46,569,1,1,1
D126,R031,0,1304.28,362,1,1,0
D127,R031,1,1177.77,118,1,0,0
D128,R031,1,1174.62,720,1,1,1
D129,R031,1,1170.64,467,1,0,0
D130,R031,0,1302.39,279,1,0,0
D131,R031,0,1307.26,387,1,1,0
D132,R031,0,1149.43,265,1,1,0
D133,R031,0,1737.51,550,1,1,0
D134,R031,0,1171.87,715,1,1,0
D135,R031,0,4.22,414,1,0,0
D136,R031,0,1299.91,654,1,1,0
D137,R031,0,1252.69,714,1,0,0
D138,R031,1,1301.6,485,1,1,1
D139,R031,0,1742.54,635,1,1,0
D140,R031,1,1741.16,223,1,0,0
D141,R031,1,1259.49,528,1,0,0
D142,R031,1,1739.81,501,1,0,0
D143,R031,0,1305.04,576,1,1,0
D144,R031,0,1303.24,207,1,0,0
D145,R031,1,1175.4,395,1,0,0
D146,R031,1,1260.67,399,1,1,1
D147,R031,1,1172.28,652,1,0,0
D148,R031,0,1755.26,172,1,1,0
D149,R031,1,780.42,634,1,1,1
D150,R031,0,777.53,312,1,1,0
D151,R031,1,1309.9,340,1,0,0
D152,R031,0,1170.13,512,1,1,0
D153,R031,0,777.28,603,1,1,0
D154,R031,0,1745.79,547,1,0,0
D155,R031,0,1737.95,240,1,0,0
D156,R031,0,1751.15,169,1,0,0
D157,R031,1,1259.32,226,1,1,1
D158,R031,0,1298.66,475,1,0,0
D159,R031,0,1261.16,333,1,0,0
D160,R031,0,1304.29,574,1,0,0
D161,R031,0,1304.19,680,1,1,0
D162,R031,0,772.52,637,1,0,0
D163,R031,0,1739.95,116,1,1,0
D164,R031,1,1175.82,652,1,0,0
D165,R031,1,1177.0,198,1,1,1
D166,R031,0,1174.24,242,1,0,0
D167,R031,0,1173.07,604,1,0,0
D168,R031,0,1743.61,76,1,1,0
D169,R031,0,1155.06,117,1,0,0
D170,R031,0,1309.36,593,1,1,0
D171,R031,1,1306.03,718,1,1,1
D172,R031,0,1254.14,534,1,0,0
D173,R031,0,1168.88,255,1,1,0
D174,R031,0,1171.89,370,1,0,0
D175,R031,0,1759.37,389,1,1,0
D176,R031,1,1173.97,387,1,0,0
D177,R031,1,1258.01,448,1,0,0
D178,R031,1,1740.88,233,1,1,1
D179,R031,0,777.19,705,1,1,0
D180,R031,1,6.5,481,1,1,1
D181,R031,0,1302.12,306,1,1,0
D182,R031,0,1300.24,142,1,1,0
D183,R031,0,1761.01,399,1,0,0
D184,R031,1,1143.42,347,1,0,0
D185,R031,1,1760.95,640,1,0,0
D186,R031,0,1172.04,137,1,1,0
D187,R031,0,1169.56,250,1,0,0
D188,R031,0,1178.12,458,1,0,0
D189,R031,0,1151.64,584,1,0,0
D190,R031,0,1761.38,632,1,0,0
D191,R031,1,1739.96,491,1,1,1
D192,R031,1,1148.84,465,1,1,1
D193,R031,0,1171.31,265,1,0,0
D194,R031,0,6.02,462,1,0,0
D195,R031,1,1739.82,130,1,0,0
D196,R031,1,1173.27,550,1,1,1
D197,R031,0,1172.72,423,1,0,0
D198,R031,1,1756.36,582,1,1,1
D199,R031,0,1741.42,147,1,0,0
D200,R031,0,3.23,128,1,1,0
D001,R032,0,10.82,298,3,1,0
D002,R032,0,1038.47,492,3,1,0
D003,R032,0,1141.49,609,3,0,0
D004,R032,0,124.54,356,3,0,0
D005,R032,0,846.07,723,3,0,0
D006,R032,1,1142.71,294,3,0,0
D007,R032,1,619.83,529,3,0,0
D008,R032,1,1141.02,581,3,1,1
D009,R032,1,1031.69,317,3,0,0
D010,R032,0,1032.7,63,3,0,0
D011,R032,0,1657.72,603,3,0,0
D012,R032,0,619.97,140,3,1,0
D013,R032,1,437.69,276,3,0,0
D014,R032,0,847.58,81,3,1,0
D015,R032,0,846.22,557,3,1,0
D016,R032,0,1147.13,422,3,1,0
D017,R032,0,438.89,519,3,1,0
D018,R032,0,1140.12,75,3,0,0
D019,R032,0,853.06,525,3,1,0
D020,R032,0,430.84,603,3,1,0
D021,R032,0,4.02,657,3,0,0
D022,R032,0,619.3,134,3,1,0
D023,R032,1,10.41,616,3,1,1
D024,R032,0,1036.37,219,3,1,0
D025,R032,0,846.3,105,3,0,0
D026,R032,0,1143.83,212,3,1,0
D027,R032,0,620.0,165,3,1,0
D028,R032,1,123.17,400,3,1,1
D029,R032,0,125.18,287,3,0,0
D030,R032,1,432.62,345,3,1,1
D031,R032,0,125.71,99,3,0,0
D032,R032,1,127.17,592,3,0,0
D033,R032,0,848.65,394,3,0,0
D034,R032,1,1651.11,371,3,0,0
D035,R032,0,122.96,708,3,1,0
D036,R032,0,3.94,134,3,1,0
D037,R032,0,847.43,590,3,1,0
D038,R032,0,843.97,576,3,0,0
D039,R032,0,438.74,139,3,1,0
D040,R032,0,851.06,615,3,1,0
D041,R032,1,1038.67,459,3,0,0
D042,R032,0,125.56,474,3,0,0
D043,R032,0,438.84,532,3,1,0
D044,R032,1,1650.95,612,3,1,1
D045,R032,0,620.51,304,3,1,0
D046,R032,0,5.18,86,3,0,0
D047,R032,0,126.23,183,3,1,0
D048,R032,1,1037.7,710,3,0,0
D049,R032,1,436.85,334,3,0,0
D050,R032,1,844.54,246,3,1,1
D051,R032,0,621.15,560,3,1,0
D052,R032,1,849.35,655,3,1,1
D053,R032,0,626.56,182,3,1,0
D054,R032,0,1141.15,429,3,1,0
D055,R032,1,1032.6,351,3,1,1
D056,R032,0,432.42,114,3,0,0
D057,R032,1,1650.73,662,3,0,0
D058,R032,1,1649.81,237,3,1,1
D059,R032,0,1138.1,330,3,1,0
D060,R032,0,851.09,642,3,0,0
D061,R032,1,430.21,502,3,1,1
D062,R032,0,1650.42,239,3,0,0
D063,R032,0,439.37,167,3,0,0
D064,R032,0,624.1,178,3,0,0
D065,R032,0,124.47,570,3,0,0
D066,R032,0,1039.74,305,3,1,0
D067,R032,0,1654.74,358,3,1,0
D068,R032,0,1653.76,484,3,1,0
D069,R032,0,1652.58,400,3,0,0
D070,R032,1,122.41,450,3,1,1
D071,R032,0,1141.51,207,3,0,0
D072,R032,0,1140.13,449,3,0,0
D073,R032,0,439.0,708,3,1,0
D074,R032,0,6.69,603,3,1,0
D075,R032,0,1138.35,321,3,0,0
D076,R032,0,438.83,369,3,1,0
D077,R032,0,118.09,341,3,1,0
D078,R032,1,1036.15,316,3,1,1
D079,R032,0,1146.24,485,3,1,0
D080,R032,1,1147.75,362,3,1,1
D081,R032,1,622.42,330,3,1,1
D082,R032,0,432.87,694,3,0,0
D083,R032,0,619.54,98,3,1,0
D084,R032,0,430.46,561,3,1,0
D085,R032,0,1651.86,427,3,0,0
D086,R032,0,1649.67,188,3,1,0
D087,R032,0,855.71,343,3,0,0
D088,R032,0,1148.48,662,3,0,0
D089,R032,1,1139.51,575,3,1,1
D090,R032,0,1038.83,496,3,1,0
D091,R032,1,436.9,392,3,0,0
D092,R032,1,1655.08,407,3,0,0
D093,R032,1,120.68,155,3,1,1
D094,R032,0,623.28,493,3,0,0
D095,R032,0,1034.55,629,3,1,0
D096,R032,0,1657.36,376,3,0,0
D097,R032,0,629.33,489,3,1,0
D098,R032,0,1142.9,143,3,1,0
D099,R032,0,123.28,558,3,1,0
D100,R032,0,1652.14,182,3,0,0
D101,R032,0,124.67,506,3,0,0
D102,R032,0,2.14,692,3,1,0
D103,R032,1,628.78,232,3,1,1
D104,R032,0,5.63,237,3,1,0
D105,R032,1,9.74,214,3,1,1
D106,R032,0,434.02,353,3,1,0
D107,R032,0,4.24,252,3,1,0
D108,R032,0,434.21,509,3,1,0
D109,R032,0,1143.61,455,3,1,0
D110,R032,0,1141.98,377,3,0,0
D111,R032,0,624.42,376,3,1,0
D112,R032,0,853.25,599,3,0,0
D113,R032,1,623.67,303,3,0,0
D114,R032,0,1657.49,511,3,0,0
D115,R032,1,1654.71,440,3,1,1
D116,R032,0,3.23,287,3,0,0
D117,R032,0,621.43,161,3,0,0
D118,R032,1,619.14,141,3,1,1
D119,R032,0,847.43,489,3,1,0
D120,R032,0,429.42,421,3,1,0
D121,R032,0,127.1,456,3,0,0
D122,R032,0,1653.17,406,3,0,0
D123,R032,0,1147.44,97,3,0,0
D124,R032,1,1038.17,352,3,1,1
D125,R032,1,1033.11,569,3,1,1
D126,R032,0,1657.02,362,3,1,0
D127,R032,1,125.28,118,3,0,0
D128,R032,0,127.2,720,3,1,0
D129,R032,0,116.86,467,3,0,0
D130,R032,0,1649.7,279,3,0,0
D131,R032,1,1659.54,387,3,1,1
D132,R032,1,5.07,265,3,1,1
D133,R032,0,844.52,550,3,1,0
D134,R032,0,117.98,715,3,1,0
D135,R032,0,1144.28,414,3,0,0
D136,R032,0,1652.3,654,3,1,0
D137,R032,0,623.24,714,3,0,0
D138,R032,0,1652.4,485,3,1,0
D139,R032,0,849.33,635,3,1,0
D140,R032,1,848.97,223,3,0,0
D141,R032,0,621.54,528,3,0,0
D142,R032,1,846.53,501,3,0,0
D143,R032,1,1657.24,576,3,1,1
D144,R032,0,1656.02,207,3,0,0
D145,R032,0,119.71,395,3,0,0
D146,R032,1,629.97,399,3,1,1
D147,R032,1,125.84,652,3,0,0
D148,R032,0,1033.87,172,3,1,0
D149,R032,0,432.71,634,3,1,0
D150,R032,0,434.93,312,3,1,0
D151,R032,1,1658.33,340,3,0,0
D152,R032,0,120.41,512,3,1,0
D153,R032,0,431.1,603,3,1,0
D154,R032,0,853.63,547,3,0,0
D155,R032,0,846.48,240,3,0,0
D156,R032,0,1032.68,169,3,0,0
D157,R032,1,629.51,226,3,1,1
D158,R032,0,1649.65,475,3,0,0
D159,R032,0,627.03,333,3,0,0
D160,R032,0,1655.01,574,3,0,0
D161,R032,1,1655.9,680,3,1,1
D162,R032,0,437.15,637,3,0,0
D163,R032,1,847.27,116,3,1,1
D164,R032,1,120.09,652,3,0,0
D165,R032,0,120.86,198,3,1,0
D166,R032,0,127.93,242,3,0,0
D167,R032,0,125.55,604,3,0,0
D168,R032,0,851.44,76,3,1,0
D169,R032,0,10.68,117,3,0,0
D170,R032,0,1657.78,593,3,1,0
D171,R032,1,1654.23,718,3,1,1
D172,R032,0,622.2,534,3,0,0
D173,R032,0,121.46,255,3,1,0
D174,R032,1,123.58,370,3,0,0
D175,R032,0,1036.77,389,3,1,0
D176,R032,0,125.22,387,3,0,0
D177,R032,1,619.95,448,3,0,0
D178,R032,1,851.12,233,3,1,1
D179,R032,0,430.73,705,3,1,0
D180,R032,1,1138.38,481,3,1,1
D181,R032,0,1652.03,306,3,1,0
D182,R032,0,1652.41,142,3,1,0
D183,R032,0,1039.17,399,3,0,0
D184,R032,1,5.32,347,3,0,0
D185,R032,0,1042.36,640,3,0,0
D186,R032,0,123.0,137,3,1,0
D187,R032,1,119.37,250,3,0,0
D188,R032,1,127.31,458,3,0,0
D189,R032,0,11.37,584,3,0,0
D190,R032,0,1040.62,632,3,0,0
D191,R032,0,847.4,491,3,1,0
D192,R032,0,8.87,465,3,1,0
D193,R032,1,120.37,265,3,0,0
D194,R032,1,1149.92,462,3,0,0
D195,R032,0,849.59,130,3,0,0
D196,R032,1,119.47,550,3,1,1
D197,R032,0,126.03,423,3,0,0
D198,R032,0,1037.88,582,3,1,0
D199,R032,0,849.94,147,3,0,0
D200,R032,0,1141.2,128,3,1,0
D001,R033,1,8.06,298,9,1,1
D002,R033,0,1039.28,492,9,1,0
D003,R033,1,1145.41,609,9,0,0
D004,R033,0,125.71,356,9,0,0
D005,R033,0,845.84,723,9,0,0
D006,R033,1,1146.61,294,9,0,0
D007,R033,1,622.2,529,9,0,0
D008,R033,1,1144.93,581,9,1,1
D009,R033,1,1032.49,317,9,0,0
D010,R033,0,1033.5,63,9,0,0
D011,R033,0,1661.75,603,9,0,0
D012,R033,0,622.34,140,9,1,0
D013,R033,1,440.36,276,9,0,0
D014,R033,0,847.34,81,9,1,0
D015,R033,1,845.96,557,9,1,1
D016,R033,0,1151.04,422,9,1,0
D017,R033,0,441.49,519,9,1,0
D018,R033,0,1144.03,75,9,0,0
D019,R033,0,852.8,525,9,1,0
D020,R033,0,433.45,603,9,1,0
D021,R033,0,1.39,657,9,0,0
D022,R033,1,621.7,134,9,1,1
D023,R033,1,7.4,616,9,1,1
D024,R033,0,1037.18,219,9,1,0
D025,R033,0,846.05,105,9,0,0
D026,R033,0,1147.73,212,9,1,0
D027,R033,1,622.37,165,9,1,1
D028,R033,1,124.72,400,9,1,1
D029,R033,1,126.7,287,9,0,0
D030,R033,1,435.27,345,9,1,1
D031,R033,0,127.18,99,9,0,0
D032,R033,1,128.53,592,9,0,0
D033,R033,1,848.38,394,9,0,0
D034,R033,1,1655.14,371,9,0,0
D035,R033,0,124.42,708,9,1,0
D036,R033,0,6.89,134,9,1,0
D037,R033,1,847.19,590,9,1,1
D038,R033,1,843.73,576,9,0,0
D039,R033,1,441.4,139,9,1,1
D040,R033,0,850.8,615,9,1,0
D041,R033,1,1039.45,459,9,0,0
D042,R033,1,126.96,474,9,0,0
D043,R033,0,441.51,532,9,1,0
D044,R033,1,1654.98,612,9,1,1
D045,R033,0,622.86,304,9,1,0
D046,R033,0,2.22,86,9,0,0
D047,R033,1,127.59,183,9,1,1
D048,R033,1,1038.49,710,9,0,0
D049,R033,1,439.48,334,9,0,0
D050,R033,1,844.28,246,9,1,1
D051,R033,0,623.55,560,9,1,0
D052,R033,1,849.12,655,9,1,1
D053,R033,0,628.94,182,9,1,0
D054,R033,0,1145.07,429,9,1,0
D055,R033,1,1033.39,351,9,1,1
D056,R033,1,435.09,114,9,0,0
D057,R033,1,1654.75,662,9,0,0
D058,R033,1,1653.84,237,9,1,1
D059,R033,1,1142.01,330,9,1,1
D060,R033,0,850.85,642,9,0,0
D061,R033,1,432.85,502,9,1,1
D062,R033,1,1654.43,239,9,0,0
D063,R033,1,441.98,167,9,0,0
D064,R033,1,626.47,178,9,0,0
D065,R033,0,126.0,570,9,0,0
D066,R033,0,1040.53,305,9,1,0
D067,R033,0,1658.77,358,9,1,0
D068,R033,0,1657.79,484,9,1,0
D069,R033,0,1656.6,400,9,0,0
D070,R033,1,123.71,450,9,1,1
D071,R033,0,1145.41,207,9,0,0
D072,R033,1,1144.05,449,9,0,0
D073,R033,0,441.6,708,9,1,0
D074,R033,1,6.99,603,9,1,1
D075,R033,0,1142.26,321,9,0,0
D076,R033,1,441.48,369,9,1,1
D077,R033,0,119.48,341,9,1,0
D078,R033,1,1036.97,316,9,1,1
D079,R033,0,1150.16,485,9,1,0
D080,R033,1,1151.66,362,9,1,1
D081,R033,1,624.81,330,9,1,1
D082,R033,0,435.53,694,9,0,0
D083,R033,1,621.94,98,9,1,1
D084,R033,0,433.06,561,9,1,0
D085,R033,1,1655.88,427,9,0,0
D086,R033,0,1653.69,188,9,1,0
D087,R033,0,855.46,343,9,0,0
D088,R033,0,1152.39,662,9,0,0
D089,R033,1,1143.41,575,9,1,1
D090,R033,0,1039.65,496,9,1,0
D091,R033,1,439.53,392,9,0,0
D092,R033,1,1659.1,407,9,0,0
D093,R033,1,121.92,155,9,1,1
D094,R033,1,625.68,493,9,0,0
D095,R033,0,1035.37,629,9,1,0
D096,R033,1,1661.39,376,9,0,0
D097,R033,0,631.69,489,9,1,0
D098,R033,0,1146.82,143,9,1,0
D099,R033,0,124.61,558,9,1,0
D100,R033,0,1656.15,182,9,0,0
D101,R033,0,125.89,506,9,0,0
D102,R033,1,5.18,692,9,1,1
D103,R033,1,631.14,232,9,1,1
D104,R033,0,2.42,237,9,1,0
D105,R033,1,9.36,214,9,1,1
D106,R033,1,436.63,353,9,1,1
D107,R033,1,4.44,252,9,1,1
D108,R033,0,436.88,509,9,1,0
D109,R033,1,1147.53,455,9,1,1
D110,R033,0,1145.9,377,9,0,0
D111,R033,1,626.82,376,9,1,1
D112,R033,0,853.02,599,9,0,0
D113,R033,1,626.07,303,9,0,0
D114,R033,0,1661.52,511,9,0,0
D115,R033,1,1658.74,440,9,1,1
D116,R033,0,4.35,287,9,0,0
D117,R033,1,623.84,161,9,0,0
D118,R033,1,621.53,141,9,1,1
D119,R033,0,847.2,489,9,1,0
D120,R033,0,432.08,421,9,1,0
D121,R033,1,128.39,456,9,0,0
D122,R033,1,1657.2,406,9,0,0
D123,R033,0,1151.35,97,9,0,0
D124,R033,1,1038.99,352,9,1,1
D125,R033,1,1033.92,569,9,1,1
D126,R033,1,1661.04,362,9,1,1
D127,R033,1,126.51,118,9,0,0
D128,R033,0,128.56,720,9,1,0
D129,R033,0,118.26,467,9,0,0
D130,R033,1,1653.72,279,9,0,0
D131,R033,1,1663.56,387,9,1,1
D132,R033,1,2.82,265,9,1,1
D133,R033,0,844.26,550,9,1,0
D134,R033,0,119.35,715,9,1,0
D135,R033,0,1148.2,414,9,0,0
D136,R033,0,1656.33,654,9,1,0
D137,R033,0,625.64,714,9,0,0
D138,R033,0,1656.43,485,9,1,0
D139,R033,1,849.06,635,9,1,1
D140,R033,1,848.71,223,9,0,0
D141,R033,0,623.89,528,9,0,0
D142,R033,1,846.27,501,9,0,0
D143,R033,1,1661.26,576,9,1,1
D144,R033,1,1660.05,207,9,0,0
D145,R033,0,120.98,395,9,0,0
D146,R033,1,632.34,399,9,1,1
D147,R033,1,127.28,652,9,0,0
D148,R033,0,1034.66,172,9,1,0
D149,R033,0,435.32,634,9,1,0
D150,R033,1,437.55,312,9,1,1
D151,R033,1,1662.35,340,9,0,0
D152,R033,1,121.87,512,9,1,1
D153,R033,0,433.76,603,9,1,0
D154,R033,0,853.37,547,9,0,0
D155,R033,0,846.24,240,9,0,0
D156,R033,0,1033.49,169,9,0,0
D157,R033,1,631.89,226,9,1,1
D158,R033,0,1653.68,475,9,0,0
D159,R033,0,629.38,333,9,0,0
D160,R033,1,1659.04,574,9,0,0
D161,R033,1,1659.92,680,9,1,1
D162,R033,1,439.81,637,9,0,0
D163,R033,1,847.01,116,9,1,1
D164,R033,1,121.34,652,9,0,0
D165,R033,0,122.07,198,9,1,0
D166,R033,0,129.31,242,9,0,0
D167,R033,1,126.96,604,9,0,0
D168,R033,0,851.19,76,9,1,0
D169,R033,1,7.04,117,9,0,0
D170,R033,0,1661.8,593,9,1,0
D171,R033,1,1658.25,718,9,1,1
D172,R033,0,624.59,534,9,0,0
D173,R033,1,122.98,255,9,1,1
D174,R033,1,125.0,370,9,0,0
D175,R033,0,1037.55,389,9,1,0
D176,R033,0,126.59,387,9,0,0
D177,R033,1,622.31,448,9,0,0
D178,R033,1,850.89,233,9,1,1
D179,R033,0,433.39,705,9,1,0
D180,R033,1,1142.29,481,9,1,1
D181,R033,0,1656.06,306,9,1,0
D182,R033,0,1656.44,142,9,1,0
D183,R033,0,1039.95,399,9,0,0
D184,R033,1,8.77,347,9,0,0
D185,R033,0,1043.16,640,9,0,0
D186,R033,1,124.42,137,9,1,1
D187,R033,1,120.84,250,9,0,0
D188,R033,1,128.55,458,9,0,0
D189,R033,0,11.34,584,9,0,0
D190,R033,1,1041.41,632,9,0,0
D191,R033,0,847.14,491,9,1,0
D192,R033,0,9.75,465,9,1,0
D193,R033,1,121.78,265,9,0,0
D194,R033,1,1153.84,462,9,0,0
D195,R033,0,849.36,130,9,0,0
D196,R033,1,120.8,550,9,1,1
D197,R033,0,127.44,423,9,0,0
D198,R033,0,1038.68,582,9,1,0
D199,R033,0,849.69,147,9,0,0
D200,R033,1,1145.11,128,9,1,1
D001,R034,0,120.59,298,3,1,0
D002,R034,0,915.59,492,3,1,0
D003,R034,0,1167.09,609,3,0,0
D004,R034,1,9.12,356,3,0,0
D005,R034,0,732.16,723,3,0,0
D006,R034,1,1168.94,294,3,0,0
D007,R034,1,499.76,529,3,0,0
D008,R034,1,1166.82,581,3,1,1
D009,R034,1,908.83,317,3,0,0
D010,R034,0,909.89,63,3,0,0
D011,R034,1,1575.74,603,3,0,0
D012,R034,1,499.96,140,3,1,1
D013,R034,1,517.98,276,3,0,0
D014,R034,1,733.71,81,3,1,1
D015,R034,0,732.64,557,3,1,0
D016,R034,1,1172.83,422,3,1,1
D017,R034,0,521.0,519,3,1,0
D018,R034,0,1166.24,75,3,0,0
D019,R034,1,739.36,525,3,1,1
D020,R034,0,512.74,603,3,1,0
D021,R034,1,126.8,657,3,0,0
D022,R034,0,499.59,134,3,1,0
D023,R034,1,121.41,616,3,1,1
D024,R034,0,913.49,219,3,1,0
D025,R034,0,732.54,105,3,0,0
D026,R034,0,1170.08,212,3,1,0
D027,R034,0,500.05,165,3,1,0
D028,R034,1,2.23,400,3,1,1
D029,R034,0,1.21,287,3,0,0
D030,R034,1,513.39,345,3,1,1
D031,R034,0,1.42,99,3,0,0
D032,R034,1,4.77,592,3,0,0
D033,R034,0,735.11,394,3,0,0
D034,R034,1,1568.93,371,3,0,0
D035,R034,1,1.55,708,3,1,1
D036,R034,0,120.41,134,3,1,0
D037,R034,0,733.58,590,3,1,0
D038,R034,0,730.19,576,3,0,0
D039,R034,0,519.47,139,3,1,0
D040,R034,1,737.42,615,3,1,1
D041,R034,1,915.88,459,3,0,0
D042,R034,0,2.62,474,3,0,0
D043,R034,0,519.08,532,3,1,0
D044,R034,1,1568.66,612,3,1,1
D045,R034,1,500.33,304,3,1,1
D046,R034,0,123.87,86,3,0,0
D047,R034,0,4.21,183,3,1,0
D048,R034,1,914.89,710,3,0,0
D049,R034,1,518.27,334,3,0,0
D050,R034,1,730.81,246,3,1,1
D051,R034,0,501.38,560,3,1,0
D052,R034,1,735.35,655,3,1,1
D053,R034,0,506.63,182,3,1,0
D054,R034,0,1166.76,429,3,1,0
D055,R034,1,909.77,351,3,1,1
D056,R034,0,512.91,114,3,0,0
D057,R034,1,1568.25,662,3,0,0
D058,R034,1,1567.66,237,3,1,1
D059,R034,0,1163.91,330,3,1,0
D060,R034,0,737.26,642,3,0,0
D061,R034,1,511.33,502,3,1,1
D062,R034,0,1567.9,239,3,0,0
D063,R034,0,521.21,167,3,0,0
D064,R034,0,504.11,178,3,0,0
D065,R034,0,1.27,570,3,0,0
D066,R034,0,916.94,305,3,1,0
D067,R034,1,1572.52,358,3,1,1
D068,R034,1,1571.46,484,3,1,1
D069,R034,1,1570.56,400,3,0,0
D070,R034,1,5.76,450,3,1,1
D071,R034,1,1167.92,207,3,0,0
D072,R034,0,1165.66,449,3,0,0
D073,R034,1,521.15,708,3,1,1
D074,R034,0,118.85,603,3,1,0
D075,R034,1,1164.59,321,3,0,0
D076,R034,0,519.69,369,3,1,0
D077,R034,0,6.87,341,3,1,0
D078,R034,1,913.21,316,3,1,1
D079,R034,0,1171.88,485,3,1,0
D080,R034,1,1173.48,362,3,1,1
D081,R034,1,502.67,330,3,1,1
D082,R034,0,513.79,694,3,0,0
D083,R034,0,499.82,98,3,1,0
D084,R034,1,512.5,561,3,1,1
D085,R034,0,1569.33,427,3,0,0
D086,R034,0,1567.27,188,3,1,0
D087,R034,0,741.89,343,3,0,0
D088,R034,1,1174.62,662,3,0,0
D089,R034,1,1165.75,575,3,1,1
D090,R034,0,915.89,496,3,1,0
D091,R034,1,518.3,392,3,0,0
D092,R034,1,1572.79,407,3,0,0
D093,R034,1,8.0,155,3,1,1
D094,R034,0,503.55,493,3,0,0
D095,R034,1,911.61,629,3,1,1
D096,R034,0,1575.12,376,3,0,0
D097,R034,0,509.17,489,3,1,0
D098,R034,0,1168.61,143,3,1,0
D099,R034,1,4.58,558,3,1,1
D100,R034,1,1569.61,182,3,0,0
D101,R034,0,7.72,506,3,0,0
D102,R034,0,122.24,692,3,1,0
D103,R034,1,508.66,232,3,1,1
D104,R034,1,123.92,237,3,1,1
D105,R034,1,116.7,214,3,1,1
D106,R034,0,515.8,353,3,1,0
D107,R034,0,121.49,252,3,1,0
D108,R034,0,514.65,509,3,1,0
D109,R034,0,1169.12,455,3,1,0
D110,R034,1,1167.81,377,3,0,0
D111,R034,0,504.71,376,3,1,0
D112,R034,0,739.33,599,3,0,0
D113,R034,1,504.0,303,3,0,0
D114,R034,1,1575.36,511,3,0,0
D115,R034,1,1572.63,440,3,1,1
D116,R034,1,121.94,287,3,0,0
D117,R034,0,501.76,161,3,0,0
D118,R034,1,499.33,141,3,1,1
D119,R034,0,733.43,489,3,1,0
D120,R034,1,510.27,421,3,1,1
D121,R034,0,6.58,456,3,0,0
D122,R034,0,1571.1,406,3,0,0
D123,R034,1,1173.37,97,3,0,0
D124,R034,1,915.23,352,3,1,1
D125,R034,1,910.23,569,3,1,1
D126,R034,0,1574.93,362,3,1,0
D127,R034,1,7.5,118,3,0,0
D128,R034,1,4.59,720,3,1,1
D129,R034,1,7.85,467,3,0,0
D130,R034,0,1567.34,279,3,0,0
D131,R034,1,1577.35,387,3,1,1
D132,R034,1,123.13,265,3,1,1
D133,R034,1,730.84,550,3,1,1
D134,R034,0,7.18,715,3,1,0
D135,R034,1,1169.83,414,3,0,0
D136,R034,0,1570.3,654,3,1,0
D137,R034,0,503.54,714,3,0,0
D138,R034,1,1570.27,485,3,1,1
D139,R034,0,735.76,635,3,1,0
D140,R034,1,735.28,223,3,0,0
D141,R034,1,501.36,528,3,0,0
D142,R034,1,732.92,501,3,0,0
D143,R034,1,1575.1,576,3,1,1
D144,R034,0,1573.96,207,3,0,0
D145,R034,1,8.06,395,3,0,0
D146,R034,1,509.92,399,3,1,1
D147,R034,1,2.16,652,3,0,0
D148,R034,1,911.06,172,3,1,1
D149,R034,1,514.85,634,3,1,1
D150,R034,0,516.66,312,3,1,0
D151,R034,1,1575.85,340,3,0,0
D152,R034,0,4.02,512,3,1,0
D153,R034,0,511.92,603,3,1,0
D154,R034,0,740.02,547,3,0,0
D155,R034,1,732.67,240,3,0,0
D156,R034,0,909.77,169,3,0,0
D157,R034,1,509.54,226,3,1,1
D158,R034,1,1567.61,475,3,0,0
D159,R034,1,506.88,333,3,0,0
D160,R034,0,1572.81,574,3,0,0
D161,R034,1,1573.75,680,3,1,1
D162,R034,0,517.82,637,3,0,0
D163,R034,1,733.6,116,3,1,1
D164,R034,1,8.13,652,3,0,0
D165,R034,1,8.69,198,3,1,1
D166,R034,0,4.67,242,3,0,0
D167,R034,0,2.73,604,3,0,0
D168,R034,0,737.8,76,3,1,0
D169,R034,0,123.24,117,3,0,0
D170,R034,0,1575.31,593,3,1,0
D171,R034,1,1571.83,718,3,1,1
D172,R034,1,502.38,534,3,0,0
D173,R034,0,2.99,255,3,1,0
D174,R034,1,1.93,370,3,0,0
D175,R034,1,914.02,389,3,1,1
D176,R034,1,3.59,387,3,0,0
D177,R034,1,499.82,448,3,0,0
D178,R034,1,737.2,233,3,1,1
D179,R034,0,511.43,705,3,1,0
D180,R034,1,1164.14,481,3,1,1
D181,R034,1,1569.83,306,3,1,1
D182,R034,1,1570.39,142,3,1,1
D183,R034,1,916.41,399,3,0,0
D184,R034,1,119.35,347,3,0,0
D185,R034,1,919.52,640,3,0,0
D186,R034,0,2.48,137,3,1,0
D187,R034,1,5.0,250,3,0,0
D188,R034,1,7.78,458,3,0,0
D189,R034,0,114.67,584,3,0,0
D190,R034,0,917.84,632,3,0,0
D191,R034,1,733.72,491,3,1,1
D192,R034,1,116.1,465,3,1,1
D193,R034,1,4.48,265,3,0,0
D194,R034,1,1175.64,462,3,0,0
D195,R034,1,735.7,130,3,0,0
D196,R034,1,6.57,550,3,1,1
D197,R034,0,2.59,423,3,0,0
D198,R034,1,915.0,582,3,1,1
D199,R034,0,736.18,147,3,0,0
D200,R034,0,1167.26,128,3,1,0
D001,R035,0,1154.13,298,8,1,0
D002,R035,0,1754.46,492,8,1,0
D003,R035,0,2.53,609,8,0,0
D004,R035,0,1178.13,356,8,0,0
D005,R035,0,1734.98,723,8,0,0
D006,R035,1,4.78,294,8,0,0
D007,R035,1,1255.15,529,8,0,0
D008,R035,1,2.66,581,8,1,1
D009,R035,1,1750.13,317,8,0,0
D010,R035,0,1752.04,63,8,0,0
D011,R035,0,1300.98,603,8,0,0
D012,R035,0,1254.22,140,8,1,0
D013,R035,1,770.8,276,8,0,0
D014,R035,0,1736.7,81,8,1,0
D015,R035,0,1738.0,557,8,1,0
D016,R035,0,3.52,422,8,1,0
D017,R035,0,775.94,519,8,1,0
D018,R035,0,4.95,75,8,0,0
D019,R035,0,1742.79,525,8,1,0
D020,R035,0,780.85,603,8,1,0
D021,R035,0,1146.42,657,8,0,0
D022,R035,0,1249.38,134,8,1,0
D023,R035,1,1153.88,616,8,1,1
D024,R035,0,1752.99,219,8,1,0
D025,R035,0,1736.6,105,8,0,0
D026,R035,0,5.0,212,8,1,0
D027,R035,0,1253.22,165,8,1,0
D028,R035,1,1167.22,400,8,1,1
D029,R035,0,1168.72,287,8,0,0
D030,R035,1,775.95,345,8,1,1
D031,R035,0,1170.09,99,8,0,0
D032,R035,1,1173.82,592,8,0,0
D033,R035,0,1740.5,394,8,0,0
D034,R035,1,1298.63,371,8,0,0
D035,R035,0,1169.65,708,8,1,0
D036,R035,0,1144.08,134,8,1,0
D037,R035,0,1736.63,590,8,1,0
D038,R035,0,1734.36,576,8,0,0
D039,R035,0,771.48,139,8,1,0
D040,R035,0,1741.58,615,8,1,0
D041,R035,1,1757.79,459,8,0,0
D042,R035,0,1171.92,474,8,0,0
D043,R035,0,769.85,532,8,1,0
D044,R035,1,1299.88,612,8,1,1
D045,R035,0,1257.11,304,8,1,0
D046,R035,0,1148.8,86,8,0,0
D047,R035,0,1173.48,183,8,1,0
D048,R035,1,1756.27,710,8,0,0
D049,R035,1,775.04,334,8,0,0
D050,R035,1,1735.32,246,8,1,1
D051,R035,0,1251.04,560,8,1,0
D052,R035,1,1737.0,655,8,1,1
D053,R035,0,1255.58,182,8,1,0
D054,R035,0,2.77,429,8,1,0
D055,R035,1,1751.76,351,8,1,1
D056,R035,0,775.17,114,8,0,0
D057,R035,1,1301.99,662,8,0,0
D058,R035,1,1297.42,237,8,1,1
D059,R035,0,5.54,330,8,1,0
D060,R035,0,1739.93,642,8,0,0
D061,R035,1,778.78,502,8,1,1
D062,R035,0,1302.19,239,8,0,0
D063,R035,0,774.7,167,8,0,0
D064,R035,0,1255.47,178,8,0,0
D065,R035,0,1168.16,570,8,0,0
D066,R035,0,1758.07,305,8,1,0
D067,R035,0,1301.75,358,8,1,0
D068,R035,0,1301.97,484,8,1,0
D069,R035,0,1297.79,400,8,0,0
D070,R035,1,1174.03,450,8,1,1
D071,R035,0,6.72,207,8,0,0
D072,R035,0,4.1,449,8,0,0
D073,R035,0,775.97,708,8,1,0
D074,R035,0,1148.18,603,8,1,0
D075,R035,0,6.96,321,8,0,0
D076,R035,0,771.84,369,8,1,0
D077,R035,0,1170.43,341,8,1,0
D078,R035,1,1750.69,316,8,1,1
D079,R035,0,2.74,485,8,1,0
D080,R035,1,4.14,362,8,1,1
D081,R035,1,1251.1,330,8,1,1
D082,R035,0,776.21,694,8,0,0
D083,R035,0,1249.61,98,8,1,0
D084,R035,0,781.57,561,8,1,0
D085,R035,0,1303.36,427,8,0,0
D086,R035,0,1300.27,188,8,1,0
D087,R035,0,1743.94,343,8,0,0
D088,R035,0,6.34,662,8,0,0
D089,R035,1,6.13,575,8,1,1
D090,R035,0,1753.0,496,8,1,0
D091,R035,1,774.94,392,8,0,0
D092,R035,1,1302.79,407,8,0,0
D093,R035,1,1175.13,155,8,1,1
D094,R035,0,1251.11,493,8,0,0
D095,R035,0,1749.79,629,8,1,0
D096,R035,0,1303.79,376,8,0,0
D097,R035,0,1260.35,489,8,1,0
D098,R035,0,0.78,143,8,1,0
D099,R035,0,1173.35,558,8,1,0
D100,R035,0,1303.5,182,8,0,0
D101,R035,0,1176.84,506,8,0,0
D102,R035,0,1144.32,692,8,1,0
D103,R035,1,1259.42,232,8,1,1
D104,R035,0,1149.23,237,8,1,0
D105,R035,1,1150.62,214,8,1,1
D106,R035,0,778.22,353,8,1,0
D107,R035,0,1147.14,252,8,1,0
D108,R035,0,773.76,509,8,1,0
D109,R035,0,2.09,455,8,1,0
D110,R035,0,1.81,377,8,0,0
D111,R035,0,1251.21,376,8,1,0
D112,R035,0,1740.91,599,8,0,0
D113,R035,1,1250.46,303,8,0,0
D114,R035,0,1302.51,511,8,0,0
D115,R035,1,1299.94,440,8,1,1
D116,R035,0,1146.11,287,8,0,0
D117,R035,0,1249.64,161,8,0,0
D118,R035,1,1250.9,141,8,1,1
D119,R035,0,1735.37,489,8,1,0
D120,R035,0,778.45,421,8,1,0
D121,R035,0,1175.86,456,8,0,0
D122,R035,0,1298.87,406,8,0,0
D123,R035,0,4.36,97,8,0,0
D124,R035,1,1752.26,352,8,1,1
D125,R035,1,1750.41,569,8,1,1
D126,R035,0,1301.72,362,8,1,0
D127,R035,1,1176.74,118,8,0,0
D128,R035,0,1173.59,720,8,1,0
D129,R035,0,1169.63,467,8,0,0
D130,R035,0,1299.83,279,8,0,0
D131,R035,1,1304.71,387,8,1,1
D132,R035,1,1148.66,265,8,1,1
D133,R035,0,1735.76,550,8,1,0
D134,R035,0,1170.85,715,8,1,0
D135,R035,0,1.84,414,8,0,0
D136,R035,0,1297.36,654,8,1,0
D137,R035,0,1250.77,714,8,0,0
D138,R035,0,1299.04,485,8,1,0
D139,R035,0,1740.79,635,8,1,0
D140,R035,1,1739.41,223,8,0,0
D141,R035,0,1257.58,528,8,0,0
D142,R035,1,1738.06,501,8,0,0
D143,R035,1,1302.49,576,8,1,1
D144,R035,0,1300.68,207,8,0,0
D145,R035,0,1174.38,395,8,0,0
D146,R035,1,1258.75,399,8,1,1
D147,R035,1,1171.25,652,8,0,0
D148,R035,0,1753.21,172,8,1,0
D149,R035,0,780.29,634,8,1,0
D150,R035,0,777.41,312,8,1,0
D151,R035,1,1307.35,340,8,0,0
D152,R035,0,1169.11,512,8,1,0
D153,R035,0,777.14,603,8,1,0
D154,R035,0,1744.04,547,8,0,0
D155,R035,0,1736.19,240,8,0,0
D156,R035,0,1749.09,169,8,0,0
D157,R035,1,1257.4,226,8,1,1
D158,R035,0,1296.1,475,8,0,0
D159,R035,0,1259.25,333,8,0,0
D160,R035,0,1301.73,574,8,0,0
D161,R035,1,1301.64,680,8,1,1
D162,R035,0,772.39,637,8,0,0
D163,R035,1,1738.2,116,8,1,1
D164,R035,1,1174.8,652,8,0,0
D165,R035,0,1175.98,198,8,1,0
D166,R035,0,1173.2,242,8,0,0
D167,R035,0,1172.04,604,8,0,0
D168,R035,0,1741.86,76,8,1,0
D169,R035,0,1154.3,117,8,0,0
D170,R035,0,1306.8,593,8,1,0
D171,R035,1,1303.47,718,8,1,1
D172,R035,0,1252.23,534,8,0,0
D173,R035,0,1167.86,255,8,1,0
D174,R035,1,1170.86,370,8,0,0
D175,R035,0,1757.32,389,8,1,0
D176,R035,0,1172.94,387,8,0,0
D177,R035,1,1256.1,448,8,0,0
D178,R035,1,1739.13,233,8,1,1
D179,R035,0,777.04,705,8,1,0
D180,R035,1,5.24,481,8,1,1
D181,R035,0,1299.56,306,8,1,0
D182,R035,0,1297.69,142,8,1,0
D183,R035,0,1758.96,399,8,0,0
D184,R035,1,1142.64,347,8,0,0
D185,R035,0,1758.89,640,8,0,0
D186,R035,0,1171.01,137,8,1,0
D187,R035,1,1168.54,250,8,0,0
D188,R035,1,1177.09,458,8,0,0
D189,R035,0,1150.85,584,8,0,0
D190,R035,0,1759.33,632,8,0,0
D191,R035,0,1738.21,491,8,1,0
D192,R035,0,1148.06,465,8,1,0
D193,R035,1,1170.29,265,8,0,0
D194,R035,1,6.31,462,8,0,0
D195,R035,0,1738.07,130,8,0,0
D196,R035,1,1172.26,550,8,1,1
D197,R035,0,1171.69,423,8,0,0
D198,R035,0,1754.31,582,8,1,0
D199,R035,0,1739.66,147,8,0,0
D200,R035,0,3.84,128,8,1,0
D001,R036,1,843.72,298,6,1,1
D002,R036,0,297.12,492,6,1,0
D003,R036,0,1741.09,609,6,0,0
D004,R036,0,734.08,356,6,0,0
D005,R036,0,9.19,723,6,0,0
D006,R036,0,1744.74,294,6,0,0
D007,R036,0,503.36,529,6,0,0
D008,R036,1,1741.48,581,6,1,1
D009,R036,1,291.23,317,6,0,0
D010,R036,0,290.69,63,6,0,0
D011,R036,0,1572.49,603,6,0,0
D012,R036,0,504.41,140,6,1,0
D013,R036,0,1240.46,276,6,0,0
D014,R036,0,7.68,81,6,1,0
D015,R036,1,5.67,557,6,1,1
D016,R036,0,1746.71,422,6,1,0
D017,R036,0,1245.06,519,6,1,0
D018,R036,0,1741.9,75,6,0,0
D019,R036,0,4.27,525,6,1,0
D020,R036,0,1236.89,603,6,1,0
D021,R036,0,852.36,657,6,0,0
D022,R036,0,509.46,134,6,1,0
D023,R036,0,844.55,616,6,1,0
D024,R036,0,295.44,219,6,1,0
D025,R036,0,7.1,105,6,0,0
D026,R036,0,1745.88,212,6,1,0
D027,R036,1,505.5,165,6,1,1
D028,R036,0,739.81,400,6,1,0
D029,R036,1,737.55,287,6,0,0
D030,R036,1,1236.49,345,6,1,1
D031,R036,0,736.52,99,6,0,0
D032,R036,0,733.72,592,6,0,0
D033,R036,1,3.1,394,6,0,0
D034,R036,0,1565.03,371,6,0,0
D035,R036,0,738.86,708,6,1,0
D036,R036,0,847.78,134,6,1,0
D037,R036,1,7.67,590,6,1,1
D038,R036,0,9.24,576,6,0,0
D039,R036,0,1242.31,139,6,1,0
D040,R036,0,3.14,615,6,1,0
D041,R036,1,293.73,459,6,0,0
D042,R036,0,735.82,474,6,0,0
D043,R036,0,1241.48,532,6,1,0
D044,R036,1,1563.9,612,6,1,1
D045,R036,0,501.43,304,6,1,0
D046,R036,0,848.87,86,6,0,0
D047,R036,1,734.61,183,6,1,1
D048,R036,1,293.89,710,6,0,0
D049,R036,1,1241.79,334,6,0,0
D050,R036,1,8.27,246,6,1,1
D051,R036,0,508.25,560,6,1,0
D052,R036,0,8.95,655,6,1,0
D053,R036,0,505.06,182,6,1,0
D054,R036,0,1740.83,429,6,1,0
D055,R036,0,290.84,351,6,1,0
D056,R036,1,1235.75,114,6,0,0
D057,R036,0,1562.02,662,6,0,0
D058,R036,0,1564.12,237,6,1,0
D059,R036,0,1738.79,330,6,1,0
D060,R036,0,6.11,642,6,0,0
D061,R036,1,1234.82,502,6,1,1
D062,R036,1,1561.43,239,6,0,0
D063,R036,1,1245.01,167,6,0,0
D064,R036,1,504.36,178,6,0,0
D065,R036,0,738.36,570,6,0,0
D066,R036,0,295.13,305,6,1,0
D067,R036,0,1567.78,358,6,1,0
D068,R036,0,1566.25,484,6,1,0
D069,R036,0,1567.69,400,6,0,0
D070,R036,0,737.41,450,6,1,0
D071,R036,0,1744.36,207,6,0,0
D072,R036,1,1739.52,449,6,0,0
D073,R036,0,1245.23,708,6,1,0
D074,R036,0,844.79,603,6,1,0
D075,R036,0,1740.73,321,6,0,0
D076,R036,0,1242.65,369,6,1,0
D077,R036,0,742.36,341,6,1,0
D078,R036,0,297.67,316,6,1,0
D079,R036,0,1745.65,485,6,1,0
D080,R036,0,1747.42,362,6,1,0
D081,R036,1,508.58,330,6,1,1
D082,R036,0,1237.0,694,6,0,0
D083,R036,0,509.28,98,6,1,0
D084,R036,0,1236.78,561,6,1,0
D085,R036,1,1562.58,427,6,0,0
D086,R036,0,1561.82,188,6,1,0
D087,R036,0,7.21,343,6,0,0
D088,R036,0,1749.72,662,6,0,0
D089,R036,1,1741.78,575,6,1,1
D090,R036,0,299.31,496,6,1,0
D091,R036,0,1241.8,392,6,0,0
D092,R036,0,1567.48,407,6,0,0
D093,R036,0,738.36,155,6,1,0
D094,R036,1,508.85,493,6,0,0
D095,R036,0,296.15,629,6,1,0
D096,R036,1,1569.92,376,6,0,0
D097,R036,0,500.77,489,6,1,0
D098,R036,0,1742.82,143,6,1,0
D099,R036,0,737.0,558,6,1,0
D100,R036,0,1562.86,182,6,0,0
D101,R036,0,734.48,506,6,0,0
D102,R036,1,849.27,692,6,1,1
D103,R036,1,501.6,232,6,1,1
D104,R036,0,848.72,237,6,1,0
D105,R036,1,841.92,214,6,1,1
D106,R036,0,1239.73,353,6,1,0
D107,R036,1,847.5,252,6,1,1
D108,R036,0,1237.4,509,6,1,0
D109,R036,1,1742.71,455,6,1,1
D110,R036,0,1742.44,377,6,0,0
D111,R036,1,509.11,376,6,1,1
D112,R036,0,7.75,599,6,0,0
D113,R036,0,509.69,303,6,0,0
D114,R036,0,1571.05,511,6,0,0
D115,R036,0,1569.07,440,6,1,0
D116,R036,0,848.3,287,6,0,0
D117,R036,1,509.85,161,6,0,0
D118,R036,0,507.76,141,6,1,0
D119,R036,0,9.63,489,6,1,0
D120,R036,0,1233.55,421,6,1,0
D121,R036,1,732.92,456,6,0,0
D122,R036,1,1567.72,406,6,0,0
D123,R036,0,1747.94,97,6,0,0
D124,R036,1,299.11,352,6,1,1
D125,R036,1,293.17,569,6,1,1
D126,R036,0,1570.97,362,6,1,0
D127,R036,1,734.02,118,6,0,0
D128,R036,0,733.8,720,6,1,0
D129,R036,0,743.68,467,6,0,0
D130,R036,1,1562.19,279,6,0,0
D131,R036,0,1572.28,387,6,1,0
D132,R036,0,848.28,265,6,1,0
D133,R036,0,7.87,550,6,1,0
D134,R036,0,742.27,715,6,1,0
D135,R036,0,1743.48,414,6,0,0
D136,R036,0,1567.63,654,6,1,0
D137,R036,0,509.2,714,6,0,0
D138,R036,0,1566.53,485,6,1,0
D139,R036,0,2.86,635,6,1,0
D140,R036,1,4.59,223,6,0,0
D141,R036,0,501.24,528,6,0,0
D142,R036,1,5.55,501,6,0,0
D143,R036,0,1570.71,576,6,1,0
D144,R036,0,1570.35,207,6,0,0
D145,R036,0,739.43,395,6,0,0
D146,R036,1,502.74,399,6,1,1
D147,R036,1,735.89,652,6,0,0
D148,R036,0,291.24,172,6,1,0
D149,R036,0,1239.13,634,6,1,0
D150,R036,0,1240.52,312,6,1,0
D151,R036,1,1568.64,340,6,0,0
D152,R036,1,741.1,512,6,1,1
D153,R036,0,1235.1,603,6,1,0
D154,R036,0,3.41,547,6,0,0
D155,R036,0,7.71,240,6,0,0
D156,R036,0,293.98,169,6,0,0
D157,R036,1,504.06,226,6,1,1
D158,R036,0,1564.88,475,6,0,0
D159,R036,0,501.2,333,6,0,0
D160,R036,1,1568.17,574,6,0,0
D161,R036,0,1569.47,680,6,1,0
D162,R036,1,1240.65,637,6,0,0
D163,R036,0,5.43,116,6,1,0
D164,R036,1,738.95,652,6,0,0
D165,R036,0,737.88,198,6,1,0
D166,R036,0,733.39,242,6,0,0
D167,R036,0,735.77,604,6,0,0
D168,R036,0,3.21,76,6,1,0
D169,R036,1,845.93,117,6,0,0
D170,R036,0,1568.27,593,6,1,0
D171,R036,1,1565.79,718,6,1,1
D172,R036,0,507.28,534,6,0,0
D173,R036,1,740.85,255,6,1,1
D174,R036,0,737.84,370,6,0,0
D175,R036,0,291.24,389,6,1,0
D176,R036,0,735.64,387,6,0,0
D177,R036,1,502.35,448,6,0,0
D178,R036,1,7.56,233,6,1,1
D179,R036,0,1234.52,705,6,1,0
D180,R036,1,1738.85,481,6,1,1
D181,R036,0,1565.63,306,6,1,0
D182,R036,0,1567.53,142,6,1,0
D183,R036,0,293.24,399,6,0,0
D184,R036,1,847.41,347,6,0,0
D185,R036,0,298.38,640,6,0,0
D186,R036,1,738.22,137,6,1,1
D187,R036,0,742.18,250,6,0,0
D188,R036,0,732.26,458,6,0,0
D189,R036,0,840.09,584,6,0,0
D190,R036,1,295.13,632,6,0,0
D191,R036,0,5.45,491,6,1,0
D192,R036,0,842.49,465,6,1,0
D193,R036,0,740.62,265,6,0,0
D194,R036,0,1749.38,462,6,0,0
D195,R036,0,7.41,130,6,0,0
D196,R036,1,740.49,550,6,1,1
D197,R036,0,735.55,423,6,0,0
D198,R036,0,296.35,582,6,1,0
D199,R036,0,5.09,147,6,0,0
D200,R036,1,1742.65,128,6,1,1
D001,R037,1,618.7,298,7,1,1
D002,R037,0,519.49,492,7,1,0
D003,R037,0,1248.49,609,7,0,0
D004,R037,0,503.39,356,7,0,0
D005,R037,0,498.9,723,7,0,0
D006,R037,0,1252.55,294,7,0,0
D007,R037,0,4.74,529,7,0,0
D008,R037,1,1249.04,581,7,1,1
D009,R037,1,514.13,317,7,0,0
D010,R037,0,515.85,63,7,0,0
D011,R037,0,1187.33,603,7,0,0
D012,R037,0,3.66,140,7,1,0
D013,R037,0,874.29,276,7,0,0
D014,R037,1,500.54,81,7,1,1
D015,R037,1,502.7,557,7,1,1
D016,R037,1,1253.99,422,7,1,1
D017,R037,0,881.4,519,7,1,0
D018,R037,1,1249.72,75,7,0,0
D019,R037,1,506.34,525,7,1,1
D020,R037,0,874.12,603,7,1,0
D021,R037,0,623.37,657,7,0,0
D022,R037,0,1.66,134,7,1,0
D023,R037,0,619.47,616,7,1,0
D024,R037,0,517.73,219,7,1,0
D025,R037,1,500.88,105,7,0,0
D026,R037,1,1253.67,212,7,1,1
D027,R037,1,2.55,165,7,1,1
D028,R037,0,501.03,400,7,1,0
D029,R037,1,499.4,287,7,0,0
D030,R037,1,871.8,345,7,1,1
D031,R037,0,499.28,99,7,0,0
D032,R037,0,499.0,592,7,0,0
D033,R037,1,505.02,394,7,0,0
D034,R037,0,1179.99,371,7,0,0
D035,R037,1,501.99,708,7,1,1
D036,R037,1,616.39,134,7,1,1
D037,R037,1,500.51,590,7,1,1
D038,R037,0,498.87,576,7,0,0
D039,R037,0,876.63,139,7,1,0
D040,R037,0,505.52,615,7,1,0
D041,R037,1,521.96,459,7,0,0
D042,R037,0,500.02,474,7,0,0
D043,R037,1,875.08,532,7,1,1
D044,R037,1,1179.28,612,7,1,1
D045,R037,0,6.58,304,7,1,0
D046,R037,1,620.95,86,7,0,0
D047,R037,1,499.86,183,7,1,1
D048,R037,1,520.54,710,7,0,0
D049,R037,1,877.39,334,7,0,0
D050,R037,1,499.89,246,7,1,1
D051,R037,1,0.98,560,7,1,1
D052,R037,0,500.29,655,7,1,0
D053,R037,0,6.67,182,7,1,0
D054,R037,0,1248.25,429,7,1,0
D055,R037,0,515.61,351,7,1,0
D056,R037,1,870.67,114,7,0,0
D057,R037,0,1178.12,662,7,0,0
D058,R037,0,1178.87,237,7,1,0
D059,R037,0,1246.46,330,7,1,0
D060,R037,1,503.39,642,7,0,0
D061,R037,1,871.01,502,7,1,1
D062,R037,1,1177.65,239,7,0,0
D063,R037,1,880.87,167,7,0,0
D064,R037,1,4.97,178,7,0,0
D065,R037,1,499.97,570,7,0,0
D066,R037,1,522.51,305,7,1,1
D067,R037,1,1183.26,358,7,1,1
D068,R037,0,1181.94,484,7,1,0
D069,R037,1,1182.18,400,7,0,0
D070,R037,0,504.04,450,7,1,0
D071,R037,1,1252.35,207,7,0,0
D072,R037,1,1246.91,449,7,0,0
D073,R037,0,881.6,708,7,1,0
D074,R037,0,615.77,603,7,1,0
D075,R037,0,1248.71,321,7,0,0
D076,R037,0,877.14,369,7,1,0
D077,R037,0,507.29,341,7,1,0
D078,R037,0,516.01,316,7,1,0
D079,R037,0,1252.91,485,7,1,0
D080,R037,0,1254.69,362,7,1,0
D081,R037,1,2.34,330,7,1,1
D082,R037,0,872.47,694,7,0,0
D083,R037,0,1.41,98,7,1,0
D084,R037,1,874.28,561,7,1,1
D085,R037,1,1178.97,427,7,0,0
D086,R037,1,1177.5,188,7,1,1
D087,R037,0,506.86,343,7,0,0
D088,R037,0,1257.26,662,7,0,0
D089,R037,1,1249.71,575,7,1,1
D090,R037,1,518.56,496,7,1,1
D091,R037,0,877.37,392,7,0,0
D092,R037,0,1183.26,407,7,0,0
D093,R037,0,506.27,155,7,1,0
D094,R037,1,3.28,493,7,0,0
D095,R037,1,514.82,629,7,1,1
D096,R037,1,1185.71,376,7,0,0
D097,R037,1,10.94,489,7,1,1
D098,R037,1,1250.24,143,7,1,1
D099,R037,1,502.89,558,7,1,1
D100,R037,0,1179.27,182,7,0,0
D101,R037,0,502.73,506,7,0,0
D102,R037,1,618.3,692,7,1,1
D103,R037,1,10.06,232,7,1,1
D104,R037,0,621.08,237,7,1,0
D105,R037,1,614.14,214,7,1,1
D106,R037,0,876.3,353,7,1,0
D107,R037,1,618.2,252,7,1,1
D108,R037,1,871.98,509,7,1,1
D109,R037,1,1249.97,455,7,1,1
D110,R037,1,1249.98,377,7,0,0
D111,R037,1,4.49,376,7,1,1
D112,R037,0,503.87,599,7,0,0
D113,R037,0,4.04,303,7,0,0
D114,R037,1,1186.4,511,7,0,0
D115,R037,0,1183.97,440,7,1,0
D116,R037,1,618.42,287,7,0,0
D117,R037,1,2.35,161,7,0,0
D118,R037,0,1.17,141,7,1,0
D119,R037,0,498.9,489,7,1,0
D120,R037,0,869.45,421,7,1,0
D121,R037,1,499.81,456,7,0,0
D122,R037,1,1182.49,406,7,0,0
D123,R037,0,1255.37,97,7,0,0
D124,R037,1,517.81,352,7,1,1
D125,R037,1,514.8,569,7,1,1
D126,R037,0,1186.14,362,7,1,0
D127,R037,1,502.06,118,7,0,0
D128,R037,1,498.89,720,7,1,1
D129,R037,1,508.3,467,7,0,0
D130,R037,1,1177.72,279,7,0,0
D131,R037,0,1188.07,387,7,1,0
D132,R037,0,620.17,265,7,1,0
D133,R037,0,500.46,550,7,1,0
D134,R037,0,507.54,715,7,1,0
D135,R037,0,1250.74,414,7,0,0
D136,R037,0,1182.02,654,7,1,0
D137,R037,0,3.4,714,7,0,0
D138,R037,1,1181.45,485,7,1,1
D139,R037,0,505.13,635,7,1,0
D140,R037,1,503.5,223,7,0,0
D141,R037,1,6.75,528,7,0,0
D142,R037,1,502.67,501,7,0,0
D143,R037,0,1186.1,576,7,1,0
D144,R037,0,1185.31,207,7,0,0
D145,R037,1,506.99,395,7,0,0
D146,R037,1,10.54,399,7,1,1
D147,R037,1,499.51,652,7,0,0
D148,R037,0,517.07,172,7,1,0
D149,R037,1,876.42,634,7,1,1
D150,R037,0,876.87,312,7,1,0
D151,R037,1,1185.46,340,7,0,0
D152,R037,1,504.45,512,7,1,1
D153,R037,1,870.69,603,7,1,1
D154,R037,1,507.73,547,7,0,0
D155,R037,0,500.29,240,7,0,0
D156,R037,0,513.7,169,7,0,0
D157,R037,1,9.67,226,7,1,1
D158,R037,0,1179.21,475,7,0,0
D159,R037,0,9.02,333,7,0,0
D160,R037,1,1183.61,574,7,0,0
D161,R037,0,1184.76,680,7,1,0
D162,R037,1,875.11,637,7,0,0
D163,R037,0,502.58,116,7,1,0
D164,R037,1,506.76,652,7,0,0
D165,R037,1,506.41,198,7,1,1
D166,R037,1,497.99,242,7,0,0
D167,R037,0,500.07,604,7,0,0
D168,R037,1,505.73,76,7,1,1
D169,R037,1,621.37,117,7,0,0
D170,R037,0,1184.99,593,7,1,0
D171,R037,1,1181.9,718,7,1,1
D172,R037,0,2.0,534,7,0,0
D173,R037,1,502.98,255,7,1,1
D174,R037,0,501.73,370,7,0,0
D175,R037,0,521.0,389,7,1,0
D176,R037,1,500.72,387,7,0,0
D177,R037,1,5.73,448,7,0,0
D178,R037,1,502.37,233,7,1,1
D179,R037,1,870.0,705,7,1,1
D180,R037,1,1246.47,481,7,1,1
D181,R037,0,1180.76,306,7,1,0
D182,R037,0,1182.02,142,7,1,0
D183,R037,0,522.97,399,7,0,0
D184,R037,1,614.95,347,7,0,0
D185,R037,1,523.97,640,7,0,0
D186,R037,1,502.38,137,7,1,1
D187,R037,0,505.34,250,7,0,0
D188,R037,0,500.06,458,7,0,0
D189,R037,1,612.16,584,7,0,0
D190,R037,1,523.71,632,7,0,0
D191,R037,1,502.54,491,7,1,1
D192,R037,1,612.99,465,7,1,1
D193,R037,0,504.87,265,7,0,0
D194,R037,0,1256.57,462,7,0,0
D195,R037,1,501.56,130,7,0,0
D196,R037,1,506.48,550,7,1,1
D197,R037,1,499.46,423,7,0,0
D198,R037,1,519.18,582,7,1,1
D199,R037,0,503.47,147,7,0,0
D200,R037,1,1250.39,128,7,1,1
D001,R038,1,1030.4,298,7,1,1
D002,R038,1,3.25,492,7,1,1
D003,R038,1,1748.68,609,7,0,0
D004,R038,1,911.7,356,7,0,0
D005,R038,1,293.13,723,7,0,0
D006,R038,1,1753.14,294,7,0,0
D007,R038,1,513.04,529,7,0,0
D008,R038,1,1749.4,581,7,1,1
D009,R038,1,5.48,317,7,0,0
D010,R038,1,6.18,63,7,0,0
D011,R038,1,1359.99,603,7,0,0
D012,R038,1,513.75,140,7,1,1
D013,R038,1,1369.44,276,7,0,0
D014,R038,1,293.01,81,7,1,1
D015,R038,1,297.33,557,7,1,1
D016,R038,1,1754.01,422,7,1,1
D017,R038,1,1375.64,519,7,1,1
D018,R038,1,1750.34,75,7,0,0
D019,R038,1,292.46,525,7,1,1
D020,R038,1,1367.89,603,7,1,1
D021,R038,1,1037.84,657,7,0,0
D022,R038,1,517.95,134,7,1,1
D023,R038,1,1031.24,616,7,1,1
D024,R038,1,2.3,219,7,1,1
D025,R038,1,295.13,105,7,0,0
D026,R038,1,1754.23,212,7,1,1
D027,R038,1,514.56,165,7,1,1
D028,R038,1,914.46,400,7,1,1
D029,R038,1,912.3,287,7,0,0
D030,R038,1,1366.31,345,7,1,1
D031,R038,1,911.57,99,7,0,0
D032,R038,1,909.63,592,7,0,0
D033,R038,1,296.8,394,7,0,0
D034,R038,1,1352.67,371,7,0,0
D035,R038,1,914.24,708,7,1,1
D036,R038,1,1032.03,134,7,1,1
D037,R038,1,293.17,590,7,1,1
D038,R038,1,295.91,576,7,0,0
D039,R038,1,1371.61,139,7,1,1
D040,R038,1,294.17,615,7,1,1
D041,R038,1,7.58,459,7,0,0
D042,R038,1,911.43,474,7,0,0
D043,R038,1,1370.33,532,7,1,1
D044,R038,1,1351.31,612,7,1,1
D045,R038,1,511.22,304,7,1,1
D046,R038,1,1034.61,86,7,0,0
D047,R038,1,910.57,183,7,1,1
D048,R038,1,6.1,710,7,0,0
D049,R038,1,1371.87,334,7,0,0
D050,R038,1,296.33,246,7,1,1
D051,R038,1,515.99,560,7,1,1
D052,R038,1,290.36,655,7,1,1
D053,R038,1,510.53,182,7,1,1
D054,R038,1,1748.47,429,7,1,1
D055,R038,1,5.97,351,7,1,1
D056,R038,1,1365.33,114,7,0,0
D057,R038,1,1349.07,662,7,0,0
D058,R038,1,1351.91,237,7,1,1
D059,R038,1,1746.95,330,7,1,1
D060,R038,1,291.62,642,7,0,0
D061,R038,1,1365.16,502,7,1,1
D062,R038,1,1348.44,239,7,0,0
D063,R038,1,1375.3,167,7,0,0
D064,R038,1,511.39,178,7,0,0
D065,R038,1,913.06,570,7,0,0
D066,R038,1,7.26,305,7,1,1
D067,R038,1,1355.03,358,7,1,1
D068,R038,1,1353.42,484,7,1,1
D069,R038,1,1355.53,400,7,0,0
D070,R038,1,914.16,450,7,1,1
D071,R038,1,1753.11,207,7,0,0
D072,R038,1,1747.12,449,7,0,0
D073,R038,1,1375.83,708,7,1,1
D074,R038,1,1029.87,603,7,1,1
D075,R038,1,1749.48,321,7,0,0
D076,R038,1,1372.06,369,7,1,1
D077,R038,1,918.75,341,7,1,1
D078,R038,1,1.17,316,7,1,1
D079,R038,1,1752.93,485,7,1,1
D080,R038,1,1754.71,362,7,1,1
D081,R038,1,515.54,330,7,1,1
D082,R038,1,1366.93,694,7,0,0
D083,R038,1,517.68,98,7,1,1
D084,R038,1,1367.94,561,7,1,1
D085,R038,1,1349.44,427,7,0,0
D086,R038,1,1349.11,188,7,1,1
D087,R038,1,289.52,343,7,0,0
D088,R038,1,1757.53,662,7,0,0
D089,R038,1,1750.43,575,7,1,1
D090,R038,1,3.03,496,7,1,1
D091,R038,1,1371.86,392,7,0,0
D092,R038,1,1354.57,407,7,0,0
D093,R038,1,915.71,155,7,1,1
D094,R038,1,515.27,493,7,0,0
D095,R038,1,1.48,629,7,1,1
D096,R038,1,1356.93,376,7,0,0
D097,R038,1,505.71,489,7,1,1
D098,R038,1,1750.45,143,7,1,1
D099,R038,1,913.41,558,7,1,1
D100,R038,1,1349.71,182,7,0,0
D101,R038,1,911.69,506,7,0,0
D102,R038,1,1033.77,692,7,1,1
D103,R038,1,506.66,232,7,1,1
D104,R038,1,1034.57,237,7,1,1
D105,R038,1,1027.37,214,7,1,1
D106,R038,1,1370.37,353,7,1,1
D107,R038,1,1032.6,252,7,1,1
D108,R038,1,1366.79,509,7,1,1
D109,R038,1,1750.02,455,7,1,1
D110,R038,1,1750.31,377,7,0,0
D111,R038,1,514.83,376,7,1,1
D112,R038,1,289.29,599,7,0,0
D113,R038,1,515.68,303,7,0,0
D114,R038,1,1358.28,511,7,0,0
D115,R038,1,1356.63,440,7,1,1
D116,R038,1,1033.2,287,7,0,0
D117,R038,1,517.05,161,7,0,0
D118,R038,1,516.75,141,7,1,1
D119,R038,1,291.32,489,7,1,1
D120,R038,1,1363.69,421,7,1,1
D121,R038,1,909.45,456,7,0,0
D122,R038,1,1355.4,406,7,0,0
D123,R038,1,1755.54,97,7,0,0
D124,R038,1,2.54,352,7,1,1
D125,R038,1,3.54,569,7,1,1
D126,R038,1,1358.32,362,7,1,1
D127,R038,1,911.11,118,7,0,0
D128,R038,1,909.64,720,7,1,1
D129,R038,1,920.04,467,7,0,0
D130,R038,1,1349.56,279,7,0,0
D131,R038,1,1359.22,387,7,1,1
D132,R038,1,1033.92,265,7,1,1
D133,R038,1,297.0,550,7,1,1
D134,R038,1,918.8,715,7,1,1
D135,R038,1,1750.78,414,7,0,0
D136,R038,1,1355.53,654,7,1,1
D137,R038,1,515.55,714,7,0,0
D138,R038,1,1354.14,485,7,1,1
D139,R038,1,296.02,635,7,1,1
D140,R038,1,294.59,223,7,0,0
D141,R038,1,510.49,528,7,0,0
D142,R038,1,296.88,501,7,0,0
D143,R038,1,1357.94,576,7,1,1
D144,R038,1,1357.83,207,7,0,0
D145,R038,1,916.71,395,7,0,0
D146,R038,1,506.84,399,7,1,1
D147,R038,1,911.26,652,7,0,0
D148,R038,1,6.05,172,7,1,1
D149,R038,1,1370.2,634,7,1,1
D150,R038,1,1371.04,312,7,1,1
D151,R038,1,1355.09,340,7,0,0
D152,R038,1,916.74,512,7,1,1
D153,R038,1,1365.07,603,7,1,1
D154,R038,1,293.34,547,7,0,0
D155,R038,1,294.2,240,7,0,0
D156,R038,1,3.28,169,7,0,0
D157,R038,1,508.11,226,7,1,1
D158,R038,1,1352.88,475,7,0,0
D159,R038,1,507.35,333,7,0,0
D160,R038,1,1355.44,574,7,0,0
D161,R038,1,1356.79,680,7,1,1
D162,R038,1,1370.02,637,7,0,0
D163,R038,1,295.79,116,7,1,1
D164,R038,1,916.3,652,7,0,0
D165,R038,1,915.45,198,7,1,1
D166,R038,1,908.99,242,7,0,0
D167,R038,1,911.42,604,7,0,0
D168,R038,1,293.9,76,7,1,1
D169,R038,1,1032.91,117,7,0,0
D170,R038,1,1354.79,593,7,1,1
D171,R038,1,1352.73,718,7,1,1
D172,R038,1,514.67,534,7,0,0
D173,R038,1,915.95,255,7,1,1
D174,R038,1,913.47,370,7,0,0
D175,R038,1,8.7,389,7,1,1
D176,R038,1,911.61,387,7,0,0
D177,R038,1,512.22,448,7,0,0
D178,R038,1,290.38,233,7,1,1
D179,R038,1,1364.43,705,7,1,1
D180,R038,1,1746.92,481,7,1,1
D181,R038,1,1353.14,306,7,1,1
D182,R038,1,1355.38,142,7,1,1
D183,R038,1,8.92,399,7,0,0
D184,R038,1,1031.2,347,7,0,0
D185,R038,1,7.72,640,7,0,0
D186,R038,1,913.99,137,7,1,1
D187,R038,1,917.81,250,7,0,0
D188,R038,1,909.12,458,7,0,0
D189,R038,1,1025.38,584,7,0,0
D190,R038,1,8.51,632,7,0,0
D191,R038,1,295.58,491,7,1,1
D192,R038,1,1027.25,465,7,1,1
D193,R038,1,916.6,265,7,0,0
D194,R038,1,1756.48,462,7,0,0
D195,R038,1,291.5,130,7,0,0
D196,R038,1,917.19,550,7,1,1
D197,R038,1,911.02,423,7,0,0
D198,R038,1,3.17,582,7,1,1
D199,R038,1,293.27,147,7,0,0
D200,R038,1,1750.92,128,7,1,1
D001,R039,0,116.64,298,6,1,0
D002,R039,0,917.76,492,6,1,0
D003,R039,0,1174.28,609,6,0,0
D004,R039,0,3.48,356,6,0,0
D005,R039,0,731.81,723,6,0,0
D006,R039,1,1176.1,294,6,0,0
D007,R039,1,505.62,529,6,0,0
D008,R039,1,1174.0,581,6,1,1
D009,R039,1,910.99,317,6,0,0
D010,R039,0,912.03,63,6,0,0
D011,R039,0,1584.44,603,6,0,0
D012,R039,0,505.84,140,6,1,0
D013,R039,1,521.35,276,6,0,0
D014,R039,0,733.36,81,6,1,0
D015,R039,0,732.23,557,6,1,0
D016,R039,0,1180.01,422,6,1,0
D017,R039,0,524.23,519,6,1,0
D018,R039,0,1173.41,75,6,0,0
D019,R039,0,738.98,525,6,1,0
D020,R039,0,515.98,603,6,1,0
D021,R039,0,123.32,657,6,0,0
D022,R039,0,505.54,134,6,1,0
D023,R039,1,117.47,616,6,1,1
D024,R039,0,915.67,219,6,1,0
D025,R039,0,732.17,105,6,0,0
D026,R039,0,1177.24,212,6,1,0
D027,R039,0,505.94,165,6,1,0
D028,R039,1,10.51,400,6,1,1
D029,R039,0,10.23,287,6,0,0
D030,R039,1,516.72,345,6,1,1
D031,R039,0,9.35,99,6,0,0
D032,R039,1,7.74,592,6,0,0
D033,R039,0,734.69,394,6,0,0
D034,R039,1,1577.63,371,6,0,0
D035,R039,0,7.98,708,6,1,0
D036,R039,0,117.18,134,6,1,0
D037,R039,0,733.22,590,6,1,0
D038,R039,0,729.82,576,6,0,0
D039,R039,0,522.81,139,6,1,0
D040,R039,0,737.02,615,6,1,0
D041,R039,1,918.01,459,6,0,0
D042,R039,0,7.66,474,6,0,0
D043,R039,0,522.46,532,6,1,0
D044,R039,1,1577.36,612,6,1,1
D045,R039,0,506.16,304,6,1,0
D046,R039,0,120.27,86,6,0,0
D047,R039,0,7.05,183,6,1,0
D048,R039,1,917.03,710,6,0,0
D049,R039,1,521.55,334,6,0,0
D050,R039,1,730.42,246,6,1,1
D051,R039,0,507.31,560,6,1,0
D052,R039,1,735.02,655,6,1,1
D053,R039,0,512.52,182,6,1,0
D054,R039,0,1173.95,429,6,1,0
D055,R039,1,911.92,351,6,1,1
D056,R039,0,516.26,114,6,0,0
D057,R039,1,1576.94,662,6,0,0
D058,R039,1,1576.36,237,6,1,1
D059,R039,0,1171.09,330,6,1,0
D060,R039,0,736.9,642,6,0,0
D061,R039,1,514.63,502,6,1,1
D062,R039,0,1576.59,239,6,0,0
D063,R039,0,524.46,167,6,0,0
D064,R039,0,509.99,178,6,0,0
D065,R039,0,10.3,570,6,0,0
D066,R039,0,919.08,305,6,1,0
D067,R039,0,1581.22,358,6,1,0
D068,R039,0,1580.16,484,6,1,0
D069,R039,0,1579.26,400,6,0,0
D070,R039,1,3.33,450,6,1,1
D071,R039,0,1175.08,207,6,0,0
D072,R039,0,1172.85,449,6,0,0
D073,R039,0,524.37,708,6,1,0
D074,R039,0,115.34,603,6,1,0
D075,R039,0,1171.75,321,6,0,0
D076,R039,0,523.02,369,6,1,0
D077,R039,0,6.23,341,6,1,0
D078,R039,1,915.41,316,6,1,1
D079,R039,0,1179.07,485,6,1,0
D080,R039,1,1180.66,362,6,1,1
D081,R039,1,508.61,330,6,1,1
D082,R039,0,517.1,694,6,0,0
D083,R039,0,505.76,98,6,1,0
D084,R039,0,515.72,561,6,1,0
D085,R039,0,1578.02,427,6,0,0
D086,R039,0,1575.96,188,6,1,0
D087,R039,0,741.53,343,6,0,0
D088,R039,0,1181.78,662,6,0,0
D089,R039,1,1172.91,575,6,1,1
D090,R039,0,918.09,496,6,1,0
D091,R039,1,521.59,392,6,0,0
D092,R039,1,1581.48,407,6,0,0
D093,R039,1,1.41,155,6,1,1
D094,R039,0,509.49,493,6,0,0
D095,R039,0,913.82,629,6,1,0
D096,R039,0,1583.82,376,6,0,0
D097,R039,0,515.0,489,6,1,0
D098,R039,0,1175.79,143,6,1,0
D099,R039,0,4.6,558,6,1,0
D100,R039,0,1578.3,182,6,0,0
D101,R039,0,3.68,506,6,0,0
D102,R039,0,118.97,692,6,1,0
D103,R039,1,514.5,232,6,1,1
D104,R039,0,120.28,237,6,1,0
D105,R039,1,113.04,214,6,1,1
D106,R039,0,519.05,353,6,1,0
D107,R039,0,118.02,252,6,1,0
D108,R039,0,518.01,509,6,1,0
D109,R039,0,1176.32,455,6,1,0
D110,R039,0,1174.98,377,6,0,0
D111,R039,0,510.66,376,6,1,0
D112,R039,0,738.99,599,6,0,0
D113,R039,1,509.95,303,6,0,0
D114,R039,0,1584.06,511,6,0,0
D115,R039,1,1581.34,440,6,1,1
D116,R039,0,118.54,287,6,0,0
D117,R039,0,507.71,161,6,0,0
D118,R039,1,505.25,141,6,1,1
D119,R039,0,733.1,489,6,1,0
D120,R039,0,513.59,421,6,1,0
D121,R039,0,6.58,456,6,0,0
D122,R039,0,1579.8,406,6,0,0
D123,R039,0,1180.55,97,6,0,0
D124,R039,1,917.44,352,6,1,1
D125,R039,1,912.4,569,6,1,1
D126,R039,0,1583.63,362,6,1,0
D127,R039,1,4.35,118,6,0,0
D128,R039,0,7.91,720,6,1,0
D129,R039,0,7.28,467,6,0,0
D130,R039,0,1576.03,279,6,0,0
D131,R039,1,1586.05,387,6,1,1
D132,R039,1,119.54,265,6,1,1
D133,R039,0,730.45,550,6,1,0
D134,R039,0,5.87,715,6,1,0
D135,R039,0,1177.02,414,6,0,0
D136,R039,0,1579.01,654,6,1,0
D137,R039,0,509.48,714,6,0,0
D138,R039,0,1578.97,485,6,1,0
D139,R039,0,735.35,635,6,1,0
D140,R039,1,734.89,223,6,0,0
D141,R039,0,507.19,528,6,0,0
D142,R039,1,732.52,501,6,0,0
D143,R039,1,1583.8,576,6,1,1
D144,R039,0,1582.66,207,6,0,0
D145,R039,0,2.28,395,6,0,0
D146,R039,1,515.78,399,6,1,1
D147,R039,1,8.46,652,6,0,0
D148,R039,0,913.2,172,6,1,0
D149,R039,0,518.07,634,6,1,0
D150,R039,0,519.91,312,6,1,0
D151,R039,1,1584.54,340,6,0,0
D152,R039,0,7.58,512,6,1,0
D153,R039,0,515.24,603,6,1,0
D154,R039,0,739.62,547,6,0,0
D155,R039,0,732.3,240,6,0,0
D156,R039,0,911.96,169,6,0,0
D157,R039,1,515.42,226,6,1,1
D158,R039,0,1576.31,475,6,0,0
D159,R039,0,512.71,333,6,0,0
D160,R039,0,1581.51,574,6,0,0
D161,R039,1,1582.45,680,6,1,1
D162,R039,0,521.16,637,6,0,0
D163,R039,1,733.21,116,6,1,1
D164,R039,1,1.79,652,6,0,0
D165,R039,0,0.55,198,6,1,0
D166,R039,0,8.87,242,6,0,0
D167,R039,0,7.56,604,6,0,0
D168,R039,0,737.4,76,6,1,0
D169,R039,0,119.26,117,6,0,0
D170,R039,0,1584.0,593,6,1,0
D171,R039,1,1580.52,718,6,1,1
D172,R039,0,508.29,534,6,0,0
D173,R039,0,9.16,255,6,1,0
D174,R039,1,7.15,370,6,0,0
D175,R039,0,916.13,389,6,1,0
D176,R039,0,6.55,387,6,0,0
D177,R039,1,505.67,448,6,0,0
D178,R039,1,736.86,233,6,1,1
D179,R039,0,514.76,705,6,1,0
D180,R039,1,1171.32,481,6,1,1
D181,R039,0,1578.53,306,6,1,0
D182,R039,0,1579.09,142,6,1,0
D183,R039,0,918.53,399,6,0,0
D184,R039,1,116.23,347,6,0,0
D185,R039,0,921.68,640,6,0,0
D186,R039,0,6.65,137,6,1,0
D187,R039,1,8.02,250,6,0,0
D188,R039,1,6.39,458,6,0,0
D189,R039,0,111.02,584,6,0,0
D190,R039,0,919.97,632,6,0,0
D191,R039,0,733.33,491,6,1,0
D192,R039,0,112.64,465,6,1,0
D193,R039,1,6.35,265,6,0,0
D194,R039,1,1182.82,462,6,0,0
D195,R039,0,735.35,130,6,0,0
D196,R039,1,4.29,550,6,1,1
D197,R039,0,8.24,423,6,0,0
D198,R039,0,917.18,582,6,1,0
D199,R039,0,735.81,147,6,0,0
D200,R039,0,1174.43,128,6,1,0
D001,R040,1,446.94,298,10,1,1
D002,R040,0,1376.51,492,10,1,0
D003,R040,0,776.15,609,10,0,0
D004,R040,0,524.73,356,10,0,0
D005,R040,0,1236.12,723,10,0,0
D006,R040,0,775.81,294,10,0,0
D007,R040,0,881.34,529,10,0,0
D008,R040,1,775.2,581,10,1,1
D009,R040,1,1370.26,317,10,0,0
D010,R040,0,1371.66,63,10,0,0
D011,R040,0,1625.45,603,10,0,0
D012,R040,0,880.96,140,10,1,0
D013,R040,0,9.49,276,10,0,0
D014,R040,0,1237.76,81,10,1,0
D015,R040,1,1237.24,557,10,1,1
D016,R040,0,781.3,422,10,1,0
D017,R040,0,2.52,519,10,1,0
D018,R040,0,773.6,75,10,0,0
D019,R040,0,1243.67,525,10,1,0
D020,R040,0,5.85,603,10,1,0
D021,R040,0,437.61,657,10,0,0
D022,R040,0,878.05,134,10,1,0
D023,R040,0,446.35,616,10,1,0
D024,R040,0,1374.53,219,10,1,0
D025,R040,0,1236.82,105,10,0,0
D026,R040,0,776.81,212,10,1,0
D027,R040,1,880.47,165,10,1,1
D028,R040,0,516.39,400,10,1,0
D029,R040,1,518.55,287,10,0,0
D030,R040,1,8.31,345,10,1,1
D031,R040,0,519.81,99,10,0,0
D032,R040,0,523.22,592,10,0,0
D033,R040,1,1239.79,394,10,0,0
D034,R040,0,1620.01,371,10,0,0
D035,R040,0,518.0,708,10,1,0
D036,R040,0,438.55,134,10,1,0
D037,R040,1,1237.64,590,10,1,1
D038,R040,0,1234.43,576,10,0,0
D039,R040,0,7.46,139,10,1,0
D040,R040,0,1241.85,615,10,1,0
D041,R040,1,1377.87,459,10,0,0
D042,R040,0,521.01,474,10,0,0
D043,R040,0,9.82,532,10,1,0
D044,R040,1,1620.38,612,10,1,1
D045,R040,0,882.78,304,10,1,0
D046,R040,0,440.91,86,10,0,0
D047,R040,1,522.48,183,10,1,1
D048,R040,1,1376.65,710,10,0,0
D049,R040,1,3.81,334,10,0,0
D050,R040,1,1235.15,246,10,1,1
D051,R040,0,880.15,560,10,1,0
D052,R040,0,1239.11,655,10,1,0
D053,R040,0,886.11,182,10,1,0
D054,R040,0,775.79,429,10,1,0
D055,R040,0,1371.48,351,10,1,0
D056,R040,1,9.73,114,10,0,0
D057,R040,0,1621.03,662,10,0,0
D058,R040,0,1618.65,237,10,1,0
D059,R040,0,772.4,330,10,1,0
D060,R040,0,1241.33,642,10,0,0
D061,R040,1,8.52,502,10,1,1
D062,R040,1,1620.89,239,10,0,0
D063,R040,1,3.29,167,10,0,0
D064,R040,1,884.39,178,10,0,0
D065,R040,0,517.77,570,10,0,0
D066,R040,0,1378.71,305,10,1,0
D067,R040,0,1623.7,358,10,1,0
D068,R040,0,1623.11,484,10,1,0
D069,R040,0,1620.69,400,10,0,0
D070,R040,0,520.76,450,10,1,0
D071,R040,0,774.22,207,10,0,0
D072,R040,1,775.03,449,10,0,0
D073,R040,0,2.63,708,10,1,0
D074,R040,0,442.65,603,10,1,0
D075,R040,0,771.62,321,10,0,0
D076,R040,0,6.86,369,10,1,0
D077,R040,0,515.91,341,10,1,0
D078,R040,0,1373.53,316,10,1,0
D079,R040,0,780.6,485,10,1,0
D080,R040,0,781.82,362,10,1,0
D081,R040,1,881.04,330,10,1,1
D082,R040,0,7.56,694,10,0,0
D083,R040,0,878.33,98,10,1,0
D084,R040,0,6.04,561,10,1,0
D085,R040,1,1622.34,427,10,0,0
D086,R040,0,1619.64,188,10,1,0
D087,R040,0,1245.93,343,10,0,0
D088,R040,0,781.55,662,10,0,0
D089,R040,1,772.74,575,10,1,1
D090,R040,0,1376.22,496,10,1,0
D091,R040,0,3.9,392,10,0,0
D092,R040,0,1624.33,407,10,0,0
D093,R040,0,520.58,155,10,1,0
D094,R040,1,881.62,493,10,0,0
D095,R040,0,1372.1,629,10,1,0
D096,R040,1,1626.28,376,10,0,0
D097,R040,0,890.4,489,10,1,0
D098,R040,0,777.24,143,10,1,0
D099,R040,0,520.77,558,10,1,0
D100,R040,0,1622.58,182,10,0,0
D101,R040,0,523.93,506,10,0,0
D102,R040,1,437.91,692,10,1,1
D103,R040,1,889.55,232,10,1,1
D104,R040,0,441.27,237,10,1,0
D105,R040,1,445.67,214,10,1,1
D106,R040,0,3.22,353,10,1,0
D107,R040,1,440.59,252,10,1,1
D108,R040,0,9.2,509,10,1,0
D109,R040,1,778.38,455,10,1,1
D110,R040,0,776.08,377,10,0,0
D111,R040,1,882.45,376,10,1,1
D112,R040,0,1243.18,599,10,0,0
D113,R040,0,881.56,303,10,0,0
D114,R040,0,1625.88,511,10,0,0
D115,R040,0,1622.98,440,10,1,0
D116,R040,0,439.52,287,10,0,0
D117,R040,1,879.63,161,10,0,0
D118,R040,0,878.71,141,10,1,0
D119,R040,0,1237.21,489,10,1,0
D120,R040,0,10.12,421,10,1,0
D121,R040,1,524.59,456,10,0,0
D122,R040,1,1621.52,406,10,0,0
D123,R040,0,781.04,97,10,0,0
D124,R040,1,1375.5,352,10,1,1
D125,R040,1,1371.34,569,10,1,1
D126,R040,0,1625.25,362,10,1,0
D127,R040,1,524.2,118,10,0,0
D128,R040,0,523.08,720,10,1,0
D129,R040,0,514.67,467,10,0,0
D130,R040,1,1619.49,279,10,0,0
D131,R040,0,1628.13,387,10,1,0
D132,R040,0,441.13,265,10,1,0
D133,R040,0,1235.29,550,10,1,0
D134,R040,0,516.14,715,10,1,0
D135,R040,0,778.94,414,10,0,0
D136,R040,0,1620.33,654,10,1,0
D137,R040,0,881.43,714,10,0,0
D138,R040,0,1621.05,485,10,1,0
D139,R040,0,1240.37,635,10,1,0
D140,R040,1,1239.65,223,10,0,0
D141,R040,0,883.72,528,10,0,0
D142,R040,1,1237.48,501,10,0,0
D143,R040,0,1625.7,576,10,1,0
D144,R040,0,1624.17,207,10,0,0
D145,R040,0,519.54,395,10,0,0
D146,R040,1,890.02,399,10,1,1
D147,R040,1,520.7,652,10,0,0
D148,R040,0,1372.89,172,10,1,0
D149,R040,0,3.7,634,10,1,0
D150,R040,0,2.78,312,10,1,0
D151,R040,1,1628.31,340,10,0,0
D152,R040,1,516.23,512,10,1,1
D153,R040,0,9.07,603,10,1,0
D154,R040,0,1244.49,547,10,0,0
D155,R040,0,1236.82,240,10,0,0
D156,R040,0,1370.56,169,10,0,0
D157,R040,1,889.03,226,10,1,1
D158,R040,0,1618.03,475,10,0,0
D159,R040,0,888.28,333,10,0,0
D160,R040,1,1623.88,574,10,0,0
D161,R040,0,1624.45,680,10,1,0
D162,R040,1,7.6,637,10,0,0
D163,R040,0,1238.04,116,10,1,0
D164,R040,1,520.04,652,10,0,0
D165,R040,0,521.26,198,10,1,0
D166,R040,0,523.21,242,10,0,0
D167,R040,0,521.1,604,10,0,0
D168,R040,0,1242.22,76,10,1,0
D169,R040,1,445.91,117,10,0,0
D170,R040,0,1627.72,593,10,1,0
D171,R040,1,1624.0,718,10,1,1
D172,R040,0,881.46,534,10,0,0
D173,R040,1,515.91,255,10,1,1
D174,R040,0,519.19,370,10,0,0
D175,R040,0,1376.39,389,10,1,0
D176,R040,0,521.55,387,10,0,0
D177,R040,1,881.9,448,10,0,0
D178,R040,1,1241.08,233,10,1,1
D179,R040,0,9.78,705,10,1,0
D180,R040,1,772.79,481,10,1,1
D181,R040,0,1620.99,306,10,1,0
D182,R040,0,1620.53,142,10,1,0
D183,R040,0,1378.64,399,10,0,0
D184,R040,1,437.86,347,10,0,0
D185,R040,0,1380.81,640,10,0,0
D186,R040,1,518.99,137,10,1,1
D187,R040,0,515.26,250,10,0,0
D188,R040,0,525.55,458,10,0,0
D189,R040,0,446.78,584,10,0,0
D190,R040,1,1379.77,632,10,0,0
D191,R040,0,1238.14,491,10,1,0
D192,R040,0,443.79,465,10,1,0
D193,R040,0,517.04,265,10,0,0
D194,R040,0,783.93,462,10,0,0
D195,R040,0,1239.65,130,10,0,0
D196,R040,1,517.93,550,10,1,1
D197,R040,0,521.11,423,10,0,0
D198,R040,0,1376.05,582,10,1,0
D199,R040,0,1240.42,147,10,0,0
D200,R040,1,774.77,128,10,1,1
D001,R041,1,118.41,298,8,1,1
D002,R041,1,917.7,492,8,1,1
D003,R041,1,1166.71,609,8,0,0
D004,R041,1,9.17,356,8,0,0
D005,R041,1,734.04,723,8,0,0
D006,R041,1,1168.55,294,8,0,0
D007,R041,1,501.89,529,8,0,0
D008,R041,1,1166.44,581,8,1,1
D009,R041,1,910.94,317,8,0,0
D010,R041,1,911.99,63,8,0,0
D011,R041,1,1577.26,603,8,0,0
D012,R041,1,502.09,140,8,1,1
D013,R041,1,516.56,276,8,0,0
D014,R041,1,735.59,81,8,1,1
D015,R041,1,734.51,557,8,1,1
D016,R041,1,1172.44,422,8,1,1
D017,R041,1,519.55,519,8,1,1
D018,R041,1,1165.86,75,8,0,0
D019,R041,1,741.24,525,8,1,1
D020,R041,1,511.29,603,8,1,1
D021,R041,1,124.62,657,8,0,0
D022,R041,1,501.71,134,8,1,1
D023,R041,1,119.23,616,8,1,1
D024,R041,1,915.6,219,8,1,1
D025,R041,1,734.42,105,8,0,0
D026,R041,1,1169.69,212,8,1,1
D027,R041,1,502.18,165,8,1,1
D028,R041,1,2.29,400,8,1,1
D029,R041,1,3.18,287,8,0,0
D030,R041,1,511.96,345,8,1,1
D031,R041,1,3.53,99,8,0,0
D032,R041,1,6.17,592,8,0,0
D033,R041,1,736.99,394,8,0,0
D034,R041,1,1570.46,371,8,0,0
D035,R041,1,0.93,708,8,1,1
D036,R041,1,118.24,134,8,1,1
D037,R041,1,735.46,590,8,1,1
D038,R041,1,732.07,576,8,0,0
D039,R041,1,518.04,139,8,1,1
D040,R041,1,739.29,615,8,1,1
D041,R041,1,917.99,459,8,0,0
D042,R041,1,3.99,474,8,0,0
D043,R041,1,517.66,532,8,1,1
D044,R041,1,1570.19,612,8,1,1
D045,R041,1,502.46,304,8,1,1
D046,R041,1,121.7,86,8,0,0
D047,R041,1,5.39,183,8,1,1
D048,R041,1,917.0,710,8,0,0
D049,R041,1,516.83,334,8,0,0
D050,R041,1,732.68,246,8,1,1
D051,R041,1,503.51,560,8,1,1
D052,R041,1,737.24,655,8,1,1
D053,R041,1,508.76,182,8,1,1
D054,R041,1,1166.38,429,8,1,1
D055,R041,1,911.88,351,8,1,1
D056,R041,1,511.48,114,8,0,0
D057,R041,1,1569.78,662,8,0,0
D058,R041,1,1569.19,237,8,1,1
D059,R041,1,1163.53,330,8,1,1
D060,R041,1,739.14,642,8,0,0
D061,R041,1,509.89,502,8,1,1
D062,R041,1,1569.43,239,8,0,0
D063,R041,1,519.76,167,8,0,0
D064,R041,1,506.24,178,8,0,0
D065,R041,1,2.7,570,8,0,0
D066,R041,1,919.05,305,8,1,1
D067,R041,1,1574.04,358,8,1,1
D068,R041,1,1572.99,484,8,1,1
D069,R041,1,1572.08,400,8,0,0
D070,R041,1,5.2,450,8,1,1
D071,R041,1,1167.53,207,8,0,0
D072,R041,1,1165.28,449,8,0,0
D073,R041,1,519.7,708,8,1,1
D074,R041,1,116.67,603,8,1,1
D075,R041,1,1164.2,321,8,0,0
D076,R041,1,518.26,369,8,1,1
D077,R041,1,4.87,341,8,1,1
D078,R041,1,915.32,316,8,1,1
D079,R041,1,1171.5,485,8,1,1
D080,R041,1,1173.09,362,8,1,1
D081,R041,1,504.8,330,8,1,1
D082,R041,1,512.35,694,8,0,0
D083,R041,1,501.95,98,8,1,1
D084,R041,1,511.05,561,8,1,1
D085,R041,1,1570.86,427,8,0,0
D086,R041,1,1568.8,188,8,1,1
D087,R041,1,743.77,343,8,0,0
D088,R041,1,1174.23,662,8,0,0
D089,R041,1,1165.35,575,8,1,1
D090,R041,1,918.0,496,8,1,1
D091,R041,1,516.86,392,8,0,0
D092,R041,1,1574.31,407,8,0,0
D093,R041,1,7.03,155,8,1,1
D094,R041,1,505.68,493,8,0,0
D095,R041,1,913.73,629,8,1,1
D096,R041,1,1576.65,376,8,0,0
D097,R041,1,511.3,489,8,1,1
D098,R041,1,1168.22,143,8,1,1
D099,R041,1,4.38,558,8,1,1
D100,R041,1,1571.14,182,8,0,0
D101,R041,1,7.87,506,8,0,0
D102,R041,1,120.07,692,8,1,1
D103,R041,1,510.79,232,8,1,1
D104,R041,1,121.74,237,8,1,1
D105,R041,1,114.53,214,8,1,1
D106,R041,1,514.35,353,8,1,1
D107,R041,1,119.32,252,8,1,1
D108,R041,1,513.23,509,8,1,1
D109,R041,1,1168.75,455,8,1,1
D110,R041,1,1167.42,377,8,0,0
D111,R041,1,506.84,376,8,1,1
D112,R041,1,741.21,599,8,0,0
D113,R041,1,506.12,303,8,0,0
D114,R041,1,1576.89,511,8,0,0
D115,R041,1,1574.16,440,8,1,1
D116,R041,1,119.77,287,8,0,0
D117,R041,1,503.88,161,8,0,0
D118,R041,1,501.45,141,8,1,1
D119,R041,1,735.32,489,8,1,1
D120,R041,1,508.84,421,8,1,1
D121,R041,1,7.56,456,8,0,0
D122,R041,1,1572.62,406,8,0,0
D123,R041,1,1172.99,97,8,0,0
D124,R041,1,917.34,352,8,1,1
D125,R041,1,912.34,569,8,1,1
D126,R041,1,1576.45,362,8,1,1
D127,R041,1,7.83,118,8,0,0
D128,R041,1,6.05,720,8,1,1
D129,R041,1,5.74,467,8,0,0
D130,R041,1,1568.87,279,8,0,0
D131,R041,1,1578.87,387,8,1,1
D132,R041,1,120.96,265,8,1,1
D133,R041,1,732.72,550,8,1,1
D134,R041,1,5.23,715,8,1,1
D135,R041,1,1169.45,414,8,0,0
D136,R041,1,1571.83,654,8,1,1
D137,R041,1,505.66,714,8,0,0
D138,R041,1,1571.79,485,8,1,1
D139,R041,1,737.63,635,8,1,1
D140,R041,1,737.15,223,8,0,0
D141,R041,1,503.49,528,8,0,0
D142,R041,1,734.8,501,8,0,0
D143,R041,1,1576.62,576,8,1,1
D144,R041,1,1575.48,207,8,0,0
D145,R041,1,6.82,395,8,0,0
D146,R041,1,512.05,399,8,1,1
D147,R041,1,3.91,652,8,0,0
D148,R041,1,913.17,172,8,1,1
D149,R041,1,513.4,634,8,1,1
D150,R041,1,515.21,312,8,1,1
D151,R041,1,1577.38,340,8,0,0
D152,R041,1,1.87,512,8,1,1
D153,R041,1,510.48,603,8,1,1
D154,R041,1,741.9,547,8,0,0
D155,R041,1,734.54,240,8,0,0
D156,R041,1,911.88,169,8,0,0
D157,R041,1,511.67,226,8,1,1
D158,R041,1,1569.13,475,8,0,0
D159,R041,1,509.01,333,8,0,0
D160,R041,1,1574.33,574,8,0,0
D161,R041,1,1575.28,680,8,1,1
D162,R041,1,516.39,637,8,0,0
D163,R041,1,735.48,116,8,1,1
D164,R041,1,7.01,652,8,0,0
D165,R041,1,7.83,198,8,1,1
D166,R041,1,6.39,242,8,0,0
D167,R041,1,4.06,604,8,0,0
D168,R041,1,739.67,76,8,1,1
D169,R041,1,121.06,117,8,0,0
D170,R041,1,1576.84,593,8,1,1
D171,R041,1,1573.36,718,8,1,1
D172,R041,1,504.5,534,8,0,0
D173,R041,1,1.2,255,8,1,1
D174,R041,1,2.11,370,8,0,0
D175,R041,1,916.12,389,8,1,1
D176,R041,1,4.47,387,8,0,0
D177,R041,1,501.95,448,8,0,0
D178,R041,1,739.08,233,8,1,1
D179,R041,1,510.0,705,8,1,1
D180,R041,1,1163.76,481,8,1,1
D181,R041,1,1571.36,306,8,1,1
D182,R041,1,1571.91,142,8,1,1
D183,R041,1,918.52,399,8,0,0
D184,R041,1,117.18,347,8,0,0
D185,R041,1,921.63,640,8,0,0
D186,R041,1,2.06,137,8,1,1
D187,R041,1,2.82,250,8,0,0
D188,R041,1,8.63,458,8,0,0
D189,R041,1,112.5,584,8,0,0
D190,R041,1,919.94,632,8,0,0
D191,R041,1,735.6,491,8,1,1
D192,R041,1,113.93,465,8,1,1
D193,R041,1,2.6,265,8,0,0
D194,R041,1,1175.26,462,8,0,0
D195,R041,1,737.58,130,8,0,0
D196,R041,1,4.98,550,8,1,1
D197,R041,1,4.23,423,8,0,0
D198,R041,1,917.11,582,8,1,1
D199,R041,1,738.06,147,8,0,0
D200,R041,1,1166.87,128,8,1,1
D001,R042,0,1027.0,298,10,1,0
D002,R042,0,7.61,492,10,1,0
D003,R042,0,1750.35,609,10,0,0
D004,R042,1,908.43,356,10,0,0
D005,R042,0,286.06,723,10,0,0
D006,R042,1,1754.78,294,10,0,0
D007,R042,1,513.11,529,10,0,0
D008,R042,1,1751.06,581,10,1,1
D009,R042,1,3.4,317,10,0,0
D010,R042,0,1.5,63,10,0,0
D011,R042,1,1366.57,603,10,0,0
D012,R042,1,513.83,140,10,1,1
D013,R042,1,1367.81,276,10,0,0
D014,R042,1,285.93,81,10,1,1
D015,R042,0,290.23,557,10,1,0
D016,R042,1,1755.68,422,10,1,1
D017,R042,0,1373.97,519,10,1,0
D018,R042,0,1751.98,75,10,0,0
D019,R042,1,285.32,525,10,1,1
D020,R042,0,1366.21,603,10,1,0
D021,R042,1,1034.48,657,10,0,0
D022,R042,0,518.07,134,10,1,0
D023,R042,1,1027.85,616,10,1,1
D024,R042,0,5.93,219,10,1,0
D025,R042,0,288.04,105,10,0,0
D026,R042,0,1755.88,212,10,1,0
D027,R042,0,514.65,165,10,1,0
D028,R042,1,911.27,400,10,1,1
D029,R042,0,909.11,287,10,0,0
D030,R042,1,1364.66,345,10,1,1
D031,R042,0,908.38,99,10,0,0
D032,R042,1,906.41,592,10,0,0
D033,R042,0,289.68,394,10,0,0
D034,R042,1,1359.24,371,10,0,0
D035,R042,1,911.04,708,10,1,1
D036,R042,0,1028.7,134,10,1,0
D037,R042,0,286.09,590,10,1,0
D038,R042,0,288.84,576,10,0,0
D039,R042,0,1369.98,139,10,1,0
D040,R042,1,287.04,615,10,1,1
D041,R042,1,6.11,459,10,0,0
D042,R042,0,908.22,474,10,0,0
D043,R042,0,1368.71,532,10,1,0
D044,R042,1,1357.89,612,10,1,1
D045,R042,1,511.28,304,10,1,1
D046,R042,0,1031.24,86,10,0,0
D047,R042,0,907.35,183,10,1,0
D048,R042,1,5.22,710,10,0,0
D049,R042,1,1370.21,334,10,0,0
D050,R042,1,289.26,246,10,1,1
D051,R042,0,516.12,560,10,1,0
D052,R042,1,283.27,655,10,1,1
D053,R042,0,510.7,182,10,1,0
D054,R042,0,1750.13,429,10,1,0
D055,R042,1,1.81,351,10,1,1
D056,R042,0,1363.68,114,10,0,0
D057,R042,1,1355.65,662,10,0,0
D058,R042,1,1358.48,237,10,1,1
D059,R042,0,1748.6,330,10,1,0
D060,R042,0,284.51,642,10,0,0
D061,R042,1,1363.49,502,10,1,1
D062,R042,0,1355.02,239,10,0,0
D063,R042,0,1373.64,167,10,0,0
D064,R042,0,511.52,178,10,0,0
D065,R042,0,909.88,570,10,0,0
D066,R042,0,7.2,305,10,1,0
D067,R042,1,1361.62,358,10,1,1
D068,R042,1,1360.01,484,10,1,1
D069,R042,1,1362.1,400,10,0,0
D070,R042,1,910.92,450,10,1,1
D071,R042,1,1754.75,207,10,0,0
D072,R042,0,1748.78,449,10,0,0
D073,R042,1,1374.16,708,10,1,1
D074,R042,0,1026.52,603,10,1,0
D075,R042,1,1751.12,321,10,0,0
D076,R042,0,1370.42,369,10,1,0
D077,R042,0,915.52,341,10,1,0
D078,R042,1,8.7,316,10,1,1
D079,R042,0,1754.6,485,10,1,0
D080,R042,1,1756.38,362,10,1,1
D081,R042,1,515.69,330,10,1,1
D082,R042,0,1365.27,694,10,0,0
D083,R042,0,517.8,98,10,1,0
D084,R042,1,1366.25,561,10,1,1
D085,R042,0,1356.03,427,10,0,0
D086,R042,0,1355.69,188,10,1,0
D087,R042,0,282.37,343,10,0,0
D088,R042,1,1759.19,662,10,0,0
D089,R042,1,1752.07,575,10,1,1
D090,R042,0,9.82,496,10,1,0
D091,R042,1,1370.21,392,10,0,0
D092,R042,1,1361.15,407,10,0,0
D093,R042,1,912.45,155,10,1,1
D094,R042,0,515.43,493,10,0,0
D095,R042,1,7.64,629,10,1,1
D096,R042,0,1363.52,376,10,0,0
D097,R042,0,505.87,489,10,1,0
D098,R042,0,1752.11,143,10,1,0
D099,R042,1,910.18,558,10,1,1
D100,R042,1,1356.3,182,10,0,0
D101,R042,0,908.43,506,10,0,0
D102,R042,0,1030.43,692,10,1,0
D103,R042,1,506.82,232,10,1,1
D104,R042,1,1031.2,237,10,1,1
D105,R042,1,1024.0,214,10,1,1
D106,R042,0,1368.7,353,10,1,0
D107,R042,0,1029.25,252,10,1,0
D108,R042,0,1365.15,509,10,1,0
D109,R042,0,1751.69,455,10,1,0
D110,R042,1,1751.97,377,10,0,0
D111,R042,0,515.01,376,10,1,0
D112,R042,0,282.17,599,10,0,0
D113,R042,1,515.86,303,10,0,0
D114,R042,1,1364.86,511,10,0,0
D115,R042,1,1363.21,440,10,1,1
D116,R042,1,1029.86,287,10,0,0
D117,R042,0,517.21,161,10,0,0
D118,R042,1,516.85,141,10,1,1
D119,R042,0,284.25,489,10,1,0
D120,R042,1,1362.03,421,10,1,1
D121,R042,0,906.21,456,10,0,0
D122,R042,0,1361.97,406,10,0,0
D123,R042,1,1757.21,97,10,0,0
D124,R042,1,9.71,352,10,1,1
D125,R042,1,4.63,569,10,1,1
D126,R042,0,1364.9,362,10,1,0
D127,R042,1,907.86,118,10,0,0
D128,R042,1,906.42,720,10,1,1
D129,R042,1,916.81,467,10,0,0
D130,R042,0,1356.14,279,10,0,0
D131,R042,1,1365.81,387,10,1,1
D132,R042,1,1030.55,265,10,1,1
D133,R042,1,289.93,550,10,1,1
D134,R042,0,915.57,715,10,1,0
D135,R042,1,1752.45,414,10,0,0
D136,R042,0,1362.1,654,10,1,0
D137,R042,0,515.72,714,10,0,0
D138,R042,1,1360.72,485,10,1,1
D139,R042,0,288.9,635,10,1,0
D140,R042,1,287.48,223,10,0,0
D141,R042,1,510.56,528,10,0,0
D142,R042,1,289.79,501,10,0,0
D143,R042,1,1364.52,576,10,1,1
D144,R042,0,1364.41,207,10,0,0
D145,R042,1,913.46,395,10,0,0
D146,R042,1,507.03,399,10,1,1
D147,R042,1,908.05,652,10,0,0
D148,R042,1,1.7,172,10,1,1
D149,R042,1,1368.52,634,10,1,1
D150,R042,0,1369.37,312,10,1,0
D151,R042,1,1361.69,340,10,0,0
D152,R042,0,913.53,512,10,1,0
D153,R042,0,1363.41,603,10,1,0
D154,R042,0,286.19,547,10,0,0
D155,R042,1,287.12,240,10,0,0
D156,R042,0,6.16,169,10,0,0
D157,R042,1,508.3,226,10,1,1
D158,R042,1,1359.45,475,10,0,0
D159,R042,1,507.49,333,10,0,0
D160,R042,0,1362.02,574,10,0,0
D161,R042,1,1363.37,680,10,1,1
D162,R042,0,1368.38,637,10,0,0
D163,R042,1,288.7,116,10,1,1
D164,R042,1,913.05,652,10,0,0
D165,R042,1,912.19,198,10,1,1
D166,R042,0,905.78,242,10,0,0
D167,R042,0,908.2,604,10,0,0
D168,R042,0,286.77,76,10,1,0
D169,R042,0,1029.51,117,10,0,0
D170,R042,0,1361.39,593,10,1,0
D171,R042,1,1359.32,718,10,1,1
D172,R042,1,514.81,534,10,0,0
D173,R042,0,912.76,255,10,1,0
D174,R042,1,910.25,370,10,0,0
D175,R042,1,4.59,389,10,1,1
D176,R042,1,908.38,387,10,0,0
D177,R042,1,512.28,448,10,0,0
D178,R042,1,283.28,233,10,1,1
D179,R042,0,1362.77,705,10,1,0
D180,R042,1,1748.57,481,10,1,1
D181,R042,1,1359.71,306,10,1,1
D182,R042,1,1361.95,142,10,1,1
D183,R042,1,6.77,399,10,0,0
D184,R042,1,1027.88,347,10,0,0
D185,R042,1,10.13,640,10,0,0
D186,R042,0,910.77,137,10,1,0
D187,R042,1,914.6,250,10,0,0
D188,R042,1,905.87,458,10,0,0
D189,R042,0,1022.02,584,10,0,0
D190,R042,0,8.06,632,10,0,0
D191,R042,1,288.48,491,10,1,1
D192,R042,1,1023.9,465,10,1,1
D193,R042,1,913.38,265,10,0,0
D194,R042,1,1758.16,462,10,0,0
D195,R042,1,284.4,130,10,0,0
D196,R042,1,913.96,550,10,1,1
D197,R042,0,907.81,423,10,0,0
D198,R042,1,6.84,582,10,1,1
D199,R042,0,286.16,147,10,0,0
D200,R042,0,1752.57,128,10,1,0
D001,R043,0,1658.88,298,8,1,0
D002,R043,0,1357.48,492,8,1,0
D003,R043,0,1299.29,609,8,0,0
D004,R043,0,1579.33,356,8,0,0
D005,R043,0,1559.71,723,8,0,0
D006,R043,0,1305.43,294,8,0,0
D007,R043,0,1187.07,529,8,0,0
D008,R043,1,1301.19,581,8,1,1
D009,R043,1,1358.61,317,8,0,0
D010,R043,0,1360.44,63,8,0,0
D011,R043,0,4.66,603,8,0,0
D012,R043,0,1186.15,140,8,1,0
D013,R043,0,1613.78,276,8,0,0
D014,R043,0,1560.76,81,8,1,0
D015,R043,0,1564.76,557,8,1,0
D016,R043,0,1300.96,422,8,1,0
D017,R043,0,1623.21,519,8,1,0
D018,R043,0,1304.04,75,8,0,0
D019,R043,0,1564.37,525,8,1,0
D020,R043,0,1620.92,603,8,1,0
D021,R043,0,1658.38,657,8,0,0
D022,R043,0,1182.78,134,8,1,0
D023,R043,0,1659.35,616,8,1,0
D024,R043,0,1357.62,219,8,1,0
D025,R043,0,1562.24,105,8,0,0
D026,R043,0,1305.83,212,8,1,0
D027,R043,0,1185.29,165,8,1,0
D028,R043,0,1571.53,400,8,1,0
D029,R043,0,1571.01,287,8,0,0
D030,R043,1,1615.51,345,8,1,1
D031,R043,0,1571.65,99,8,0,0
D032,R043,0,1573.44,592,8,0,0
D033,R043,0,1566.03,394,8,0,0
D034,R043,0,3.28,371,8,0,0
D035,R043,0,1573.63,708,8,1,0
D036,R043,0,1651.59,134,8,1,0
D037,R043,0,1560.84,590,8,1,0
D038,R043,0,1561.31,576,8,0,0
D039,R043,0,1616.15,139,8,1,0
D040,R043,0,1564.82,615,8,1,0
D041,R043,1,1362.56,459,8,0,0
D042,R043,0,1573.26,474,8,0,0
D043,R043,0,1613.72,532,8,1,0
D044,R043,1,4.06,612,8,1,1
D045,R043,0,1188.05,304,8,1,0
D046,R043,0,1657.76,86,8,0,0
D047,R043,0,1573.97,183,8,1,0
D048,R043,1,1361.27,710,8,0,0
D049,R043,1,1619.35,334,8,0,0
D050,R043,1,1562.26,246,8,1,1
D051,R043,0,1182.31,560,8,1,0
D052,R043,0,1559.03,655,8,1,0
D053,R043,0,1180.74,182,8,1,0
D054,R043,0,1299.38,429,8,1,0
D055,R043,0,1360.12,351,8,1,0
D056,R043,0,1614.03,114,8,0,0
D057,R043,0,6.58,662,8,0,0
D058,R043,0,4.57,237,8,1,0
D059,R043,0,1300.86,330,8,1,0
D060,R043,0,1561.89,642,8,0,0
D061,R043,1,1616.92,502,8,1,1
D062,R043,0,7.26,239,8,0,0
D063,R043,0,1621.9,167,8,0,0
D064,R043,0,1183.1,178,8,0,0
D065,R043,0,1571.17,570,8,0,0
D066,R043,0,1361.73,305,8,1,0
D067,R043,0,1.01,358,8,1,0
D068,R043,0,2.38,484,8,1,0
D069,R043,0,3.09,400,8,0,0
D070,R043,0,1577.67,450,8,1,0
D071,R043,0,1307.01,207,8,0,0
D072,R043,0,1298.39,449,8,0,0
D073,R043,0,1623.4,708,8,1,0
D074,R043,0,1653.34,603,8,1,0
D075,R043,0,1304.94,321,8,0,0
D076,R043,0,1616.83,369,8,1,0
D077,R043,0,1578.37,341,8,1,0
D078,R043,0,1354.22,316,8,1,0
D079,R043,0,1300.28,485,8,1,0
D080,R043,0,1301.35,362,8,1,0
D081,R043,1,1181.11,330,8,1,1
D082,R043,0,1616.23,694,8,0,0
D083,R043,0,1182.73,98,8,1,0
D084,R043,0,1621.57,561,8,1,0
D085,R043,0,6.76,427,8,0,0
D086,R043,0,6.24,188,8,1,0
D087,R043,0,1562.99,343,8,0,0
D088,R043,0,1305.3,662,8,0,0
D089,R043,1,1305.03,575,8,1,1
D090,R043,0,1354.75,496,8,1,0
D091,R043,0,1619.27,392,8,0,0
D092,R043,0,2.22,407,8,0,0
D093,R043,0,1580.07,155,8,1,0
D094,R043,0,1180.26,493,8,0,0
D095,R043,0,1354.68,629,8,1,0
D096,R043,0,3.2,376,8,0,0
D097,R043,0,1182.02,489,8,1,0
D098,R043,0,1300.47,143,8,1,0
D099,R043,0,1576.36,558,8,1,0
D100,R043,0,6.58,182,8,0,0
D101,R043,0,1578.11,506,8,0,0
D102,R043,0,1653.22,692,8,1,0
D103,R043,1,1181.78,232,8,1,1
D104,R043,0,1658.11,237,8,1,0
D105,R043,1,1653.38,214,8,1,1
D106,R043,0,1620.78,353,8,1,0
D107,R043,0,1654.69,252,8,1,0
D108,R043,0,1614.06,509,8,1,0
D109,R043,0,1298.75,455,8,1,0
D110,R043,0,1301.47,377,8,0,0
D111,R043,0,1179.22,376,8,1,0
D112,R043,0,1560.84,599,8,0,0
D113,R043,0,1179.33,303,8,0,0
D114,R043,0,3.21,511,8,0,0
D115,R043,0,1.66,440,8,1,0
D116,R043,0,1654.3,287,8,0,0
D117,R043,0,1180.88,161,8,0,0
D118,R043,0,1184.2,141,8,1,0
D119,R043,0,1558.66,489,8,1,0
D120,R043,0,1615.42,421,8,1,0
D121,R043,0,1575.2,456,8,0,0
D122,R043,0,1.98,406,8,0,0
D123,R043,0,1303.23,97,8,0,0
D124,R043,1,1354.34,352,8,1,1
D125,R043,1,1357.37,569,8,1,1
D126,R043,0,3.01,362,8,1,0
D127,R043,1,1577.51,118,8,0,0
D128,R043,0,1573.23,720,8,1,0
D129,R043,0,1578.76,467,8,0,0
D130,R043,0,5.8,279,8,0,0
D131,R043,0,5.16,387,8,1,0
D132,R043,0,1657.07,265,8,1,0
D133,R043,0,1563.04,550,8,1,0
D134,R043,0,1578.81,715,8,1,0
D135,R043,0,1299.18,414,8,0,0
D136,R043,0,3.53,654,8,1,0
D137,R043,0,1180.02,714,8,0,0
D138,R043,0,2.05,485,8,1,0
D139,R043,0,1565.64,635,8,1,0
D140,R043,1,1563.7,223,8,0,0
D141,R043,0,1187.42,528,8,0,0
D142,R043,1,1564.48,501,8,0,0
D143,R043,0,2.91,576,8,1,0
D144,R043,0,2.52,207,8,0,0
D145,R043,0,1580.26,395,8,0,0
D146,R043,1,1180.02,399,8,1,1
D147,R043,1,1572.47,652,8,0,0
D148,R043,0,1360.92,172,8,1,0
D149,R043,0,1622.36,634,8,1,0
D150,R043,0,1620.64,312,8,1,0
D151,R043,1,6.61,340,8,0,0
D152,R043,0,1575.35,512,8,1,0
D153,R043,0,1615.47,603,8,1,0
D154,R043,0,1565.82,547,8,0,0
D155,R043,0,1561.29,240,8,0,0
D156,R043,0,1355.78,169,8,0,0
D157,R043,1,1179.33,226,8,1,1
D158,R043,0,5.1,475,8,0,0
D159,R043,0,1183.38,333,8,0,0
D160,R043,0,0.9,574,8,0,0
D161,R043,0,1.57,680,8,1,0
D162,R043,0,1615.59,637,8,0,0
D163,R043,0,1563.78,116,8,1,0
D164,R043,1,1580.3,652,8,0,0
D165,R043,0,1580.64,198,8,1,0
D166,R043,0,1572.29,242,8,0,0
D167,R043,0,1573.36,604,8,0,0
D168,R043,0,1564.81,76,8,1,0
D169,R043,0,1661.07,117,8,0,0
D170,R043,0,6.12,593,8,1,0
D171,R043,1,3.97,718,8,1,1
D172,R043,0,1182.27,534,8,0,0
D173,R043,0,1573.46,255,8,1,0
D174,R043,0,1574.07,370,8,0,0
D175,R043,0,1364.05,389,8,1,0
D176,R043,0,1574.37,387,8,0,0
D177,R043,1,1187.76,448,8,0,0
D178,R043,1,1560.46,233,8,1,1
D179,R043,0,1614.85,705,8,1,0
D180,R043,1,1300.42,481,8,1,1
D181,R043,0,2.43,306,8,1,0
D182,R043,0,3.17,142,8,1,0
D183,R043,0,1363.83,399,8,0,0
D184,R043,1,1649.66,347,8,0,0
D185,R043,0,1359.95,640,8,0,0
D186,R043,0,1574.68,137,8,1,0
D187,R043,0,1575.76,250,8,0,0
D188,R043,0,1576.07,458,8,0,0
D189,R043,0,1651.93,584,8,0,0
D190,R043,0,1362.7,632,8,0,0
D191,R043,0,1563.63,491,8,1,0
D192,R043,0,1651.07,465,8,1,0
D193,R043,0,1576.33,265,8,0,0
D194,R043,0,1301.51,462,8,0,0
D195,R043,0,1560.58,130,8,0,0
D196,R043,1,1578.7,550,8,1,1
D197,R043,0,1572.68,423,8,0,0
D198,R043,0,1357.94,582,8,1,0
D199,R043,0,1562.91,147,8,0,0
D200,R043,0,1303.6,128,8,1,0
D001,R044,0,1150.87,298,7,1,0
D002,R044,0,1753.46,492,7,1,0
D003,R044,0,4.48,609,7,0,0
D004,R044,1,1175.18,356,7,0,0
D005,R044,0,1733.27,723,7,0,0
D006,R044,1,2.92,294,7,0,0
D007,R044,1,1253.77,529,7,0,0
D008,R044,1,2.48,581,7,1,1
D009,R044,1,1749.12,317,7,0,0
D010,R044,0,1751.03,63,7,0,0
D011,R044,1,1303.68,603,7,0,0
D012,R044,1,1252.85,140,7,1,1
D013,R044,1,766.91,276,7,0,0
D014,R044,1,1734.98,81,7,1,1
D015,R044,0,1736.28,557,7,1,0
D016,R044,1,7.47,422,7,1,1
D017,R044,0,772.02,519,7,1,0
D018,R044,0,0.59,75,7,0,0
D019,R044,1,1741.08,525,7,1,1
D020,R044,0,776.95,603,7,1,0
D021,R044,1,1143.14,657,7,0,0
D022,R044,0,1248.01,134,7,1,0
D023,R044,1,1150.61,616,7,1,1
D024,R044,0,1751.99,219,7,1,0
D025,R044,0,1734.88,105,7,0,0
D026,R044,0,4.03,212,7,1,0
D027,R044,0,1251.85,165,7,1,0
D028,R044,1,1164.28,400,7,1,1
D029,R044,0,1165.78,287,7,0,0
D030,R044,1,772.06,345,7,1,1
D031,R044,0,1167.15,99,7,0,0
D032,R044,1,1170.88,592,7,0,0
D033,R044,0,1738.78,394,7,0,0
D034,R044,1,1301.31,371,7,0,0
D035,R044,1,1166.71,708,7,1,1
D036,R044,0,1140.82,134,7,1,0
D037,R044,0,1734.92,590,7,1,0
D038,R044,0,1732.64,576,7,0,0
D039,R044,0,767.58,139,7,1,0
D040,R044,1,1739.87,615,7,1,1
D041,R044,1,1756.79,459,7,0,0
D042,R044,0,1168.98,474,7,0,0
D043,R044,0,765.96,532,7,1,0
D044,R044,1,1302.55,612,7,1,1
D045,R044,1,1255.73,304,7,1,1
D046,R044,0,1145.52,86,7,0,0
D047,R044,0,1170.55,183,7,1,0
D048,R044,1,1755.26,710,7,0,0
D049,R044,1,771.13,334,7,0,0
D050,R044,1,1733.6,246,7,1,1
D051,R044,0,1249.67,560,7,1,0
D052,R044,1,1735.29,655,7,1,1
D053,R044,0,1254.23,182,7,1,0
D054,R044,0,4.29,429,7,1,0
D055,R044,1,1750.75,351,7,1,1
D056,R044,0,771.28,114,7,0,0
D057,R044,1,1304.66,662,7,0,0
D058,R044,1,1300.09,237,7,1,1
D059,R044,0,3.35,330,7,1,0
D060,R044,0,1738.22,642,7,0,0
D061,R044,1,774.89,502,7,1,1
D062,R044,0,1304.86,239,7,0,0
D063,R044,0,770.79,167,7,0,0
D064,R044,0,1254.11,178,7,0,0
D065,R044,0,1165.22,570,7,0,0
D066,R044,0,1757.06,305,7,1,0
D067,R044,1,1304.43,358,7,1,1
D068,R044,1,1304.65,484,7,1,1
D069,R044,1,1300.47,400,7,0,0
D070,R044,1,1171.08,450,7,1,1
D071,R044,1,3.6,207,7,0,0
D072,R044,0,5.13,449,7,0,0
D073,R044,1,772.06,708,7,1,1
D074,R044,0,1144.92,603,7,1,0
D075,R044,1,2.55,321,7,0,0
D076,R044,0,767.94,369,7,1,0
D077,R044,0,1167.47,341,7,1,0
D078,R044,1,1749.69,316,7,1,1
D079,R044,0,6.98,485,7,1,0
D080,R044,1,7.91,362,7,1,1
D081,R044,1,1249.74,330,7,1,1
D082,R044,0,772.32,694,7,0,0
D083,R044,0,1248.25,98,7,1,0
D084,R044,1,777.67,561,7,1,1
D085,R044,0,1306.03,427,7,0,0
D086,R044,0,1302.94,188,7,1,0
D087,R044,0,1742.24,343,7,0,0
D088,R044,1,8.21,662,7,0,0
D089,R044,1,1.79,575,7,1,1
D090,R044,0,1752.01,496,7,1,0
D091,R044,1,771.04,392,7,0,0
D092,R044,1,1305.48,407,7,0,0
D093,R044,1,1172.17,155,7,1,1
D094,R044,0,1249.75,493,7,0,0
D095,R044,1,1748.79,629,7,1,1
D096,R044,0,1306.48,376,7,0,0
D097,R044,0,1259.0,489,7,1,0
D098,R044,0,4.15,143,7,1,0
D099,R044,1,1170.4,558,7,1,1
D100,R044,1,1306.16,182,7,0,0
D101,R044,0,1173.89,506,7,0,0
D102,R044,0,1141.05,692,7,1,0
D103,R044,1,1258.07,232,7,1,1
D104,R044,1,1145.96,237,7,1,1
D105,R044,1,1147.37,214,7,1,1
D106,R044,0,774.32,353,7,1,0
D107,R044,0,1143.87,252,7,1,0
D108,R044,0,769.88,509,7,1,0
D109,R044,0,6.01,455,7,1,0
D110,R044,1,2.73,377,7,0,0
D111,R044,0,1249.86,376,7,1,0
D112,R044,0,1739.2,599,7,0,0
D113,R044,1,1249.1,303,7,0,0
D114,R044,1,1305.2,511,7,0,0
D115,R044,1,1302.62,440,7,1,1
D116,R044,1,1142.84,287,7,0,0
D117,R044,0,1248.28,161,7,0,0
D118,R044,1,1249.53,141,7,1,1
D119,R044,0,1733.66,489,7,1,0
D120,R044,1,774.57,421,7,1,1
D121,R044,0,1172.92,456,7,0,0
D122,R044,0,1301.56,406,7,0,0
D123,R044,1,7.15,97,7,0,0
D124,R044,1,1751.27,352,7,1,1
D125,R044,1,1749.4,569,7,1,1
D126,R044,0,1304.41,362,7,1,0
D127,R044,1,1173.8,118,7,0,0
D128,R044,1,1170.65,720,7,1,1
D129,R044,1,1166.67,467,7,0,0
D130,R044,0,1302.5,279,7,0,0
D131,R044,1,1307.4,387,7,1,1
D132,R044,1,1145.39,265,7,1,1
D133,R044,1,1734.04,550,7,1,1
D134,R044,0,1167.89,715,7,1,0
D135,R044,1,6.11,414,7,0,0
D136,R044,0,1300.04,654,7,1,0
D137,R044,0,1249.42,714,7,0,0
D138,R044,1,1301.72,485,7,1,1
D139,R044,0,1739.07,635,7,1,0
D140,R044,1,1737.69,223,7,0,0
D141,R044,1,1256.21,528,7,0,0
D142,R044,1,1736.34,501,7,0,0
D143,R044,1,1305.18,576,7,1,1
D144,R044,0,1303.37,207,7,0,0
D145,R044,1,1171.42,395,7,0,0
D146,R044,1,1257.41,399,7,1,1
D147,R044,1,1168.31,652,7,0,0
D148,R044,1,1752.19,172,7,1,1
D149,R044,1,776.39,634,7,1,1
D150,R044,0,773.5,312,7,1,0
D151,R044,1,1310.03,340,7,0,0
D152,R044,0,1166.16,512,7,1,0
D153,R044,0,773.25,603,7,1,0
D154,R044,0,1742.33,547,7,0,0
D155,R044,1,1734.48,240,7,0,0
D156,R044,0,1748.09,169,7,0,0
D157,R044,1,1256.06,226,7,1,1
D158,R044,1,1298.78,475,7,0,0
D159,R044,1,1257.89,333,7,0,0
D160,R044,0,1304.41,574,7,0,0
D161,R044,1,1304.33,680,7,1,1
D162,R044,0,768.49,637,7,0,0
D163,R044,1,1736.48,116,7,1,1
D164,R044,1,1171.85,652,7,0,0
D165,R044,1,1173.03,198,7,1,1
D166,R044,0,1170.27,242,7,0,0
D167,R044,0,1169.1,604,7,0,0
D168,R044,0,1740.14,76,7,1,0
D169,R044,0,1151.02,117,7,0,0
D170,R044,0,1309.49,593,7,1,0
D171,R044,1,1306.15,718,7,1,1
D172,R044,1,1250.87,534,7,0,0
D173,R044,0,1164.91,255,7,1,0
D174,R044,1,1167.92,370,7,0,0
D175,R044,1,1756.3,389,7,1,1
D176,R044,1,1170.0,387,7,0,0
D177,R044,1,1254.73,448,7,0,0
D178,R044,1,1737.42,233,7,1,1
D179,R044,0,773.16,705,7,1,0
D180,R044,1,3.54,481,7,1,1
D181,R044,1,1302.24,306,7,1,1
D182,R044,1,1300.37,142,7,1,1
D183,R044,1,1757.95,399,7,0,0
D184,R044,1,1139.38,347,7,0,0
D185,R044,1,1757.9,640,7,0,0
D186,R044,0,1168.07,137,7,1,0
D187,R044,1,1165.59,250,7,0,0
D188,R044,1,1174.15,458,7,0,0
D189,R044,0,1147.6,584,7,0,0
D190,R044,0,1758.32,632,7,0,0
D191,R044,1,1736.5,491,7,1,1
D192,R044,1,1144.81,465,7,1,1
D193,R044,1,1167.33,265,7,0,0
D194,R044,1,9.99,462,7,0,0
D195,R044,1,1736.36,130,7,0,0
D196,R044,1,1169.3,550,7,1,1
D197,R044,0,1168.76,423,7,0,0
D198,R044,1,1753.31,582,7,1,1
D199,R044,0,1737.95,147,7,0,0
D200,R044,0,0.85,128,7,1,0
D001,R045,0,3.6,298,5,1,0
D002,R045,0,1033.6,492,5,1,0
D003,R045,0,1148.42,609,5,0,0
D004,R045,1,120.23,356,5,0,0
D005,R045,0,839.98,723,5,0,0
D006,R045,1,1149.66,294,5,0,0
D007,R045,1,617.47,529,5,0,0
D008,R045,1,1147.95,581,5,1,1
D009,R045,1,1026.81,317,5,0,0
D010,R045,0,1027.82,63,5,0,0
D011,R045,1,1659.69,603,5,0,0
D012,R045,1,617.62,140,5,1,1
D013,R045,1,445.22,276,5,0,0
D014,R045,1,841.48,81,5,1,1
D015,R045,0,840.11,557,5,1,0
D016,R045,1,1154.07,422,5,1,1
D017,R045,0,446.42,519,5,1,0
D018,R045,0,1147.07,75,5,0,0
D019,R045,1,846.95,525,5,1,1
D020,R045,0,438.37,603,5,1,0
D021,R045,1,7.16,657,5,0,0
D022,R045,0,617.0,134,5,1,0
D023,R045,1,3.54,616,5,1,1
D024,R045,0,1031.5,219,5,1,0
D025,R045,0,840.19,105,5,0,0
D026,R045,0,1150.78,212,5,1,0
D027,R045,0,617.66,165,5,1,0
D028,R045,1,119.44,400,5,1,1
D029,R045,0,121.39,287,5,0,0
D030,R045,1,440.15,345,5,1,1
D031,R045,0,121.84,99,5,0,0
D032,R045,1,123.13,592,5,0,0
D033,R045,0,842.53,394,5,0,0
D034,R045,1,1653.07,371,5,0,0
D035,R045,1,119.08,708,5,1,1
D036,R045,0,6.54,134,5,1,0
D037,R045,0,841.34,590,5,1,0
D038,R045,0,837.87,576,5,0,0
D039,R045,0,446.28,139,5,1,0
D040,R045,1,844.94,615,5,1,1
D041,R045,1,1033.77,459,5,0,0
D042,R045,0,121.59,474,5,0,0
D043,R045,0,446.37,532,5,1,0
D044,R045,1,1652.9,612,5,1,1
D045,R045,1,618.12,304,5,1,1
D046,R045,0,3.64,86,5,0,0
D047,R045,0,122.19,183,5,1,0
D048,R045,1,1032.81,710,5,0,0
D049,R045,1,444.39,334,5,0,0
D050,R045,1,838.43,246,5,1,1
D051,R045,0,618.85,560,5,1,0
D052,R045,1,843.26,655,5,1,1
D053,R045,0,624.23,182,5,1,0
D054,R045,0,1148.08,429,5,1,0
D055,R045,1,1027.71,351,5,1,1
D056,R045,0,439.96,114,5,0,0
D057,R045,1,1652.66,662,5,0,0
D058,R045,1,1651.77,237,5,1,1
D059,R045,0,1145.03,330,5,1,0
D060,R045,0,845.0,642,5,0,0
D061,R045,1,437.74,502,5,1,1
D062,R045,0,1652.35,239,5,0,0
D063,R045,0,446.9,167,5,0,0
D064,R045,0,621.75,178,5,0,0
D065,R045,0,120.7,570,5,0,0
D066,R045,0,1034.85,305,5,1,0
D067,R045,1,1656.7,358,5,1,1
D068,R045,1,1655.71,484,5,1,1
D069,R045,1,1654.54,400,5,0,0
D070,R045,1,118.29,450,5,1,1
D071,R045,1,1148.46,207,5,0,0
D072,R045,0,1147.06,449,5,0,0
D073,R045,1,446.53,708,5,1,1
D074,R045,0,3.08,603,5,1,0
D075,R045,1,1145.3,321,5,0,0
D076,R045,0,446.36,369,5,1,0
D077,R045,0,114.11,341,5,1,0
D078,R045,1,1031.3,316,5,1,1
D079,R045,0,1153.18,485,5,1,0
D080,R045,1,1154.69,362,5,1,1
D081,R045,1,620.12,330,5,1,1
D082,R045,0,440.41,694,5,0,0
D083,R045,0,617.24,98,5,1,0
D084,R045,1,437.99,561,5,1,1
D085,R045,0,1653.79,427,5,0,0
D086,R045,0,1651.61,188,5,1,0
D087,R045,0,849.61,343,5,0,0
D088,R045,1,1155.43,662,5,0,0
D089,R045,1,1146.46,575,5,1,1
D090,R045,0,1033.97,496,5,1,0
D091,R045,1,444.44,392,5,0,0
D092,R045,1,1657.03,407,5,0,0
D093,R045,1,116.47,155,5,1,1
D094,R045,0,620.98,493,5,0,0
D095,R045,1,1029.69,629,5,1,1
D096,R045,0,1659.31,376,5,0,0
D097,R045,0,626.95,489,5,1,0
D098,R045,0,1149.84,143,5,1,0
D099,R045,1,119.21,558,5,1,1
D100,R045,1,1654.07,182,5,0,0
D101,R045,0,120.43,506,5,0,0
D102,R045,0,6.31,692,5,1,0
D103,R045,1,626.4,232,5,1,1
D104,R045,1,3.54,237,5,1,1
D105,R045,1,3.82,214,5,1,1
D106,R045,0,441.55,353,5,1,0
D107,R045,0,3.47,252,5,1,0
D108,R045,0,441.75,509,5,1,0
D109,R045,0,1150.54,455,5,1,0
D110,R045,1,1148.92,377,5,0,0
D111,R045,0,622.12,376,5,1,0
D112,R045,0,847.16,599,5,0,0
D113,R045,1,621.38,303,5,0,0
D114,R045,1,1659.45,511,5,0,0
D115,R045,1,1656.67,440,5,1,1
D116,R045,1,4.54,287,5,0,0
D117,R045,0,619.15,161,5,0,0
D118,R045,1,616.82,141,5,1,1
D119,R045,0,841.34,489,5,1,0
D120,R045,1,436.95,421,5,1,1
D121,R045,0,122.95,456,5,0,0
D122,R045,0,1655.14,406,5,0,0
D123,R045,1,1154.39,97,5,0,0
D124,R045,1,1033.32,352,5,1,1
D125,R045,1,1028.24,569,5,1,1
D126,R045,0,1658.98,362,5,1,0
D127,R045,1,121.05,118,5,0,0
D128,R045,1,123.17,720,5,1,1
D129,R045,1,112.9,467,5,0,0
D130,R045,0,1651.64,279,5,0,0
D131,R045,1,1661.49,387,5,1,1
D132,R045,1,3.08,265,5,1,1
D133,R045,1,838.41,550,5,1,1
D134,R045,0,113.97,715,5,1,0
D135,R045,1,1151.21,414,5,0,0
D136,R045,0,1654.27,654,5,1,0
D137,R045,0,620.95,714,5,0,0
D138,R045,1,1654.36,485,5,1,1
D139,R045,0,843.21,635,5,1,0
D140,R045,1,842.86,223,5,0,0
D141,R045,1,619.15,528,5,0,0
D142,R045,1,840.42,501,5,0,0
D143,R045,1,1659.2,576,5,1,1
D144,R045,0,1657.98,207,5,0,0
D145,R045,1,115.53,395,5,0,0
D146,R045,1,627.61,399,5,1,1
D147,R045,1,121.92,652,5,0,0
D148,R045,1,1028.98,172,5,1,1
D149,R045,1,440.24,634,5,1,1
D150,R045,0,442.46,312,5,1,0
D151,R045,1,1660.26,340,5,0,0
D152,R045,0,116.53,512,5,1,0
D153,R045,0,438.64,603,5,1,0
D154,R045,0,847.51,547,5,0,0
D155,R045,1,840.38,240,5,0,0
D156,R045,0,1027.82,169,5,0,0
D157,R045,1,627.17,226,5,1,1
D158,R045,1,1651.62,475,5,0,0
D159,R045,1,624.65,333,5,0,0
D160,R045,0,1656.97,574,5,0,0
D161,R045,1,1657.86,680,5,1,1
D162,R045,0,444.69,637,5,0,0
D163,R045,1,841.15,116,5,1,1
D164,R045,1,115.89,652,5,0,0
D165,R045,1,116.6,198,5,1,1
D166,R045,0,123.93,242,5,0,0
D167,R045,0,121.58,604,5,0,0
D168,R045,0,845.33,76,5,1,0
D169,R045,0,4.84,117,5,0,0
D170,R045,0,1659.71,593,5,1,0
D171,R045,1,1656.17,718,5,1,1
D172,R045,1,619.88,534,5,0,0
D173,R045,0,117.67,255,5,1,0
D174,R045,1,119.65,370,5,0,0
D175,R045,1,1031.86,389,5,1,1
D176,R045,1,121.2,387,5,0,0
D177,R045,1,617.57,448,5,0,0
D178,R045,1,845.03,233,5,1,1
D179,R045,0,438.27,705,5,1,0
D180,R045,1,1145.32,481,5,1,1
D181,R045,1,1653.99,306,5,1,1
D182,R045,1,1654.38,142,5,1,1
D183,R045,1,1034.27,399,5,0,0
D184,R045,1,8.24,347,5,0,0
D185,R045,1,1037.48,640,5,0,0
D186,R045,0,119.06,137,5,1,0
D187,R045,1,115.52,250,5,0,0
D188,R045,1,123.09,458,5,0,0
D189,R045,0,5.84,584,5,0,0
D190,R045,0,1035.72,632,5,0,0
D191,R045,1,841.29,491,5,1,1
D192,R045,1,5.36,465,5,1,1
D193,R045,1,116.42,265,5,0,0
D194,R045,1,1156.86,462,5,0,0
D195,R045,1,843.5,130,5,0,0
D196,R045,1,115.4,550,5,1,1
D197,R045,0,122.08,423,5,0,0
D198,R045,1,1033.01,582,5,1,1
D199,R045,0,843.83,147,5,0,0
D200,R045,0,1148.14,128,5,1,0
D001,R046,1,5.92,298,3,1,1
D002,R046,1,1033.2,492,3,1,1
D003,R046,1,1146.28,609,3,0,0
D004,R046,1,119.57,356,3,0,0
D005,R046,1,840.15,723,3,0,0
D006,R046,1,1147.52,294,3,0,0
D007,R046,1,616.2,529,3,0,0
D008,R046,1,1145.81,581,3,1,1
D009,R046,1,1026.41,317,3,0,0
D010,R046,1,1027.42,63,3,0,0
D011,R046,1,1657.51,603,3,0,0
D012,R046,1,616.35,140,3,1,1
D013,R046,1,443.74,276,3,0,0
D014,R046,1,841.65,81,3,1,1
D015,R046,1,840.29,557,3,1,1
D016,R046,1,1151.92,422,3,1,1
D017,R046,1,444.98,519,3,1,1
D018,R046,1,1144.92,75,3,0,0
D019,R046,1,847.13,525,3,1,1
D020,R046,1,436.92,603,3,1,1
D021,R046,1,7.2,657,3,0,0
D022,R046,1,615.72,134,3,1,1
D023,R046,1,5.93,616,3,1,1
D024,R046,1,1031.1,219,3,1,1
D025,R046,1,840.37,105,3,0,0
D026,R046,1,1148.63,212,3,1,1
D027,R046,1,616.39,165,3,1,1
D028,R046,1,118.57,400,3,1,1
D029,R046,1,120.55,287,3,0,0
D030,R046,1,438.68,345,3,1,1
D031,R046,1,121.03,99,3,0,0
D032,R046,1,122.38,592,3,0,0
D033,R046,1,842.71,394,3,0,0
D034,R046,1,1650.89,371,3,0,0
D035,R046,1,118.27,708,3,1,1
D036,R046,1,4.33,134,3,1,1
D037,R046,1,841.51,590,3,1,1
D038,R046,1,838.05,576,3,0,0
D039,R046,1,444.8,139,3,1,1
D040,R046,1,845.13,615,3,1,1
D041,R046,1,1033.38,459,3,0,0
D042,R046,1,120.81,474,3,0,0
D043,R046,1,444.89,532,3,1,1
D044,R046,1,1650.73,612,3,1,1
D045,R046,1,616.86,304,3,1,1
D046,R046,1,4.29,86,3,0,0
D047,R046,1,121.44,183,3,1,1
D048,R046,1,1032.42,710,3,0,0
D049,R046,1,442.93,334,3,0,0
D050,R046,1,838.61,246,3,1,1
D051,R046,1,617.57,560,3,1,1
D052,R046,1,843.43,655,3,1,1
D053,R046,1,622.96,182,3,1,1
D054,R046,1,1145.94,429,3,1,1
D055,R046,1,1027.32,351,3,1,1
D056,R046,1,438.48,114,3,0,0
D057,R046,1,1650.49,662,3,0,0
D058,R046,1,1649.59,237,3,1,1
D059,R046,1,1142.89,330,3,1,1
D060,R046,1,845.17,642,3,0,0
D061,R046,1,436.27,502,3,1,1
D062,R046,1,1650.17,239,3,0,0
D063,R046,1,445.45,167,3,0,0
D064,R046,1,620.49,178,3,0,0
D065,R046,1,119.85,570,3,0,0
D066,R046,1,1034.46,305,3,1,1
D067,R046,1,1654.52,358,3,1,1
D068,R046,1,1653.54,484,3,1,1
D069,R046,1,1652.37,400,3,0,0
D070,R046,1,117.56,450,3,1,1
D071,R046,1,1146.32,207,3,0,0
D072,R046,1,1144.92,449,3,0,0
D073,R046,1,445.09,708,3,1,1
D074,R046,1,0.9,603,3,1,1
D075,R046,1,1143.16,321,3,0,0
D076,R046,1,444.9,369,3,1,1
D077,R046,1,113.33,341,3,1,1
D078,R046,1,1030.89,316,3,1,1
D079,R046,1,1151.03,485,3,1,1
D080,R046,1,1152.54,362,3,1,1
D081,R046,1,618.84,330,3,1,1
D082,R046,1,438.94,694,3,0,0
D083,R046,1,615.96,98,3,1,1
D084,R046,1,436.54,561,3,1,1
D085,R046,1,1651.62,427,3,0,0
D086,R046,1,1649.43,188,3,1,1
D087,R046,1,849.78,343,3,0,0
D088,R046,1,1153.29,662,3,0,0
D089,R046,1,1144.32,575,3,1,1
D090,R046,1,1033.57,496,3,1,1
D091,R046,1,442.98,392,3,0,0
D092,R046,1,1654.85,407,3,0,0
D093,R046,1,115.77,155,3,1,1
D094,R046,1,619.7,493,3,0,0
D095,R046,1,1029.29,629,3,1,1
D096,R046,1,1657.14,376,3,0,0
D097,R046,1,625.69,489,3,1,1
D098,R046,1,1147.69,143,3,1,1
D099,R046,1,118.46,558,3,1,1
D100,R046,1,1651.89,182,3,0,0
D101,R046,1,119.75,506,3,0,0
D102,R046,1,4.56,692,3,1,1
D103,R046,1,625.15,232,3,1,1
D104,R046,1,4.44,237,3,1,1
D105,R046,1,3.52,214,3,1,1
D106,R046,1,440.1,353,3,1,1
D107,R046,1,2.09,252,3,1,1
D108,R046,1,440.27,509,3,1,1
D109,R046,1,1148.39,455,3,1,1
D110,R046,1,1146.78,377,3,0,0
D111,R046,1,620.84,376,3,1,1
D112,R046,1,847.33,599,3,0,0
D113,R046,1,620.1,303,3,0,0
D114,R046,1,1657.27,511,3,0,0
D115,R046,1,1654.5,440,3,1,1
D116,R046,1,3.03,287,3,0,0
D117,R046,1,617.86,161,3,0,0
D118,R046,1,615.55,141,3,1,1
D119,R046,1,841.51,489,3,1,1
D120,R046,1,435.48,421,3,1,1
D121,R046,1,122.24,456,3,0,0
D122,R046,1,1652.96,406,3,0,0
D123,R046,1,1152.24,97,3,0,0
D124,R046,1,1032.91,352,3,1,1
D125,R046,1,1027.84,569,3,1,1
D126,R046,1,1656.8,362,3,1,1
D127,R046,1,120.37,118,3,0,0
D128,R046,1,122.41,720,3,1,1
D129,R046,1,112.11,467,3,0,0
D130,R046,1,1649.47,279,3,0,0
D131,R046,1,1659.32,387,3,1,1
D132,R046,1,3.51,265,3,1,1
D133,R046,1,838.59,550,3,1,1
D134,R046,1,113.2,715,3,1,1
D135,R046,1,1149.07,414,3,0,0
D136,R046,1,1652.1,654,3,1,1
D137,R046,1,619.66,714,3,0,0
D138,R046,1,1652.19,485,3,1,1
D139,R046,1,843.4,635,3,1,1
D140,R046,1,843.04,223,3,0,0
D141,R046,1,617.9,528,3,0,0
D142,R046,1,840.6,501,3,0,0
D143,R046,1,1657.02,576,3,1,1
D144,R046,1,1655.81,207,3,0,0
D145,R046,1,114.83,395,3,0,0
D146,R046,1,626.35,399,3,1,1
D147,R046,1,121.12,652,3,0,0
D148,R046,1,1028.59,172,3,1,1
D149,R046,1,438.8,634,3,1,1
D150,R046,1,441.01,312,3,1,1
D151,R046,1,1658.09,340,3,0,0
D152,R046,1,115.72,512,3,1,1
D153,R046,1,437.17,603,3,1,1
D154,R046,1,847.7,547,3,0,0
D155,R046,1,840.56,240,3,0,0
D156,R046,1,1027.41,169,3,0,0
D157,R046,1,625.9,226,3,1,1
D158,R046,1,1649.44,475,3,0,0
D159,R046,1,623.39,333,3,0,0
D160,R046,1,1654.79,574,3,0,0
D161,R046,1,1655.68,680,3,1,1
D162,R046,1,443.21,637,3,0,0
D163,R046,1,841.34,116,3,1,1
D164,R046,1,115.2,652,3,0,0
D165,R046,1,115.93,198,3,1,1
D166,R046,1,123.16,242,3,0,0
D167,R046,1,120.8,604,3,0,0
D168,R046,1,845.51,76,3,1,1
D169,R046,1,7.2,117,3,0,0
D170,R046,1,1657.54,593,3,1,1
D171,R046,1,1653.99,718,3,1,1
D172,R046,1,618.61,534,3,0,0
D173,R046,1,116.83,255,3,1,1
D174,R046,1,118.85,370,3,0,0
D175,R046,1,1031.47,389,3,1,1
D176,R046,1,120.44,387,3,0,0
D177,R046,1,616.31,448,3,0,0
D178,R046,1,845.2,233,3,1,1
D179,R046,1,436.79,705,3,1,1
D180,R046,1,1143.17,481,3,1,1
D181,R046,1,1651.81,306,3,1,1
D182,R046,1,1652.2,142,3,1,1
D183,R046,1,1033.88,399,3,0,0
D184,R046,1,5.89,347,3,0,0
D185,R046,1,1037.09,640,3,0,0
D186,R046,1,118.27,137,3,1,1
D187,R046,1,114.69,250,3,0,0
D188,R046,1,122.4,458,3,0,0
D189,R046,1,5.34,584,3,0,0
D190,R046,1,1035.33,632,3,0,0
D191,R046,1,841.47,491,3,1,1
D192,R046,1,3.67,465,3,1,1
D193,R046,1,115.63,265,3,0,0
D194,R046,1,1154.71,462,3,0,0
D195,R046,1,843.67,130,3,0,0
D196,R046,1,114.65,550,3,1,1
D197,R046,1,121.29,423,3,0,0
D198,R046,1,1032.61,582,3,1,1
D199,R046,1,844.01,147,3,0,0
D200,R046,1,1146.0,128,3,1,1
D001,R047,1,1037.78,298,6,1,1
D002,R047,1,5.11,492,6,1,1
D003,R047,1,1756.73,609,6,0,0
D004,R047,1,919.15,356,6,0,0
D005,R047,1,296.15,723,6,0,0
D006,R047,1,1761.19,294,6,0,0
D007,R047,1,521.29,529,6,0,0
D008,R047,1,1757.45,581,6,1,1
D009,R047,1,11.63,317,6,0,0
D010,R047,1,10.74,63,6,0,0
D011,R047,1,1364.06,603,6,0,0
D012,R047,1,522.0,140,6,1,1
D013,R047,1,1377.5,276,6,0,0
D014,R047,1,295.98,81,6,1,1
D015,R047,1,300.27,557,6,1,1
D016,R047,1,1762.05,422,6,1,1
D017,R047,1,1383.69,519,6,1,1
D018,R047,1,1758.39,75,6,0,0
D019,R047,1,295.27,525,6,1,1
D020,R047,1,1375.94,603,6,1,1
D021,R047,1,1045.24,657,6,0,0
D022,R047,1,526.2,134,6,1,1
D023,R047,1,1038.62,616,6,1,1
D024,R047,1,7.07,219,6,1,1
D025,R047,1,298.1,105,6,0,0
D026,R047,1,1762.28,212,6,1,1
D027,R047,1,522.81,165,6,1,1
D028,R047,1,921.94,400,6,1,1
D029,R047,1,919.78,287,6,0,0
D030,R047,1,1374.37,345,6,1,1
D031,R047,1,919.06,99,6,0,0
D032,R047,1,917.1,592,6,0,0
D033,R047,1,299.67,394,6,0,0
D034,R047,1,1356.74,371,6,0,0
D035,R047,1,921.72,708,6,1,1
D036,R047,1,1039.44,134,6,1,1
D037,R047,1,296.14,590,6,1,1
D038,R047,1,298.94,576,6,0,0
D039,R047,1,1379.67,139,6,1,1
D040,R047,1,297.01,615,6,1,1
D041,R047,1,5.79,459,6,0,0
D042,R047,1,918.91,474,6,0,0
D043,R047,1,1378.39,532,6,1,1
D044,R047,1,1355.37,612,6,1,1
D045,R047,1,519.47,304,6,1,1
D046,R047,1,1042.0,86,6,0,0
D047,R047,1,918.04,183,6,1,1
D048,R047,1,6.04,710,6,0,0
D049,R047,1,1379.92,334,6,0,0
D050,R047,1,299.33,246,6,1,1
D051,R047,1,524.24,560,6,1,1
D052,R047,1,293.32,655,6,1,1
D053,R047,1,518.78,182,6,1,1
D054,R047,1,1756.51,429,6,1,1
D055,R047,1,10.8,351,6,1,1
D056,R047,1,1373.38,114,6,0,0
D057,R047,1,1353.12,662,6,0,0
D058,R047,1,1355.99,237,6,1,1
D059,R047,1,1755.0,330,6,1,1
D060,R047,1,294.51,642,6,0,0
D061,R047,1,1373.21,502,6,1,1
D062,R047,1,1352.48,239,6,0,0
D063,R047,1,1383.35,167,6,0,0
D064,R047,1,519.64,178,6,0,0
D065,R047,1,920.55,570,6,0,0
D066,R047,1,4.4,305,6,1,1
D067,R047,1,1359.09,358,6,1,1
D068,R047,1,1357.47,484,6,1,1
D069,R047,1,1359.6,400,6,0,0
D070,R047,1,921.62,450,6,1,1
D071,R047,1,1761.16,207,6,0,0
D072,R047,1,1755.16,449,6,0,0
D073,R047,1,1383.88,708,6,1,1
D074,R047,1,1037.28,603,6,1,1
D075,R047,1,1757.53,321,6,0,0
D076,R047,1,1380.12,369,6,1,1
D077,R047,1,926.21,341,6,1,1
D078,R047,1,8.6,316,6,1,1
D079,R047,1,1760.97,485,6,1,1
D080,R047,1,1762.75,362,6,1,1
D081,R047,1,523.79,330,6,1,1
D082,R047,1,1374.98,694,6,0,0
D083,R047,1,525.93,98,6,1,1
D084,R047,1,1375.99,561,6,1,1
D085,R047,1,1353.48,427,6,0,0
D086,R047,1,1353.17,188,6,1,1
D087,R047,1,292.3,343,6,0,0
D088,R047,1,1765.57,662,6,0,0
D089,R047,1,1758.48,575,6,1,1
D090,R047,1,6.28,496,6,1,1
D091,R047,1,1379.92,392,6,0,0
D092,R047,1,1358.61,407,6,0,0
D093,R047,1,923.16,155,6,1,1
D094,R047,1,523.51,493,6,0,0
D095,R047,1,9.73,629,6,1,1
D096,R047,1,1360.97,376,6,0,0
D097,R047,1,513.96,489,6,1,1
D098,R047,1,1758.5,143,6,1,1
D099,R047,1,920.87,558,6,1,1
D100,R047,1,1353.75,182,6,0,0
D101,R047,1,919.14,506,6,0,0
D102,R047,1,1041.18,692,6,1,1
D103,R047,1,514.91,232,6,1,1
D104,R047,1,1041.97,237,6,1,1
D105,R047,1,1034.77,214,6,1,1
D106,R047,1,1378.42,353,6,1,1
D107,R047,1,1040.0,252,6,1,1
D108,R047,1,1374.85,509,6,1,1
D109,R047,1,1758.06,455,6,1,1
D110,R047,1,1758.36,377,6,0,0
D111,R047,1,523.07,376,6,1,1
D112,R047,1,292.15,599,6,0,0
D113,R047,1,523.93,303,6,0,0
D114,R047,1,1362.33,511,6,0,0
D115,R047,1,1360.69,440,6,1,1
D116,R047,1,1040.61,287,6,0,0
D117,R047,1,525.3,161,6,0,0
D118,R047,1,525.0,141,6,1,1
D119,R047,1,294.33,489,6,1,1
D120,R047,1,1371.74,421,6,1,1
D121,R047,1,916.91,456,6,0,0
D122,R047,1,1359.47,406,6,0,0
D123,R047,1,1763.59,97,6,0,0
D124,R047,1,7.01,352,6,1,1
D125,R047,1,10.3,569,6,1,1
D126,R047,1,1362.37,362,6,1,1
D127,R047,1,918.56,118,6,0,0
D128,R047,1,917.11,720,6,1,1
D129,R047,1,927.5,467,6,0,0
D130,R047,1,1353.62,279,6,0,0
D131,R047,1,1363.26,387,6,1,1
D132,R047,1,1041.31,265,6,1,1
D133,R047,1,300.0,550,6,1,1
D134,R047,1,926.26,715,6,1,1
D135,R047,1,1758.82,414,6,0,0
D136,R047,1,1359.61,654,6,1,1
D137,R047,1,523.8,714,6,0,0
D138,R047,1,1358.21,485,6,1,1
D139,R047,1,298.89,635,6,1,1
D140,R047,1,297.49,223,6,0,0
D141,R047,1,518.74,528,6,0,0
D142,R047,1,299.82,501,6,0,0
D143,R047,1,1361.99,576,6,1,1
D144,R047,1,1361.89,207,6,0,0
D145,R047,1,924.17,395,6,0,0
D146,R047,1,515.09,399,6,1,1
D147,R047,1,918.74,652,6,0,0
D148,R047,1,9.68,172,6,1,1
D149,R047,1,1378.25,634,6,1,1
D150,R047,1,1379.09,312,6,1,1
D151,R047,1,1359.11,340,6,0,0
D152,R047,1,924.22,512,6,1,1
D153,R047,1,1373.13,603,6,1,1
D154,R047,1,296.11,547,6,0,0
D155,R047,1,297.18,240,6,0,0
D156,R047,1,11.05,169,6,0,0
D157,R047,1,516.35,226,6,1,1
D158,R047,1,1356.96,475,6,0,0
D159,R047,1,515.6,333,6,0,0
D160,R047,1,1359.49,574,6,0,0
D161,R047,1,1360.84,680,6,1,1
D162,R047,1,1378.07,637,6,0,0
D163,R047,1,298.73,116,6,1,1
D164,R047,1,923.76,652,6,0,0
D165,R047,1,922.9,198,6,1,1
D166,R047,1,916.47,242,6,0,0
D167,R047,1,918.89,604,6,0,0
D168,R047,1,296.74,76,6,1,1
D169,R047,1,1040.29,117,6,0,0
D170,R047,1,1358.82,593,6,1,1
D171,R047,1,1356.77,718,6,1,1
D172,R047,1,522.92,534,6,0,0
D173,R047,1,923.43,255,6,1,1
D174,R047,1,920.94,370,6,0,0
D175,R047,1,8.28,389,6,1,1
D176,R047,1,919.07,387,6,0,0
D177,R047,1,520.47,448,6,0,0
D178,R047,1,293.29,233,6,1,1
D179,R047,1,1372.48,705,6,1,1
D180,R047,1,1754.96,481,6,1,1
D181,R047,1,1357.2,306,6,1,1
D182,R047,1,1359.46,142,6,1,1
D183,R047,1,6.26,399,6,0,0
D184,R047,1,1038.62,347,6,0,0
D185,R047,1,1.12,640,6,0,0
D186,R047,1,921.46,137,6,1,1
D187,R047,1,925.29,250,6,0,0
D188,R047,1,916.57,458,6,0,0
D189,R047,1,1032.78,584,6,0,0
D190,R047,1,4.4,632,6,0,0
D191,R047,1,298.51,491,6,1,1
D192,R047,1,1034.66,465,6,1,1
D193,R047,1,924.07,265,6,0,0
D194,R047,1,1764.52,462,6,0,0
D195,R047,1,294.43,130,6,0,0
D196,R047,1,924.65,550,6,1,1
D197,R047,1,918.5,423,6,0,0
D198,R047,1,5.55,582,6,1,1
D199,R047,1,296.16,147,6,0,0
D200,R047,1,1758.97,128,6,1,1
D001,R048,0,8.69,298,7,1,0
D002,R048,0,1040.16,492,7,1,0
D003,R048,0,1145.28,609,7,0,0
D004,R048,0,126.6,356,7,0,0
D005,R048,0,846.66,723,7,0,0
D006,R048,0,1146.48,294,7,0,0
D007,R048,0,623.06,529,7,0,0
D008,R048,1,1144.8,581,7,1,1
D009,R048,1,1033.37,317,7,0,0
D010,R048,0,1034.38,63,7,0,0
D011,R048,0,1662.36,603,7,0,0
D012,R048,0,623.21,140,7,1,0
D013,R048,0,439.87,276,7,0,0
D014,R048,0,848.16,81,7,1,0
D015,R048,0,846.78,557,7,1,0
D016,R048,0,1150.91,422,7,1,0
D017,R048,0,440.99,519,7,1,0
D018,R048,0,1143.9,75,7,0,0
D019,R048,0,853.63,525,7,1,0
D020,R048,0,432.95,603,7,1,0
D021,R048,0,0.98,657,7,0,0
D022,R048,0,622.56,134,7,1,0
D023,R048,0,8.0,616,7,1,0
D024,R048,0,1038.06,219,7,1,0
D025,R048,0,846.87,105,7,0,0
D026,R048,0,1147.6,212,7,1,0
D027,R048,0,623.24,165,7,1,0
D028,R048,0,125.61,400,7,1,0
D029,R048,0,127.59,287,7,0,0
D030,R048,1,434.78,345,7,1,1
D031,R048,0,128.07,99,7,0,0
D032,R048,0,129.42,592,7,0,0
D033,R048,0,849.2,394,7,0,0
D034,R048,0,1655.75,371,7,0,0
D035,R048,0,125.31,708,7,1,0
D036,R048,0,7.6,134,7,1,0
D037,R048,0,848.02,590,7,1,0
D038,R048,0,844.55,576,7,0,0
D039,R048,0,440.9,139,7,1,0
D040,R048,0,851.62,615,7,1,0
D041,R048,1,1040.33,459,7,0,0
D042,R048,0,127.85,474,7,0,0
D043,R048,0,441.02,532,7,1,0
D044,R048,1,1655.59,612,7,1,1
D045,R048,0,623.72,304,7,1,0
D046,R048,0,3.04,86,7,0,0
D047,R048,0,128.48,183,7,1,0
D048,R048,1,1039.37,710,7,0,0
D049,R048,1,438.98,334,7,0,0
D050,R048,1,845.11,246,7,1,1
D051,R048,0,624.41,560,7,1,0
D052,R048,0,849.94,655,7,1,0
D053,R048,0,629.81,182,7,1,0
D054,R048,0,1144.94,429,7,1,0
D055,R048,0,1034.27,351,7,1,0
D056,R048,0,434.6,114,7,0,0
D057,R048,0,1655.36,662,7,0,0
D058,R048,0,1654.45,237,7,1,0
D059,R048,0,1141.88,330,7,1,0
D060,R048,0,851.68,642,7,0,0
D061,R048,1,432.36,502,7,1,1
D062,R048,0,1655.05,239,7,0,0
D063,R048,0,441.47,167,7,0,0
D064,R048,0,627.34,178,7,0,0
D065,R048,0,126.89,570,7,0,0
D066,R048,0,1041.41,305,7,1,0
D067,R048,0,1659.38,358,7,1,0
D068,R048,0,1658.4,484,7,1,0
D069,R048,0,1657.21,400,7,0,0
D070,R048,0,124.6,450,7,1,0
D071,R048,0,1145.27,207,7,0,0
D072,R048,0,1143.92,449,7,0,0
D073,R048,0,441.09,708,7,1,0
D074,R048,0,7.88,603,7,1,0
D075,R048,0,1142.12,321,7,0,0
D076,R048,0,440.99,369,7,1,0
D077,R048,0,120.37,341,7,1,0
D078,R048,0,1037.85,316,7,1,0
D079,R048,0,1150.03,485,7,1,0
D080,R048,0,1151.53,362,7,1,0
D081,R048,1,625.68,330,7,1,1
D082,R048,0,435.03,694,7,0,0
D083,R048,0,622.8,98,7,1,0
D084,R048,0,432.56,561,7,1,0
D085,R048,0,1656.49,427,7,0,0
D086,R048,0,1654.3,188,7,1,0
D087,R048,0,856.29,343,7,0,0
D088,R048,0,1152.25,662,7,0,0
D089,R048,1,1143.28,575,7,1,1
D090,R048,0,1040.53,496,7,1,0
D091,R048,0,439.04,392,7,0,0
D092,R048,0,1659.72,407,7,0,0
D093,R048,0,122.81,155,7,1,0
D094,R048,0,626.54,493,7,0,0
D095,R048,0,1036.25,629,7,1,0
D096,R048,0,1662.0,376,7,0,0
D097,R048,0,632.55,489,7,1,0
D098,R048,0,1146.69,143,7,1,0
D099,R048,0,125.5,558,7,1,0
D100,R048,0,1656.77,182,7,0,0
D101,R048,0,126.78,506,7,0,0
D102,R048,0,5.83,692,7,1,0
D103,R048,1,632.0,232,7,1,1
D104,R048,0,3.19,237,7,1,0
D105,R048,1,10.23,214,7,1,1
D106,R048,0,436.13,353,7,1,0
D107,R048,0,5.31,252,7,1,0
D108,R048,0,436.39,509,7,1,0
D109,R048,0,1147.4,455,7,1,0
D110,R048,0,1145.76,377,7,0,0
D111,R048,0,627.68,376,7,1,0
D112,R048,0,853.84,599,7,0,0
D113,R048,0,626.93,303,7,0,0
D114,R048,0,1662.13,511,7,0,0
D115,R048,0,1659.35,440,7,1,0
D116,R048,0,5.16,287,7,0,0
D117,R048,0,624.7,161,7,0,0
D118,R048,0,622.39,141,7,1,0
D119,R048,0,848.02,489,7,1,0
D120,R048,0,431.59,421,7,1,0
D121,R048,0,129.28,456,7,0,0
D122,R048,0,1657.81,406,7,0,0
D123,R048,0,1151.22,97,7,0,0
D124,R048,1,1039.87,352,7,1,1
D125,R048,1,1034.8,569,7,1,1
D126,R048,0,1661.65,362,7,1,0
D127,R048,1,127.4,118,7,0,0
D128,R048,0,129.45,720,7,1,0
D129,R048,0,119.15,467,7,0,0
D130,R048,0,1654.33,279,7,0,0
D131,R048,0,1664.17,387,7,1,0
D132,R048,0,3.69,265,7,1,0
D133,R048,0,845.09,550,7,1,0
D134,R048,0,120.24,715,7,1,0
D135,R048,0,1148.07,414,7,0,0
D136,R048,0,1656.94,654,7,1,0
D137,R048,0,626.5,714,7,0,0
D138,R048,0,1657.04,485,7,1,0
D139,R048,0,849.89,635,7,1,0
D140,R048,1,849.54,223,7,0,0
D141,R048,0,624.76,528,7,0,0
D142,R048,1,847.09,501,7,0,0
D143,R048,0,1661.87,576,7,1,0
D144,R048,0,1660.66,207,7,0,0
D145,R048,0,121.87,395,7,0,0
D146,R048,1,633.2,399,7,1,1
D147,R048,1,128.17,652,7,0,0
D148,R048,0,1035.54,172,7,1,0
D149,R048,0,434.81,634,7,1,0
D150,R048,0,437.05,312,7,1,0
D151,R048,1,1662.96,340,7,0,0
D152,R048,0,122.76,512,7,1,0
D153,R048,0,433.27,603,7,1,0
D154,R048,0,854.19,547,7,0,0
D155,R048,0,847.06,240,7,0,0
D156,R048,0,1034.37,169,7,0,0
D157,R048,1,632.75,226,7,1,1
D158,R048,0,1654.29,475,7,0,0
D159,R048,0,630.25,333,7,0,0
D160,R048,0,1659.65,574,7,0,0
D161,R048,0,1660.53,680,7,1,0
D162,R048,0,439.32,637,7,0,0
D163,R048,0,847.83,116,7,1,0
D164,R048,1,122.23,652,7,0,0
D165,R048,0,122.96,198,7,1,0
D166,R048,0,130.2,242,7,0,0
D167,R048,0,127.85,604,7,0,0
D168,R048,0,852.01,76,7,1,0
D169,R048,0,7.46,117,7,0,0
D170,R048,0,1662.41,593,7,1,0
D171,R048,1,1658.86,718,7,1,1
D172,R048,0,625.45,534,7,0,0
D173,R048,0,123.86,255,7,1,0
D174,R048,0,125.89,370,7,0,0
D175,R048,0,1038.43,389,7,1,0
D176,R048,0,127.48,387,7,0,0
D177,R048,1,623.17,448,7,0,0
D178,R048,1,851.71,233,7,1,1
D179,R048,0,432.9,705,7,1,0
D180,R048,1,1142.16,481,7,1,1
D181,R048,0,1656.67,306,7,1,0
D182,R048,0,1657.05,142,7,1,0
D183,R048,0,1040.83,399,7,0,0
D184,R048,1,9.45,347,7,0,0
D185,R048,0,1044.04,640,7,0,0
D186,R048,0,125.31,137,7,1,0
D187,R048,0,121.73,250,7,0,0
D188,R048,0,129.44,458,7,0,0
D189,R048,0,12.22,584,7,0,0
D190,R048,0,1042.29,632,7,0,0
D191,R048,0,847.96,491,7,1,0
D192,R048,0,10.64,465,7,1,0
D193,R048,0,122.67,265,7,0,0
D194,R048,0,1153.71,462,7,0,0
D195,R048,0,850.18,130,7,0,0
D196,R048,1,121.69,550,7,1,1
D197,R048,0,128.33,423,7,0,0
D198,R048,0,1039.56,582,7,1,0
D199,R048,0,850.51,147,7,0,0
D200,R048,0,1144.97,128,7,1,0
D001,R049,1,5.8,298,9,1,1
D002,R049,0,1034.3,492,9,1,0
D003,R049,0,1146.22,609,9,0,0
D004,R049,0,120.69,356,9,0,0
D005,R049,0,841.16,723,9,0,0
D006,R049,0,1147.45,294,9,0,0
D007,R049,0,617.33,529,9,0,0
D008,R049,1,1145.75,581,9,1,1
D009,R049,1,1027.51,317,9,0,0
D010,R049,0,1028.52,63,9,0,0
D011,R049,0,1658.37,603,9,0,0
D012,R049,0,617.48,140,9,1,0
D013,R049,0,443.21,276,9,0,0
D014,R049,0,842.66,81,9,1,0
D015,R049,1,841.29,557,9,1,1
D016,R049,0,1151.86,422,9,1,0
D017,R049,0,444.42,519,9,1,0
D018,R049,0,1144.86,75,9,0,0
D019,R049,0,848.13,525,9,1,0
D020,R049,0,436.36,603,9,1,0
D021,R049,0,6.1,657,9,0,0
D022,R049,0,616.84,134,9,1,0
D023,R049,0,5.65,616,9,1,0
D024,R049,0,1032.2,219,9,1,0
D025,R049,0,841.37,105,9,0,0
D026,R049,0,1148.57,212,9,1,0
D027,R049,1,617.51,165,9,1,1
D028,R049,0,119.71,400,9,1,0
D029,R049,1,121.68,287,9,0,0
D030,R049,1,438.14,345,9,1,1
D031,R049,0,122.16,99,9,0,0
D032,R049,0,123.5,592,9,0,0
D033,R049,1,843.71,394,9,0,0
D034,R049,0,1651.75,371,9,0,0
D035,R049,0,119.4,708,9,1,0
D036,R049,0,4.38,134,9,1,0
D037,R049,1,842.51,590,9,1,1
D038,R049,0,839.05,576,9,0,0
D039,R049,0,444.26,139,9,1,0
D040,R049,0,846.13,615,9,1,0
D041,R049,1,1034.48,459,9,0,0
D042,R049,0,121.94,474,9,0,0
D043,R049,0,444.35,532,9,1,0
D044,R049,1,1651.58,612,9,1,1
D045,R049,0,617.99,304,9,1,0
D046,R049,0,3.17,86,9,0,0
D047,R049,1,122.57,183,9,1,1
D048,R049,1,1033.52,710,9,0,0
D049,R049,1,442.38,334,9,0,0
D050,R049,1,839.61,246,9,1,1
D051,R049,0,618.69,560,9,1,0
D052,R049,0,844.43,655,9,1,0
D053,R049,0,624.08,182,9,1,0
D054,R049,0,1145.88,429,9,1,0
D055,R049,0,1028.42,351,9,1,0
D056,R049,1,437.94,114,9,0,0
D057,R049,0,1651.35,662,9,0,0
D058,R049,0,1650.45,237,9,1,0
D059,R049,0,1142.83,330,9,1,0
D060,R049,0,846.17,642,9,0,0
D061,R049,1,435.73,502,9,1,1
D062,R049,1,1651.03,239,9,0,0
D063,R049,1,444.89,167,9,0,0
D064,R049,1,621.61,178,9,0,0
D065,R049,0,120.98,570,9,0,0
D066,R049,0,1035.55,305,9,1,0
D067,R049,0,1655.38,358,9,1,0
D068,R049,0,1654.39,484,9,1,0
D069,R049,0,1653.22,400,9,0,0
D070,R049,0,118.69,450,9,1,0
D071,R049,0,1146.25,207,9,0,0
D072,R049,1,1144.86,449,9,0,0
D073,R049,0,444.53,708,9,1,0
D074,R049,0,2.01,603,9,1,0
D075,R049,0,1143.09,321,9,0,0
D076,R049,0,444.35,369,9,1,0
D077,R049,0,114.46,341,9,1,0
D078,R049,0,1031.99,316,9,1,0
D079,R049,0,1150.97,485,9,1,0
D080,R049,0,1152.48,362,9,1,0
D081,R049,1,619.96,330,9,1,1
D082,R049,0,438.39,694,9,0,0
D083,R049,0,617.08,98,9,1,0
D084,R049,0,435.98,561,9,1,0
D085,R049,1,1652.47,427,9,0,0
D086,R049,0,1650.29,188,9,1,0
D087,R049,0,850.79,343,9,0,0
D088,R049,0,1153.22,662,9,0,0
D089,R049,1,1144.25,575,9,1,1
D090,R049,0,1034.67,496,9,1,0
D091,R049,0,442.43,392,9,0,0
D092,R049,0,1655.71,407,9,0,0
D093,R049,0,116.9,155,9,1,0
D094,R049,1,620.82,493,9,0,0
D095,R049,0,1030.39,629,9,1,0
D096,R049,1,1657.99,376,9,0,0
D097,R049,0,626.82,489,9,1,0
D098,R049,0,1147.63,143,9,1,0
D099,R049,0,119.59,558,9,1,0
D100,R049,0,1652.75,182,9,0,0
D101,R049,0,120.87,506,9,0,0
D102,R049,1,4.13,692,9,1,1
D103,R049,1,626.27,232,9,1,1
D104,R049,0,3.35,237,9,1,0
D105,R049,1,4.49,214,9,1,1
D106,R049,0,439.54,353,9,1,0
D107,R049,1,1.32,252,9,1,1
D108,R049,0,439.73,509,9,1,0
D109,R049,1,1148.34,455,9,1,1
D110,R049,0,1146.72,377,9,0,0
D111,R049,1,621.96,376,9,1,1
D112,R049,0,848.33,599,9,0,0
D113,R049,0,621.22,303,9,0,0
D114,R049,0,1658.13,511,9,0,0
D115,R049,0,1655.35,440,9,1,0
D116,R049,0,2.39,287,9,0,0
D117,R049,1,618.98,161,9,0,0
D118,R049,0,616.67,141,9,1,0
D119,R049,0,842.52,489,9,1,0
D120,R049,0,434.94,421,9,1,0
D121,R049,1,123.36,456,9,0,0
D122,R049,1,1653.82,406,9,0,0
D123,R049,0,1152.18,97,9,0,0
D124,R049,1,1034.01,352,9,1,1
D125,R049,1,1028.94,569,9,1,1
D126,R049,0,1657.66,362,9,1,0
D127,R049,1,121.49,118,9,0,0
D128,R049,0,123.54,720,9,1,0
D129,R049,0,113.24,467,9,0,0
D130,R049,1,1650.32,279,9,0,0
D131,R049,0,1660.17,387,9,1,0
D132,R049,0,2.39,265,9,1,0
D133,R049,0,839.59,550,9,1,0
D134,R049,0,114.33,715,9,1,0
D135,R049,0,1149.01,414,9,0,0
D136,R049,0,1652.95,654,9,1,0
D137,R049,0,620.79,714,9,0,0
D138,R049,0,1653.04,485,9,1,0
D139,R049,0,844.4,635,9,1,0
D140,R049,1,844.04,223,9,0,0
D141,R049,0,619.02,528,9,0,0
D142,R049,1,841.6,501,9,0,0
D143,R049,0,1657.88,576,9,1,0
D144,R049,0,1656.66,207,9,0,0
D145,R049,0,115.95,395,9,0,0
D146,R049,1,627.47,399,9,1,1
D147,R049,1,122.25,652,9,0,0
D148,R049,0,1029.69,172,9,1,0
D149,R049,0,438.24,634,9,1,0
D150,R049,0,440.46,312,9,1,0
D151,R049,1,1658.95,340,9,0,0
D152,R049,1,116.85,512,9,1,1
D153,R049,0,436.62,603,9,1,0
D154,R049,0,848.7,547,9,0,0
D155,R049,0,841.56,240,9,0,0
D156,R049,0,1028.51,169,9,0,0
D157,R049,1,627.02,226,9,1,1
D158,R049,0,1650.3,475,9,0,0
D159,R049,0,624.51,333,9,0,0
D160,R049,1,1655.65,574,9,0,0
D161,R049,0,1656.54,680,9,1,0
D162,R049,1,442.67,637,9,0,0
D163,R049,0,842.34,116,9,1,0
D164,R049,1,116.32,652,9,0,0
D165,R049,0,117.05,198,9,1,0
D166,R049,0,124.29,242,9,0,0
D167,R049,0,121.93,604,9,0,0
D168,R049,0,846.51,76,9,1,0
D169,R049,1,6.67,117,9,0,0
D170,R049,0,1658.4,593,9,1,0
D171,R049,1,1654.85,718,9,1,1
D172,R049,0,619.73,534,9,0,0
D173,R049,1,117.96,255,9,1,1
D174,R049,0,119.98,370,9,0,0
D175,R049,0,1032.57,389,9,1,0
D176,R049,0,121.57,387,9,0,0
D177,R049,1,617.44,448,9,0,0
D178,R049,1,846.21,233,9,1,1
D179,R049,0,436.25,705,9,1,0
D180,R049,1,1143.11,481,9,1,1
D181,R049,0,1652.66,306,9,1,0
D182,R049,0,1653.05,142,9,1,0
D183,R049,0,1034.98,399,9,0,0
D184,R049,1,6.17,347,9,0,0
D185,R049,0,1038.19,640,9,0,0
D186,R049,1,119.4,137,9,1,1
D187,R049,0,115.83,250,9,0,0
D188,R049,0,123.53,458,9,0,0
D189,R049,0,6.39,584,9,0,0
D190,R049,1,1036.43,632,9,0,0
D191,R049,0,842.47,491,9,1,0
D192,R049,0,4.8,465,9,1,0
D193,R049,0,116.76,265,9,0,0
D194,R049,0,1154.66,462,9,0,0
D195,R049,0,844.68,130,9,0,0
D196,R049,1,115.78,550,9,1,1
D197,R049,0,122.42,423,9,0,0
D198,R049,0,1033.7,582,9,1,0
D199,R049,0,845.01,147,9,0,0
D200,R049,1,1145.94,128,9,1,1
D001,R050,1,626.17,298,8,1,1
D002,R050,0,510.85,492,8,1,0
D003,R050,0,1256.05,609,8,0,0
D004,R050,0,510.56,356,8,0,0
D005,R050,0,493.09,723,8,0,0
D006,R050,0,1260.13,294,8,0,0
D007,R050,0,7.98,529,8,0,0
D008,R050,1,1256.61,581,8,1,1
D009,R050,1,505.51,317,8,0,0
D010,R050,0,507.24,63,8,0,0
D011,R050,0,1186.18,603,8,0,0
D012,R050,0,7.93,140,8,1,0
D013,R050,0,883.24,276,8,0,0
D014,R050,1,494.73,81,8,1,1
D015,R050,1,496.94,557,8,1,1
D016,R050,1,1261.54,422,8,1,1
D017,R050,0,890.35,519,8,1,0
D018,R050,1,1257.3,75,8,0,0
D019,R050,1,500.5,525,8,1,1
D020,R050,0,883.07,603,8,1,0
D021,R050,0,630.91,657,8,0,0
D022,R050,0,10.54,134,8,1,0
D023,R050,0,626.95,616,8,1,0
D024,R050,0,509.1,219,8,1,0
D025,R050,1,495.1,105,8,0,0
D026,R050,1,1261.25,212,8,1,1
D027,R050,1,8.15,165,8,1,1
D028,R050,0,508.32,400,8,1,0
D029,R050,1,506.67,287,8,0,0
D030,R050,1,880.75,345,8,1,1
D031,R050,0,506.54,99,8,0,0
D032,R050,0,506.21,592,8,0,0
D033,R050,1,499.24,394,8,0,0
D034,R050,0,1178.83,371,8,0,0
D035,R050,1,509.25,708,8,1,1
D036,R050,1,623.95,134,8,1,1
D037,R050,1,494.7,590,8,1,1
D038,R050,0,493.11,576,8,0,0
D039,R050,0,885.58,139,8,1,0
D040,R050,0,499.7,615,8,1,0
D041,R050,1,513.34,459,8,0,0
D042,R050,0,507.26,474,8,0,0
D043,R050,1,884.04,532,8,1,1
D044,R050,1,1178.11,612,8,1,1
D045,R050,0,7.52,304,8,1,0
D046,R050,1,628.47,86,8,0,0
D047,R050,1,507.08,183,8,1,1
D048,R050,1,511.92,710,8,0,0
D049,R050,1,886.34,334,8,0,0
D050,R050,1,494.13,246,8,1,1
D051,R050,1,8.48,560,8,1,1
D052,R050,0,494.44,655,8,1,0
D053,R050,0,3.0,182,8,1,0
D054,R050,0,1255.81,429,8,1,0
D055,R050,0,507.0,351,8,1,0
D056,R050,1,879.62,114,8,0,0
D057,R050,0,1176.92,662,8,0,0
D058,R050,0,1177.71,237,8,1,0
D059,R050,0,1254.04,330,8,1,0
D060,R050,1,497.55,642,8,0,0
D061,R050,1,879.96,502,8,1,1
D062,R050,1,1176.44,239,8,0,0
D063,R050,1,889.82,167,8,0,0
D064,R050,1,4.09,178,8,0,0
D065,R050,1,507.24,570,8,0,0
D066,R050,1,513.89,305,8,1,1
D067,R050,1,1182.09,358,8,1,1
D068,R050,0,1180.76,484,8,1,0
D069,R050,1,1181.04,400,8,0,0
D070,R050,0,511.26,450,8,1,0
D071,R050,1,1259.93,207,8,0,0
D072,R050,1,1254.48,449,8,0,0
D073,R050,0,890.55,708,8,1,0
D074,R050,0,623.29,603,8,1,0
D075,R050,0,1256.29,321,8,0,0
D076,R050,0,886.09,369,8,1,0
D077,R050,0,514.54,341,8,1,0
D078,R050,0,507.36,316,8,1,0
D079,R050,0,1260.47,485,8,1,0
D080,R050,0,1262.24,362,8,1,0
D081,R050,1,7.89,330,8,1,1
D082,R050,0,881.42,694,8,0,0
D083,R050,0,10.26,98,8,1,0
D084,R050,1,883.22,561,8,1,1
D085,R050,1,1177.77,427,8,0,0
D086,R050,1,1176.32,188,8,1,1
D087,R050,0,500.98,343,8,0,0
D088,R050,0,1264.82,662,8,0,0
D089,R050,1,1257.29,575,8,1,1
D090,R050,1,509.91,496,8,1,1
D091,R050,0,886.32,392,8,0,0
D092,R050,0,1182.07,407,8,0,0
D093,R050,0,513.48,155,8,1,0
D094,R050,1,7.63,493,8,0,0
D095,R050,1,506.18,629,8,1,1
D096,R050,1,1184.53,376,8,0,0
D097,R050,1,1.97,489,8,1,1
D098,R050,1,1257.8,143,8,1,1
D099,R050,1,510.11,558,8,1,1
D100,R050,0,1178.06,182,8,0,0
D101,R050,0,509.92,506,8,0,0
D102,R050,1,625.85,692,8,1,1
D103,R050,1,1.08,232,8,1,1
D104,R050,0,628.6,237,8,1,0
D105,R050,1,621.64,214,8,1,1
D106,R050,0,885.25,353,8,1,0
D107,R050,1,625.73,252,8,1,1
D108,R050,1,880.93,509,8,1,1
D109,R050,1,1257.53,455,8,1,1
D110,R050,1,1257.55,377,8,0,0
D111,R050,1,7.38,376,8,1,1
D112,R050,0,498.0,599,8,0,0
D113,R050,0,8.16,303,8,0,0
D114,R050,1,1185.24,511,8,0,0
D115,R050,0,1182.82,440,8,1,0
D116,R050,1,625.96,287,8,0,0
D117,R050,1,9.4,161,8,0,0
D118,R050,0,9.76,141,8,1,0
D119,R050,0,493.07,489,8,1,0
D120,R050,0,878.39,421,8,1,0
D121,R050,1,507.0,456,8,0,0
D122,R050,1,1181.33,406,8,0,0
D123,R050,0,1262.93,97,8,0,0
D124,R050,1,509.16,352,8,1,1
D125,R050,1,506.17,569,8,1,1
D126,R050,0,1184.97,362,8,1,0
D127,R050,1,509.25,118,8,0,0
D128,R050,1,506.11,720,8,1,1
D129,R050,1,515.57,467,8,0,0
D130,R050,1,1176.54,279,8,0,0
D131,R050,0,1186.89,387,8,1,0
D132,R050,0,627.7,265,8,1,0
D133,R050,0,494.7,550,8,1,0
D134,R050,0,514.8,715,8,1,0
D135,R050,0,1258.3,414,8,0,0
D136,R050,0,1180.88,654,8,1,0
D137,R050,0,7.94,714,8,0,0
D138,R050,1,1180.29,485,8,1,1
D139,R050,0,499.34,635,8,1,0
D140,R050,1,497.7,223,8,0,0
D141,R050,1,6.53,528,8,0,0
D142,R050,1,496.91,501,8,0,0
D143,R050,0,1184.93,576,8,1,0
D144,R050,0,1184.16,207,8,0,0
D145,R050,1,514.21,395,8,0,0
D146,R050,1,2.31,399,8,1,1
D147,R050,1,506.75,652,8,0,0
D148,R050,0,508.46,172,8,1,0
D149,R050,1,885.37,634,8,1,1
D150,R050,0,885.82,312,8,1,0
D151,R050,1,1184.24,340,8,0,0
D152,R050,1,511.72,512,8,1,1
D153,R050,1,879.63,603,8,1,1
D154,R050,1,501.89,547,8,0,0
D155,R050,0,494.5,240,8,0,0
D156,R050,0,505.07,169,8,0,0
D157,R050,1,2.69,226,8,1,1
D158,R050,0,1178.07,475,8,0,0
D159,R050,0,1.35,333,8,0,0
D160,R050,1,1182.44,574,8,0,0
D161,R050,0,1183.6,680,8,1,0
D162,R050,1,884.06,637,8,0,0
D163,R050,0,496.8,116,8,1,0
D164,R050,1,513.97,652,8,0,0
D165,R050,1,513.61,198,8,1,1
D166,R050,1,505.22,242,8,0,0
D167,R050,0,507.31,604,8,0,0
D168,R050,1,499.91,76,8,1,1
D169,R050,1,628.85,117,8,0,0
D170,R050,0,1183.78,593,8,1,0
D171,R050,1,1180.71,718,8,1,1
D172,R050,0,7.14,534,8,0,0
D173,R050,1,510.26,255,8,1,1
D174,R050,0,508.98,370,8,0,0
D175,R050,0,512.4,389,8,1,0
D176,R050,1,507.95,387,8,0,0
D177,R050,1,7.91,448,8,0,0
D178,R050,1,496.51,233,8,1,1
D179,R050,1,878.95,705,8,1,1
D180,R050,1,1254.05,481,8,1,1
D181,R050,0,1179.6,306,8,1,0
D182,R050,0,1180.87,142,8,1,0
D183,R050,0,514.36,399,8,0,0
D184,R050,1,622.52,347,8,0,0
D185,R050,1,515.33,640,8,0,0
D186,R050,1,509.63,137,8,1,1
D187,R050,0,512.62,250,8,0,0
D188,R050,0,507.24,458,8,0,0
D189,R050,1,619.66,584,8,0,0
D190,R050,1,515.09,632,8,0,0
D191,R050,1,496.76,491,8,1,1
D192,R050,1,620.51,465,8,1,1
D193,R050,0,512.13,265,8,0,0
D194,R050,0,1264.12,462,8,0,0
D195,R050,1,495.73,130,8,0,0
D196,R050,1,513.72,550,8,1,1
D197,R050,1,506.7,423,8,0,0
D198,R050,1,510.55,582,8,1,1
D199,R050,0,497.65,147,8,0,0
D200,R050,1,1257.97,128,8,1,1
